evidence_id,paper_id,zotero_key,doi,title,value_type,raw_value,raw_unit,normalized_value,normalized_unit,page_hint,evidence_anchor,formulation,wavelength_nm,figure_id,data_role,evidence_lane,confidence_class,audit_status,visual_audit_reference,source_json,notes
AUD20260828-0001,zotero_LF43QEJD,LF43QEJD,10.1109/ICOP56156.2022.9911711,The Influence of Photoinitiator Concentration on the Two-Photon Polymerization Threshold of Pentaerythritol Triacrylate (PETIA) Monomer,pi_loading,0.1,phr,0.1,phr,2,TABLE I: PETIA (0.1) / Irgacure 819 (0.1),PETIA; Irgacure 819,,,numeric,text_exact,high_manual_visual_qc,accepted,local_only/visual_audit_not_published,local_only/source_json_not_published,Composition checked against the rendered Table I on PDF page 2.
AUD20260828-0002,zotero_LF43QEJD,LF43QEJD,10.1109/ICOP56156.2022.9911711,The Influence of Photoinitiator Concentration on the Two-Photon Polymerization Threshold of Pentaerythritol Triacrylate (PETIA) Monomer,pi_loading,0.2,phr,0.2,phr,2,TABLE I: PETIA (0.2) / Irgacure 819 (0.2),PETIA; Irgacure 819,,,numeric,text_exact,high_manual_visual_qc,accepted,local_only/visual_audit_not_published,local_only/source_json_not_published,Composition checked against the rendered Table I on PDF page 2.
AUD20260828-0003,zotero_LF43QEJD,LF43QEJD,10.1109/ICOP56156.2022.9911711,The Influence of Photoinitiator Concentration on the Two-Photon Polymerization Threshold of Pentaerythritol Triacrylate (PETIA) Monomer,pi_loading,0.5,phr,0.5,phr,2,TABLE I: PETIA (0.5) / Irgacure 819 (0.5),PETIA; Irgacure 819,,,numeric,text_exact,high_manual_visual_qc,accepted,local_only/visual_audit_not_published,local_only/source_json_not_published,Composition checked against the rendered Table I on PDF page 2.
AUD20260828-0004,zotero_LF43QEJD,LF43QEJD,10.1109/ICOP56156.2022.9911711,The Influence of Photoinitiator Concentration on the Two-Photon Polymerization Threshold of Pentaerythritol Triacrylate (PETIA) Monomer,polymerization_threshold_laser_power,12,mW,12,mW,2,"The minimum laser power was 12, 7, and 3 mW for PETIA (0.1), PETIA (0.2), and PETIA (0.5), respectively.",PETIA (0.1),,,numeric,text_exact,high_manual_visual_qc,accepted,local_only/visual_audit_not_published,local_only/source_json_not_published,Threshold value manually verified on the rendered PDF page 2.
AUD20260828-0005,zotero_LF43QEJD,LF43QEJD,10.1109/ICOP56156.2022.9911711,The Influence of Photoinitiator Concentration on the Two-Photon Polymerization Threshold of Pentaerythritol Triacrylate (PETIA) Monomer,damage_threshold_laser_power,70,mW,70,mW,2,PETIA (0.1) and PETIA (0.2): 70 mW; PETIA (0.5): 110 mW; above these values the photoresists started burning.,PETIA (0.1),,,numeric,text_exact,high_manual_visual_qc,accepted,local_only/visual_audit_not_published,local_only/source_json_not_published,Damage threshold manually checked against Figure 1 and the results paragraph.
AUD20260828-0006,zotero_LF43QEJD,LF43QEJD,10.1109/ICOP56156.2022.9911711,The Influence of Photoinitiator Concentration on the Two-Photon Polymerization Threshold of Pentaerythritol Triacrylate (PETIA) Monomer,polymerization_threshold_laser_power,7,mW,7,mW,2,"The minimum laser power was 12, 7, and 3 mW for PETIA (0.1), PETIA (0.2), and PETIA (0.5), respectively.",PETIA (0.2),,,numeric,text_exact,high_manual_visual_qc,accepted,local_only/visual_audit_not_published,local_only/source_json_not_published,Threshold value manually verified on the rendered PDF page 2.
AUD20260828-0008,zotero_LF43QEJD,LF43QEJD,10.1109/ICOP56156.2022.9911711,The Influence of Photoinitiator Concentration on the Two-Photon Polymerization Threshold of Pentaerythritol Triacrylate (PETIA) Monomer,polymerization_threshold_laser_power,3,mW,3,mW,2,"The minimum laser power was 12, 7, and 3 mW for PETIA (0.1), PETIA (0.2), and PETIA (0.5), respectively.",PETIA (0.5),,,numeric,text_exact,high_manual_visual_qc,accepted,local_only/visual_audit_not_published,local_only/source_json_not_published,Threshold value manually verified on the rendered PDF page 2.
AUD20260828-0009,zotero_LF43QEJD,LF43QEJD,10.1109/ICOP56156.2022.9911711,The Influence of Photoinitiator Concentration on the Two-Photon Polymerization Threshold of Pentaerythritol Triacrylate (PETIA) Monomer,damage_threshold_laser_power,110,mW,110,mW,2,PETIA (0.1) and PETIA (0.2): 70 mW; PETIA (0.5): 110 mW; above these values the photoresists started burning.,PETIA (0.5),,,numeric,text_exact,high_manual_visual_qc,accepted,local_only/visual_audit_not_published,local_only/source_json_not_published,Damage threshold manually checked against Figure 1 and the results paragraph.
AUD20260828-0010,zotero_LF43QEJD,LF43QEJD,10.1109/ICOP56156.2022.9911711,The Influence of Photoinitiator Concentration on the Two-Photon Polymerization Threshold of Pentaerythritol Triacrylate (PETIA) Monomer,objective_na,0.4,NA,0.4,NA,2,20× (NA=0.4) objective,,,,numeric,text_exact,high_manual_visual_qc,accepted,local_only/visual_audit_not_published,local_only/source_json_not_published,
AUD20260828-0011,zotero_LF43QEJD,LF43QEJD,10.1109/ICOP56156.2022.9911711,The Influence of Photoinitiator Concentration on the Two-Photon Polymerization Threshold of Pentaerythritol Triacrylate (PETIA) Monomer,hatch_distance,40,µm,40,µm,2,The hatch distance ... was set to 40 µm,,,,numeric,text_exact,high_manual_visual_qc,accepted,local_only/visual_audit_not_published,local_only/source_json_not_published,
AUD20260828-0012,zotero_LF43QEJD,LF43QEJD,10.1109/ICOP56156.2022.9911711,The Influence of Photoinitiator Concentration on the Two-Photon Polymerization Threshold of Pentaerythritol Triacrylate (PETIA) Monomer,scanning_speed,0.1,mm s−1,0.1,mm s−1,2,scanning speed were set to ... 0.1 mm/s,,,,numeric,text_exact,high_manual_visual_qc,accepted,local_only/visual_audit_not_published,local_only/source_json_not_published,
AUD20260828-0013,zotero_INAWB8HL,INAWB8HL,10.1115/1.4000097,Process sensitivity analysis and resolution prediction for the two photon polymerization of micro/nano structures,laser_wavelength,800,nm,800,nm,2,The output laser beam has ... a wavelength of 800 nm,SR499 + Lucirin TPO-L,,,numeric,text_exact,high_manual_visual_qc,accepted,local_only/visual_audit_not_published,local_only/source_json_not_published,
AUD20260828-0014,zotero_INAWB8HL,INAWB8HL,10.1115/1.4000097,Process sensitivity analysis and resolution prediction for the two photon polymerization of micro/nano structures,pulse_width,150,fs,150,fs,2,pulse width of 150 fs,,,,numeric,text_exact,high_manual_visual_qc,accepted,local_only/visual_audit_not_published,local_only/source_json_not_published,
AUD20260828-0015,zotero_INAWB8HL,INAWB8HL,10.1115/1.4000097,Process sensitivity analysis and resolution prediction for the two photon polymerization of micro/nano structures,pulse_repetition_rate,80,MHz,80,MHz,2,pulse repetition rate of 80 MHz,,,,numeric,text_exact,high_manual_visual_qc,accepted,local_only/visual_audit_not_published,local_only/source_json_not_published,
AUD20260828-0016,zotero_INAWB8HL,INAWB8HL,10.1115/1.4000097,Process sensitivity analysis and resolution prediction for the two photon polymerization of micro/nano structures,objective_na,0.4,NA,0.4,NA,2,A 0.4 NA (20X) microscope objective was used for all experiments,,,,numeric,text_exact,high_manual_visual_qc,accepted,local_only/visual_audit_not_published,local_only/source_json_not_published,
AUD20260828-0017,zotero_INAWB8HL,INAWB8HL,10.1115/1.4000097,Process sensitivity analysis and resolution prediction for the two photon polymerization of micro/nano structures,pi_loading,"2.56, 3.78, 4.98",wt %,,,2,"three different photoinitiator concentrations by weight (2.56%, 3.78%, and 4.98%)",SR499 + Lucirin TPO-L,,,context,text_exact,high_manual_visual_qc,accepted,local_only/visual_audit_not_published,local_only/source_json_not_published,Reported factor levels; retained as a list rather than a single concentration.
AUD20260828-0018,zotero_INAWB8HL,INAWB8HL,10.1115/1.4000097,Process sensitivity analysis and resolution prediction for the two photon polymerization of micro/nano structures,laser_power_test_levels,"12.5, 16, 20, 25, 35, 50",mW,,,2,"six levels of applied power (12.5 mW, 16 mW, 20 mW, 25 mW, 35 mW, and 50 mW)",,,,context,text_exact,high_manual_visual_qc,accepted,local_only/visual_audit_not_published,local_only/source_json_not_published,Experimental factor levels.
AUD20260828-0019,zotero_INAWB8HL,INAWB8HL,10.1115/1.4000097,Process sensitivity analysis and resolution prediction for the two photon polymerization of micro/nano structures,scanning_speed_test_levels,"1, 3, 5",mm min−1,,,2,"three levels of speed (1 mm/min, 3 mm/min, and 5 mm/min)",,,,context,text_exact,high_manual_visual_qc,accepted,local_only/visual_audit_not_published,local_only/source_json_not_published,Experimental factor levels.
AUD20260828-0020,zotero_INAWB8HL,INAWB8HL,10.1115/1.4000097,Process sensitivity analysis and resolution prediction for the two photon polymerization of micro/nano structures,fabrication_condition,3.78 wt % PI; 50 mW; 3 mm min−1,,,,2,"pattern fabricated with 3.78% photoinitiator concentration, 50 mW laser power, and 3 mm/min speed",SR499 + Lucirin TPO-L,,Figure 2,context,text_exact,high_manual_visual_qc,accepted,local_only/visual_audit_not_published,local_only/source_json_not_published,
AUD20260828-0021,zotero_INAWB8HL,INAWB8HL,10.1115/1.4000097,Process sensitivity analysis and resolution prediction for the two photon polymerization of micro/nano structures,width_experimental,2.80,µm,2.80,µm,7,"Table 4: width experimental = 2.80 µm; concentration 3.78 wt %, speed 2.0 mm/min, power 17.0 mW",PI 3.78 wt %; 2.0 mm min−1; 17.0 mW,,Table 4,numeric,text_exact,high_manual_visual_qc,accepted,local_only/visual_audit_not_published,local_only/source_json_not_published,Estimated comparator in the same row: 2.72 µm; directly read from rendered Table 4.
AUD20260828-0022,zotero_INAWB8HL,INAWB8HL,10.1115/1.4000097,Process sensitivity analysis and resolution prediction for the two photon polymerization of micro/nano structures,width_experimental,1.95,µm,1.95,µm,7,"Table 4: width experimental = 1.95 µm; concentration 2.56 wt %, speed 2.5 mm/min, power 15.0 mW",PI 2.56 wt %; 2.5 mm min−1; 15.0 mW,,Table 4,numeric,text_exact,high_manual_visual_qc,accepted,local_only/visual_audit_not_published,local_only/source_json_not_published,Estimated comparator in the same row: 1.92 µm; directly read from rendered Table 4.
AUD20260828-0023,zotero_INAWB8HL,INAWB8HL,10.1115/1.4000097,Process sensitivity analysis and resolution prediction for the two photon polymerization of micro/nano structures,width_experimental,1.75,µm,1.75,µm,7,"Table 4: width experimental = 1.75 µm; concentration 2.56 wt %, speed 3.0 mm/min, power 13.5 mW",PI 2.56 wt %; 3.0 mm min−1; 13.5 mW,,Table 4,numeric,text_exact,high_manual_visual_qc,accepted,local_only/visual_audit_not_published,local_only/source_json_not_published,Estimated comparator in the same row: 1.66 µm; directly read from rendered Table 4.
AUD20260828-0024,zotero_INAWB8HL,INAWB8HL,10.1115/1.4000097,Process sensitivity analysis and resolution prediction for the two photon polymerization of micro/nano structures,width_experimental,2.85,µm,2.85,µm,7,"Table 4: width experimental = 2.85 µm; concentration 3.78 wt %, speed 4.0 mm/min, power 22.0 mW",PI 3.78 wt %; 4.0 mm min−1; 22.0 mW,,Table 4,numeric,text_exact,high_manual_visual_qc,accepted,local_only/visual_audit_not_published,local_only/source_json_not_published,Estimated comparator in the same row: 2.97 µm; directly read from rendered Table 4.
AUD20260828-0025,zotero_INAWB8HL,INAWB8HL,10.1115/1.4000097,Process sensitivity analysis and resolution prediction for the two photon polymerization of micro/nano structures,height_experimental,75.60,µm,75.60,µm,7,"Table 4: height experimental = 75.60 µm; concentration 3.78 wt %, speed 2.0 mm/min, power 17.0 mW",PI 3.78 wt %; 2.0 mm min−1; 17.0 mW,,Table 4,numeric,text_exact,high_manual_visual_qc,accepted,local_only/visual_audit_not_published,local_only/source_json_not_published,Estimated comparator in the same row: 76.62 µm; directly read from rendered Table 4.
AUD20260828-0026,zotero_INAWB8HL,INAWB8HL,10.1115/1.4000097,Process sensitivity analysis and resolution prediction for the two photon polymerization of micro/nano structures,height_experimental,40.60,µm,40.60,µm,7,"Table 4: height experimental = 40.60 µm; concentration 2.56 wt %, speed 2.5 mm/min, power 15.0 mW",PI 2.56 wt %; 2.5 mm min−1; 15.0 mW,,Table 4,numeric,text_exact,high_manual_visual_qc,accepted,local_only/visual_audit_not_published,local_only/source_json_not_published,Estimated comparator in the same row: 42.37 µm; directly read from rendered Table 4.
AUD20260828-0027,zotero_INAWB8HL,INAWB8HL,10.1115/1.4000097,Process sensitivity analysis and resolution prediction for the two photon polymerization of micro/nano structures,height_experimental,36.33,µm,36.33,µm,7,"Table 4: height experimental = 36.33 µm; concentration 2.56 wt %, speed 3.0 mm/min, power 13.5 mW",PI 2.56 wt %; 3.0 mm min−1; 13.5 mW,,Table 4,numeric,text_exact,high_manual_visual_qc,accepted,local_only/visual_audit_not_published,local_only/source_json_not_published,Estimated comparator in the same row: 35.33 µm; directly read from rendered Table 4.
AUD20260828-0028,zotero_INAWB8HL,INAWB8HL,10.1115/1.4000097,Process sensitivity analysis and resolution prediction for the two photon polymerization of micro/nano structures,height_experimental,103.00,µm,103.00,µm,7,"Table 4: height experimental = 103.00 µm; concentration 3.78 wt %, speed 4.0 mm/min, power 22.0 mW",PI 3.78 wt %; 4.0 mm min−1; 22.0 mW,,Table 4,numeric,text_exact,high_manual_visual_qc,accepted,local_only/visual_audit_not_published,local_only/source_json_not_published,Estimated comparator in the same row: 105.60 µm; directly read from rendered Table 4.
AUD20260828-0029,zotero_IYEGSI2X,IYEGSI2X,10.1016/j.apsusc.2007.08.011,Functional polymers by two-photon 3D lithography,pi_loading,0.025,wt %,0.025,wt %,1,a resin mixture containing only 0.025 wt% of photoinitiator was practical,acrylate resin mixture,,,numeric,text_exact,high_manual_visual_qc,accepted,local_only/visual_audit_not_published,local_only/source_json_not_published,
AUD20260828-0030,zotero_IYEGSI2X,IYEGSI2X,10.1016/j.apsusc.2007.08.011,Functional polymers by two-photon 3D lithography,feature_resolution_scale,300,nm,300,nm,1,Feature resolutions in the range of 300 nm were achieved,,,,claim_only,text_exact,high_manual_visual_qc,accepted,local_only/visual_audit_not_published,local_only/source_json_not_published,"Reported range scale, not a single minimum feature size."
AUD20260828-0031,zotero_IYEGSI2X,IYEGSI2X,10.1016/j.apsusc.2007.08.011,Functional polymers by two-photon 3D lithography,pi_loading_relative_claim,factor of 100 lower,relative to traditional one-photon lithography,100,fold_lower,1,The required initiator content was therefore a factor of 100 lower than in traditional one-photon lithography,,,,claim_only,text_exact,high_manual_visual_qc,accepted,local_only/visual_audit_not_published,local_only/source_json_not_published,
AUD20260828-0032,zotero_IYEGSI2X,IYEGSI2X,10.1016/j.apsusc.2007.08.011,Functional polymers by two-photon 3D lithography,processing_wavelength_range,750–850,nm,750–850,nm,1,photopolymerization at processing wavelength ... λ = 750–850 nm,,,,context,text_exact,high_manual_visual_qc,accepted,local_only/visual_audit_not_published,local_only/source_json_not_published,
AUD20260828-0033,zotero_IYEGSI2X,IYEGSI2X,10.1016/j.apsusc.2007.08.011,Functional polymers by two-photon 3D lithography,refractive_index_change,0.01,Δn,0.01,Δn,1,Refractive index changes in the range of Δn = 0.01,,,,numeric,text_exact,high_manual_visual_qc,accepted,local_only/visual_audit_not_published,local_only/source_json_not_published,
AUD20260828-0034,zotero_B6CWSYVW,B6CWSYVW,10.1364/OL.27.001348,Three-dimensional microfabrication by two-photon-initiated polymerization with a low-cost microlaser,threshold_exposure,95,J cm−2,95,J cm−2,3,The threshold exposure for polymerization of our resin was determined to be 95 J/cm²,,,,numeric,text_exact,high_manual_visual_qc,accepted,local_only/visual_audit_not_published,local_only/source_json_not_published,
AUD20260828-0035,zotero_B6CWSYVW,B6CWSYVW,10.1364/OL.27.001348,Three-dimensional microfabrication by two-photon-initiated polymerization with a low-cost microlaser,minimum_exposure_time,4,ms,4,ms,3,corresponding to a minimum exposure time of 4 ms,,,,numeric,text_exact,high_manual_visual_qc,accepted,local_only/visual_audit_not_published,local_only/source_json_not_published,
AUD20260828-0036,zotero_B6CWSYVW,B6CWSYVW,10.1364/OL.27.001348,Three-dimensional microfabrication by two-photon-initiated polymerization with a low-cost microlaser,focal_spot_radial_size,~0.2,µm,~0.2,µm,3,a focal spot of ~0.2-µm radial size,,,,numeric,text_exact,high_manual_visual_qc,accepted,local_only/visual_audit_not_published,local_only/source_json_not_published,Approximate value as reported.
AUD20260828-0037,zotero_B6CWSYVW,B6CWSYVW,10.1364/OL.27.001348,Three-dimensional microfabrication by two-photon-initiated polymerization with a low-cost microlaser,average_laser_power,~3,µW,~3,µW,3,with an average power of ~3 µW to form,,,,numeric,text_exact,high_manual_visual_qc,accepted,local_only/visual_audit_not_published,local_only/source_json_not_published,Approximate value as reported.
AUD20260828-0038,zotero_B6CWSYVW,B6CWSYVW,10.1364/OL.27.001348,Three-dimensional microfabrication by two-photon-initiated polymerization with a low-cost microlaser,point_spacing,200,nm,200,nm,3,The distance between adjacent points was 200 nm,,,,numeric,text_exact,high_manual_visual_qc,accepted,local_only/visual_audit_not_published,local_only/source_json_not_published,
AUD20260828-0039,zotero_B6CWSYVW,B6CWSYVW,10.1364/OL.27.001348,Three-dimensional microfabrication by two-photon-initiated polymerization with a low-cost microlaser,feature_size_minimum,160,nm,160,nm,3,features as small as 160 nm could be depicted,,,,numeric,text_exact,high_manual_visual_qc,accepted,local_only/visual_audit_not_published,local_only/source_json_not_published,Minimum demonstrated feature size claim.
AUD20260828-0040,zotero_PJQEIM6F,PJQEIM6F,10.1021/acsapm.4c00932,Heteroatom/Heterocycle-Substituted Ketone Dyes as Efficient Photoinitiators in Visible Light-Emitting Diode/Near Infrared Light Photopolymerization with Enhanced Two-Photon Lithography Capability,sigma_2pa,425,GM,425,GM,7,TPA cross-section of CCK-Th (δ780 nm = 425 GM),CCK-Th in PETA,780,,numeric,text_exact,high_manual_visual_qc,accepted,local_only/visual_audit_not_published,local_only/source_json_not_published,Explicit text value; not inferred from the curve.
AUD20260828-0041,zotero_PJQEIM6F,PJQEIM6F,10.1021/acsapm.4c00932,Heteroatom/Heterocycle-Substituted Ketone Dyes as Efficient Photoinitiators in Visible Light-Emitting Diode/Near Infrared Light Photopolymerization with Enhanced Two-Photon Lithography Capability,sigma_2pa,343,GM,343,GM,7,TPA cross-section of CCK-Ben (δ780 nm = 343 GM),CCK-Ben in PETA,780,,numeric,text_exact,high_manual_visual_qc,accepted,local_only/visual_audit_not_published,local_only/source_json_not_published,Explicit text value; not inferred from the curve.
AUD20260828-0042,zotero_PJQEIM6F,PJQEIM6F,10.1021/acsapm.4c00932,Heteroatom/Heterocycle-Substituted Ketone Dyes as Efficient Photoinitiators in Visible Light-Emitting Diode/Near Infrared Light Photopolymerization with Enhanced Two-Photon Lithography Capability,pi_loading,0.1,wt %,0.1,wt %,7,Formulation: CCK-Th (0.1 wt %) in PETA,CCK-Th in PETA,,,numeric,text_exact,high_manual_visual_qc,accepted,local_only/visual_audit_not_published,local_only/source_json_not_published,
AUD20260828-0043,zotero_PJQEIM6F,PJQEIM6F,10.1021/acsapm.4c00932,Heteroatom/Heterocycle-Substituted Ketone Dyes as Efficient Photoinitiators in Visible Light-Emitting Diode/Near Infrared Light Photopolymerization with Enhanced Two-Photon Lithography Capability,pi_loading,0.1,wt %,0.1,wt %,7,Formulation: CCK-Ben (0.1 wt %) in PETA,CCK-Ben in PETA,,,numeric,text_exact,high_manual_visual_qc,accepted,local_only/visual_audit_not_published,local_only/source_json_not_published,
AUD20260828-0044,zotero_PJQEIM6F,PJQEIM6F,10.1021/acsapm.4c00932,Heteroatom/Heterocycle-Substituted Ketone Dyes as Efficient Photoinitiators in Visible Light-Emitting Diode/Near Infrared Light Photopolymerization with Enhanced Two-Photon Lithography Capability,laser_wavelength,780,nm,780,nm,7,line arrays ... under 780 nm laser excitation,CCK-Th/CCK-Ben in PETA,780,Figure 7,numeric,text_exact,high_manual_visual_qc,accepted,local_only/visual_audit_not_published,local_only/source_json_not_published,
AUD20260828-0045,zotero_PJQEIM6F,PJQEIM6F,10.1021/acsapm.4c00932,Heteroatom/Heterocycle-Substituted Ketone Dyes as Efficient Photoinitiators in Visible Light-Emitting Diode/Near Infrared Light Photopolymerization with Enhanced Two-Photon Lithography Capability,writing_speed_upper_tested,46,mm s−1,46,mm s−1,7,with the increase of scanning speed to 46 mm s−1,CCK-Th/CCK-Ben in PETA,,Figure 7,numeric,text_exact,high_manual_visual_qc,accepted,local_only/visual_audit_not_published,local_only/source_json_not_published,"Upper tested speed, not a threshold-curve ordinate."
AUD20260828-0046,zotero_SRU6DZHE,SRU6DZHE,10.1021/acs.macromol.0c01518,Polymerization Photoinitiators with Near-Resonance Enhanced Two-Photon Absorption Cross-Section: Toward High-Resolution Photoresist with Improved Sensitivity,laser_wavelength,532,nm,532,nm,1,sub-nanosecond pulsed laser irradiation at 532 nm,,,,context,text_exact,high_manual_visual_qc,accepted,local_only/visual_audit_not_published,local_only/source_json_not_published,
AUD20260828-0047,zotero_SRU6DZHE,SRU6DZHE,10.1021/acs.macromol.0c01518,Polymerization Photoinitiators with Near-Resonance Enhanced Two-Photon Absorption Cross-Section: Toward High-Resolution Photoresist with Improved Sensitivity,polymerization_threshold_relative_claim,up to eight times lower,relative to classical two-photon initiators,8,fold_lower_upper_bound,1,polymerization threshold up to eight times lower than that obtained with the classically used two-photon initiators,,,,claim_only,text_exact,high_manual_visual_qc,accepted,local_only/visual_audit_not_published,local_only/source_json_not_published,Comparative abstract claim; no absolute threshold value is asserted.
AUD20260828-0048,zotero_SRU6DZHE,SRU6DZHE,10.1021/acs.macromol.0c01518,Polymerization Photoinitiators with Near-Resonance Enhanced Two-Photon Absorption Cross-Section: Toward High-Resolution Photoresist with Improved Sensitivity,line_width,<100,nm,<100,nm,1,sub-100 nm line width,,,,numeric,text_exact,high_manual_visual_qc,accepted,local_only/visual_audit_not_published,local_only/source_json_not_published,
AUD20260828-0049,zotero_SRU6DZHE,SRU6DZHE,10.1021/acs.macromol.0c01518,Polymerization Photoinitiators with Near-Resonance Enhanced Two-Photon Absorption Cross-Section: Toward High-Resolution Photoresist with Improved Sensitivity,interline_separation,250,nm,250,nm,1,at 250 nm interline separation,,,,numeric,text_exact,high_manual_visual_qc,accepted,local_only/visual_audit_not_published,local_only/source_json_not_published,
AUD20260828-0050,zotero_MZLGYQTP,MZLGYQTP,10.1016/j.jphotochem.2009.02.007,A water-soluble two-photon photopolymerization initiation system: Methylated-β-cyclodextrin complex of xanthene dye/aryliodonium salt,laser_wavelength,780,nm,780,nm,2,oscillating wavelength ... 780 nm,,,,numeric,text_exact,high_manual_visual_qc,accepted,local_only/visual_audit_not_published,local_only/source_json_not_published,
AUD20260828-0051,zotero_MZLGYQTP,MZLGYQTP,10.1016/j.jphotochem.2009.02.007,A water-soluble two-photon photopolymerization initiation system: Methylated-β-cyclodextrin complex of xanthene dye/aryliodonium salt,pulse_width,80,fs,80,fs,2,pulse width ... 80 fs,,,,numeric,text_exact,high_manual_visual_qc,accepted,local_only/visual_audit_not_published,local_only/source_json_not_published,
AUD20260828-0052,zotero_MZLGYQTP,MZLGYQTP,10.1016/j.jphotochem.2009.02.007,A water-soluble two-photon photopolymerization initiation system: Methylated-β-cyclodextrin complex of xanthene dye/aryliodonium salt,pulse_repetition_rate,82,MHz,82,MHz,2,repetition rate ... 82 MHz,,,,numeric,text_exact,high_manual_visual_qc,accepted,local_only/visual_audit_not_published,local_only/source_json_not_published,
AUD20260828-0053,zotero_MZLGYQTP,MZLGYQTP,10.1016/j.jphotochem.2009.02.007,A water-soluble two-photon photopolymerization initiation system: Methylated-β-cyclodextrin complex of xanthene dye/aryliodonium salt,objective_na,1.4,NA,1.4,NA,2,100× oil-immersion objective lens ... NA = 1.4,,,,numeric,text_exact,high_manual_visual_qc,accepted,local_only/visual_audit_not_published,local_only/source_json_not_published,
AUD20260828-0054,zotero_MZLGYQTP,MZLGYQTP,10.1016/j.jphotochem.2009.02.007,A water-soluble two-photon photopolymerization initiation system: Methylated-β-cyclodextrin complex of xanthene dye/aryliodonium salt,polymer_matrix_mass,1,g,1,g,2,samples consisted of PVP (1 g),PVP,,,numeric,text_exact,high_manual_visual_qc,accepted,local_only/visual_audit_not_published,local_only/source_json_not_published,
AUD20260828-0055,zotero_MZLGYQTP,MZLGYQTP,10.1016/j.jphotochem.2009.02.007,A water-soluble two-photon photopolymerization initiation system: Methylated-β-cyclodextrin complex of xanthene dye/aryliodonium salt,monomer_mass,1,g,1,g,2,AM (1 g),AM,,,numeric,text_exact,high_manual_visual_qc,accepted,local_only/visual_audit_not_published,local_only/source_json_not_published,
AUD20260828-0056,zotero_MZLGYQTP,MZLGYQTP,10.1016/j.jphotochem.2009.02.007,A water-soluble two-photon photopolymerization initiation system: Methylated-β-cyclodextrin complex of xanthene dye/aryliodonium salt,crosslinker_mass,0.1,g,0.1,g,2,bis-AM (0.1 g),bis-AM,,,numeric,text_exact,high_manual_visual_qc,accepted,local_only/visual_audit_not_published,local_only/source_json_not_published,
AUD20260828-0057,zotero_MZLGYQTP,MZLGYQTP,10.1016/j.jphotochem.2009.02.007,A water-soluble two-photon photopolymerization initiation system: Methylated-β-cyclodextrin complex of xanthene dye/aryliodonium salt,water_mass,4,g,4,g,2,H2O (4 g),aqueous sample,,,numeric,text_exact,high_manual_visual_qc,accepted,local_only/visual_audit_not_published,local_only/source_json_not_published,
AUD20260828-0058,zotero_MZLGYQTP,MZLGYQTP,10.1016/j.jphotochem.2009.02.007,A water-soluble two-photon photopolymerization initiation system: Methylated-β-cyclodextrin complex of xanthene dye/aryliodonium salt,sensitizer,FL/EO/RB,,,,2,"FL, EO, RB as sensitizer",aqueous TPP system,,,context,text_exact,high_manual_visual_qc,accepted,local_only/visual_audit_not_published,local_only/source_json_not_published,
AUD20260828-0059,zotero_MZLGYQTP,MZLGYQTP,10.1016/j.jphotochem.2009.02.007,A water-soluble two-photon photopolymerization initiation system: Methylated-β-cyclodextrin complex of xanthene dye/aryliodonium salt,initiator,complex A,,,,2,complex A as initiator,aqueous TPP system,,,context,text_exact,high_manual_visual_qc,accepted,local_only/visual_audit_not_published,local_only/source_json_not_published,
AUD20260828-0060,zotero_MZLGYQTP,MZLGYQTP,10.1016/j.jphotochem.2009.02.007,A water-soluble two-photon photopolymerization initiation system: Methylated-β-cyclodextrin complex of xanthene dye/aryliodonium salt,host_guest_stoichiometry,1:2,DMDPI:Me-β-CD,,,2,one molecule of DMDPI associates with two molecules of Me-β-CD,,,,context,text_exact,high_manual_visual_qc,accepted,local_only/visual_audit_not_published,local_only/source_json_not_published,
AUD20260828-0061,zotero_H86SV53N,H86SV53N,10.1021/la803803m,Three-dimensional biodegradable structures fabricated by two-photon polymerization,photoinitiator,"4,4′-bis(diethylamino)benzophenone (DABP)",,,,1,"with 4,4′-bis(diethylamino)benzophenone as the photoinitiator",,,,context,text_exact,high_manual_visual_qc,accepted,local_only/visual_audit_not_published,local_only/source_json_not_published,
AUD20260828-0062,zotero_H86SV53N,H86SV53N,10.1021/la803803m,Three-dimensional biodegradable structures fabricated by two-photon polymerization,pi_loading,2,wt %,2,wt %,4,photoinitiator (2 wt% to the polymer),biodegradable methacrylate polymer + DABP,,,numeric,text_exact,high_manual_visual_qc,accepted,local_only/visual_audit_not_published,local_only/source_json_not_published,
AUD20260828-0063,zotero_H86SV53N,H86SV53N,10.1021/la803803m,Three-dimensional biodegradable structures fabricated by two-photon polymerization,polymer_mass,0.5,g,0.5,g,4,0.5 g of the polymer carrying the methacrylate functionalities,,,,numeric,text_exact,high_manual_visual_qc,accepted,local_only/visual_audit_not_published,local_only/source_json_not_published,
AUD20260828-0064,zotero_H86SV53N,H86SV53N,10.1021/la803803m,Three-dimensional biodegradable structures fabricated by two-photon polymerization,solvent_volume,250,µL,250,µL,4,dissolved in 250 µL diethyl ether,diethyl ether,,,numeric,text_exact,high_manual_visual_qc,accepted,local_only/visual_audit_not_published,local_only/source_json_not_published,
AUD20260828-0065,zotero_H86SV53N,H86SV53N,10.1021/la803803m,Three-dimensional biodegradable structures fabricated by two-photon polymerization,laser_wavelength,800,nm,800,nm,4,Ti:sapphire femtosecond laser operating at 800 nm,,,,numeric,text_exact,high_manual_visual_qc,accepted,local_only/visual_audit_not_published,local_only/source_json_not_published,
AUD20260828-0066,zotero_H86SV53N,H86SV53N,10.1021/la803803m,Three-dimensional biodegradable structures fabricated by two-photon polymerization,pulse_repetition_rate,75,MHz,75,MHz,4,with a repetition rate of 75 MHz,,,,numeric,text_exact,high_manual_visual_qc,accepted,local_only/visual_audit_not_published,local_only/source_json_not_published,
AUD20260828-0067,zotero_H86SV53N,H86SV53N,10.1021/la803803m,Three-dimensional biodegradable structures fabricated by two-photon polymerization,pulse_duration,<20,fs,<20,fs,4,sub-20 fs duration pulses,,,,numeric,text_exact,high_manual_visual_qc,accepted,local_only/visual_audit_not_published,local_only/source_json_not_published,
AUD20260828-0068,zotero_H86SV53N,H86SV53N,10.1021/la803803m,Three-dimensional biodegradable structures fabricated by two-photon polymerization,laser_output_power_maximum,450,mW,450,mW,4,maximum output power of the oscillator was 450 mW,,,,numeric,text_exact,high_manual_visual_qc,accepted,local_only/visual_audit_not_published,local_only/source_json_not_published,
AUD20260828-0069,zotero_H86SV53N,H86SV53N,10.1021/la803803m,Three-dimensional biodegradable structures fabricated by two-photon polymerization,objective_magnification,40,×,40,×,4,"microscope objective lens (40×, N.A. = 0.95)",,,,numeric,text_exact,high_manual_visual_qc,accepted,local_only/visual_audit_not_published,local_only/source_json_not_published,
AUD20260828-0070,zotero_H86SV53N,H86SV53N,10.1021/la803803m,Three-dimensional biodegradable structures fabricated by two-photon polymerization,objective_na,0.95,NA,0.95,NA,4,"microscope objective lens (40×, N.A. = 0.95)",,,,numeric,text_exact,high_manual_visual_qc,accepted,local_only/visual_audit_not_published,local_only/source_json_not_published,
AUD20260828-0071,zotero_H86SV53N,H86SV53N,10.1021/la803803m,Three-dimensional biodegradable structures fabricated by two-photon polymerization,sample_spacer_thickness,100,µm,100,µm,4,The spacer between the two coverslips were 100 µm thick,,,,numeric,text_exact,high_manual_visual_qc,accepted,local_only/visual_audit_not_published,local_only/source_json_not_published,
AUD20260828-0072,zotero_H86SV53N,H86SV53N,10.1021/la803803m,Three-dimensional biodegradable structures fabricated by two-photon polymerization,feature_resolution_scale,~4,µm,~4,µm,1,good quality and had four micron resolution,,,,claim_only,text_exact,high_manual_visual_qc,accepted,local_only/visual_audit_not_published,local_only/source_json_not_published,Abstract-level resolution claim.
AUD20260828-0073,zotero_95TT3IKI,95TT3IKI,10.1016/j.jphotochem.2007.03.002,"Synthesis, optical and initiating properties of new two-photon polymerization initiators: 2,7-Bis(styryl)anthraquinone derivatives",compound_identity,"1: 2,7-bis[2-(4-dimethylamino-phenyl)-vinyl]anthraquinone",,,,1,derivative 1,R1,,,context,text_exact,high_manual_visual_qc,accepted,local_only/visual_audit_not_published,local_only/source_json_not_published,
AUD20260828-0074,zotero_95TT3IKI,95TT3IKI,10.1016/j.jphotochem.2007.03.002,"Synthesis, optical and initiating properties of new two-photon polymerization initiators: 2,7-Bis(styryl)anthraquinone derivatives",compound_identity,"2: 2,7-bis[2-(4-methoxy-phenyl)-vinyl]anthraquinone",,,,1,derivative 2,R2,,,context,text_exact,high_manual_visual_qc,accepted,local_only/visual_audit_not_published,local_only/source_json_not_published,
AUD20260828-0075,zotero_95TT3IKI,95TT3IKI,10.1016/j.jphotochem.2007.03.002,"Synthesis, optical and initiating properties of new two-photon polymerization initiators: 2,7-Bis(styryl)anthraquinone derivatives",sigma_2pa,1635,GM,1635,GM,1,compound 1 showed ... 1635 GM ... at the wavelength of 800 nm,compound 1,800,,numeric,text_exact,high_manual_visual_qc,accepted,local_only/visual_audit_not_published,local_only/source_json_not_published,
AUD20260828-0076,zotero_95TT3IKI,95TT3IKI,10.1016/j.jphotochem.2007.03.002,"Synthesis, optical and initiating properties of new two-photon polymerization initiators: 2,7-Bis(styryl)anthraquinone derivatives",sigma_2pa,995,GM,995,GM,1,995 GM for 2 at the wavelength of 800 nm,compound 2,800,,numeric,text_exact,high_manual_visual_qc,accepted,local_only/visual_audit_not_published,local_only/source_json_not_published,
AUD20260828-0077,zotero_95TT3IKI,95TT3IKI,10.1016/j.jphotochem.2007.03.002,"Synthesis, optical and initiating properties of new two-photon polymerization initiators: 2,7-Bis(styryl)anthraquinone derivatives",polymerization_threshold_power,3.67,mW,3.67,mW,1,threshold energy 3.67 mW ... for R1,R1; 0.02 wt % PI,,,numeric,text_exact,high_manual_visual_qc,accepted,local_only/visual_audit_not_published,local_only/source_json_not_published,
AUD20260828-0078,zotero_95TT3IKI,95TT3IKI,10.1016/j.jphotochem.2007.03.002,"Synthesis, optical and initiating properties of new two-photon polymerization initiators: 2,7-Bis(styryl)anthraquinone derivatives",polymerization_threshold_power,8.03,mW,8.03,mW,1,8.03 mW for 2,R2; 0.02 wt % PI,,,numeric,text_exact,high_manual_visual_qc,accepted,local_only/visual_audit_not_published,local_only/source_json_not_published,
AUD20260828-0079,zotero_95TT3IKI,95TT3IKI,10.1016/j.jphotochem.2007.03.002,"Synthesis, optical and initiating properties of new two-photon polymerization initiators: 2,7-Bis(styryl)anthraquinone derivatives",pi_loading,0.02,wt %,0.02,wt %,1,R1 at the concentration of 0.02 wt%,R1/R2,,,numeric,text_exact,high_manual_visual_qc,accepted,local_only/visual_audit_not_published,local_only/source_json_not_published,
AUD20260828-0080,zotero_95TT3IKI,95TT3IKI,10.1016/j.jphotochem.2007.03.002,"Synthesis, optical and initiating properties of new two-photon polymerization initiators: 2,7-Bis(styryl)anthraquinone derivatives",scanning_speed,"10, 30, 50",µm s−1,,,6,"different linear scan speed of 10, 30 and 50 µm/s",R1/R2,,,context,text_exact,high_manual_visual_qc,accepted,local_only/visual_audit_not_published,local_only/source_json_not_published,
AUD20260828-0081,zotero_95TT3IKI,95TT3IKI,10.1016/j.jphotochem.2007.03.002,"Synthesis, optical and initiating properties of new two-photon polymerization initiators: 2,7-Bis(styryl)anthraquinone derivatives",line_width,225,nm,225,nm,6,R1 ... 225 nm ... when the linear scan speed [was] 10 µm/s,R1; threshold power; 10 µm s−1,,,numeric,text_exact,high_manual_visual_qc,accepted,local_only/visual_audit_not_published,local_only/source_json_not_published,
AUD20260828-0082,zotero_95TT3IKI,95TT3IKI,10.1016/j.jphotochem.2007.03.002,"Synthesis, optical and initiating properties of new two-photon polymerization initiators: 2,7-Bis(styryl)anthraquinone derivatives",line_width,185,nm,185,nm,6,R1 ... 185 nm ... when the linear scan speed [was] 30 µm/s,R1; threshold power; 30 µm s−1,,,numeric,text_exact,high_manual_visual_qc,accepted,local_only/visual_audit_not_published,local_only/source_json_not_published,
AUD20260828-0083,zotero_95TT3IKI,95TT3IKI,10.1016/j.jphotochem.2007.03.002,"Synthesis, optical and initiating properties of new two-photon polymerization initiators: 2,7-Bis(styryl)anthraquinone derivatives",line_width,105,nm,105,nm,6,R1 ... 105 nm at the threshold energy of 3.67 mW,R1; threshold power; 50 µm s−1,,,numeric,text_exact,high_manual_visual_qc,accepted,local_only/visual_audit_not_published,local_only/source_json_not_published,
AUD20260828-0084,zotero_95TT3IKI,95TT3IKI,10.1016/j.jphotochem.2007.03.002,"Synthesis, optical and initiating properties of new two-photon polymerization initiators: 2,7-Bis(styryl)anthraquinone derivatives",line_width,420,nm,420,nm,6,line width was decreased only to 420 nm,R2; threshold power; 50 µm s−1,,,numeric,text_exact,high_manual_visual_qc,accepted,local_only/visual_audit_not_published,local_only/source_json_not_published,R2 value at the stated high scan-speed condition.
AUD20260828-0085,zotero_TSTS6L69,TSTS6L69,10.1002/adfm.200400212,Acrylate-based photopolymer for two-photon microfabrication and photonic applications,photoinitiator,2-benzyl-2-dimethylamino-1-(4-morpholinophenyl)butanone-1 (Irgacure 369),,,,2,The PI used ... was 2-benzyl-2-dimethylamino-1-(4-morpholinophenyl)butanone-1,,,,context,text_exact,high_manual_visual_qc,accepted,local_only/visual_audit_not_published,local_only/source_json_not_published,
AUD20260828-0086,zotero_TSTS6L69,TSTS6L69,10.1002/adfm.200400212,Acrylate-based photopolymer for two-photon microfabrication and photonic applications,pi_loading,1,wt %,1,wt %,2,1 wt.-% ... of PI was doped into the LN1 resin,LN1 + Irgacure 369,,,numeric,text_exact,high_manual_visual_qc,accepted,local_only/visual_audit_not_published,local_only/source_json_not_published,
AUD20260828-0087,zotero_TSTS6L69,TSTS6L69,10.1002/adfm.200400212,Acrylate-based photopolymer for two-photon microfabrication and photonic applications,pi_loading,1.5,wt %,1.5,wt %,2,1.5 wt.-% of PI was doped into the LN1 resin,LN1 + Irgacure 369,,,numeric,text_exact,high_manual_visual_qc,accepted,local_only/visual_audit_not_published,local_only/source_json_not_published,
AUD20260828-0088,zotero_TSTS6L69,TSTS6L69,10.1002/adfm.200400212,Acrylate-based photopolymer for two-photon microfabrication and photonic applications,pi_loading_sufficient_range,1–5,wt %,1–5,wt %,2,A loading of 1–5 wt.-% for Irgacure 369 is sufficient,LN1 + Irgacure 369,,,claim_only,text_exact,high_manual_visual_qc,accepted,local_only/visual_audit_not_published,local_only/source_json_not_published,
AUD20260828-0089,zotero_TSTS6L69,TSTS6L69,10.1002/adfm.200400212,Acrylate-based photopolymer for two-photon microfabrication and photonic applications,resin,LN1,,,,2,LN1 resin was formulated,,,,context,text_exact,high_manual_visual_qc,accepted,local_only/visual_audit_not_published,local_only/source_json_not_published,
AUD20260828-0090,zotero_TSTS6L69,TSTS6L69,10.1002/adfm.200400212,Acrylate-based photopolymer for two-photon microfabrication and photonic applications,photopolymerization_irradiance,60,mW cm−2,60,mW cm−2,4,effect of PI concentration ... at an intensity of 60 mW cm−2,LN1 + Irgacure 369,,Figure 1,numeric,text_exact,high_manual_visual_qc,accepted,local_only/visual_audit_not_published,local_only/source_json_not_published,
AUD20260828-0091,zotero_TSTS6L69,TSTS6L69,10.1002/adfm.200400212,Acrylate-based photopolymer for two-photon microfabrication and photonic applications,photopolymerization_irradiance_levels,"30, 60, 100",mW cm−2,,,4,"influence of light intensity ... 100, 60 and 30 mW cm−2",,,Figure 1,context,text_exact,high_manual_visual_qc,accepted,local_only/visual_audit_not_published,local_only/source_json_not_published,
AUD20260828-0092,zotero_RK5TXPZ5,RK5TXPZ5,10.1364/OE.6.000064,Two-photon holography in 3-D photopolymer host-guest matrix,laser_wavelength,710,nm,710,nm,1,Ti:Sapphire tunable laser operating at 710 nm,,,,numeric,text_exact,high_manual_visual_qc,accepted,local_only/visual_audit_not_published,local_only/source_json_not_published,
AUD20260828-0093,zotero_RK5TXPZ5,RK5TXPZ5,10.1364/OE.6.000064,Two-photon holography in 3-D photopolymer host-guest matrix,pulse_duration,200,fs,200,fs,1,200 femtosecond Ti:Sapphire ... laser,,,,numeric,text_exact,high_manual_visual_qc,accepted,local_only/visual_audit_not_published,local_only/source_json_not_published,
AUD20260828-0094,zotero_RK5TXPZ5,RK5TXPZ5,10.1364/OE.6.000064,Two-photon holography in 3-D photopolymer host-guest matrix,pulse_repetition_rate,76,MHz,76,MHz,2,mode-locked 76 MHz Ti:Sapphire laser,,,,numeric,text_exact,high_manual_visual_qc,accepted,local_only/visual_audit_not_published,local_only/source_json_not_published,
AUD20260828-0095,zotero_RK5TXPZ5,RK5TXPZ5,10.1364/OE.6.000064,Two-photon holography in 3-D photopolymer host-guest matrix,diffraction_efficiency,3.5,%,3.5,%,1,Measured diffraction efficiency ... 3.5%,,,,numeric,text_exact,high_manual_visual_qc,accepted,local_only/visual_audit_not_published,local_only/source_json_not_published,
AUD20260828-0096,zotero_RK5TXPZ5,RK5TXPZ5,10.1364/OE.6.000064,Two-photon holography in 3-D photopolymer host-guest matrix,photoinitiator,Benzil-Di-Methyl-Ketal (BDMK),,,,2,BDMK was used as two-photon photoinitiator,,,,context,text_exact,high_manual_visual_qc,accepted,local_only/visual_audit_not_published,local_only/source_json_not_published,
AUD20260828-0097,zotero_RK5TXPZ5,RK5TXPZ5,10.1364/OE.6.000064,Two-photon holography in 3-D photopolymer host-guest matrix,two_photon_threshold_intensity,~0.38,GW cm−2,~0.38,GW cm−2,2,two-photon threshold ... as low as .38 GW/cm²,DPEPA + BDMK,,,numeric,text_exact,high_manual_visual_qc,accepted,local_only/visual_audit_not_published,local_only/source_json_not_published,Minimum/approximate value as reported.
AUD20260828-0098,zotero_RK5TXPZ5,RK5TXPZ5,10.1364/OE.6.000064,Two-photon holography in 3-D photopolymer host-guest matrix,pi_loading,2,wt %,2,wt %,2,concentration of initiator BDMK was 2 wt.%,DPEPA + BDMK,,,numeric,text_exact,high_manual_visual_qc,accepted,local_only/visual_audit_not_published,local_only/source_json_not_published,
AUD20260828-0099,zotero_RK5TXPZ5,RK5TXPZ5,10.1364/OE.6.000064,Two-photon holography in 3-D photopolymer host-guest matrix,pi_loading,1–2,wt %,1–2,wt %,2,1–2 wt.% of BDMK as two-photon photoinitiator,Epotek-301 host-guest system,,,context,text_exact,high_manual_visual_qc,accepted,local_only/visual_audit_not_published,local_only/source_json_not_published,
AUD20260828-0100,zotero_RK5TXPZ5,RK5TXPZ5,10.1364/OE.6.000064,Two-photon holography in 3-D photopolymer host-guest matrix,refractive_index_change,0.0394,Δn,0.0394,Δn,2,index-of-refraction changes ... up to Δn = .0394,,,,numeric,text_exact,high_manual_visual_qc,accepted,local_only/visual_audit_not_published,local_only/source_json_not_published,
AUD20260828-0101,zotero_RK5TXPZ5,RK5TXPZ5,10.1364/OE.6.000064,Two-photon holography in 3-D photopolymer host-guest matrix,initial_refractive_index,1.4885,n,1.4885,n,2,Initial refractive index of 1.4885,,,,numeric,text_exact,high_manual_visual_qc,accepted,local_only/visual_audit_not_published,local_only/source_json_not_published,
AUD20260828-0102,zotero_RK5TXPZ5,RK5TXPZ5,10.1364/OE.6.000064,Two-photon holography in 3-D photopolymer host-guest matrix,polymerized_refractive_index,1.5279,n,1.5279,n,2,increasing ... up to 1.5279,,,,numeric,text_exact,high_manual_visual_qc,accepted,local_only/visual_audit_not_published,local_only/source_json_not_published,
AUD20260828-0103,zotero_RK5TXPZ5,RK5TXPZ5,10.1364/OE.6.000064,Two-photon holography in 3-D photopolymer host-guest matrix,epoxy_fraction,40,wt %,40,wt %,2,40 wt.% of epoxy was used,Epotek-301 host-guest system,,,numeric,text_exact,high_manual_visual_qc,accepted,local_only/visual_audit_not_published,local_only/source_json_not_published,
AUD20260828-0104,zotero_6ZQ3VP63,6ZQ3VP63,10.1038/17989,Two-photon polymerization initiators for three-dimensional optical data storage and microfabrication,sigma_2pa,210,10−50 cm4 s photon−1 (GM),210,10−50 cm4 s photon−1 (GM),2,"Table 1: compound 1, δ = 210 at 600 nm",compound 1,600,Table 1,numeric,text_exact,high_manual_visual_qc,accepted,local_only/visual_audit_not_published,local_only/source_json_not_published,
AUD20260828-0105,zotero_6ZQ3VP63,6ZQ3VP63,10.1038/17989,Two-photon polymerization initiators for three-dimensional optical data storage and microfabrication,sigma_2pa,260,10−50 cm4 s photon−1 (GM),260,10−50 cm4 s photon−1 (GM),2,"Table 1: compound 6, δ = 260 at 645 nm",compound 6,645,Table 1,numeric,text_exact,high_manual_visual_qc,accepted,local_only/visual_audit_not_published,local_only/source_json_not_published,
AUD20260828-0106,zotero_6ZQ3VP63,6ZQ3VP63,10.1038/17989,Two-photon polymerization initiators for three-dimensional optical data storage and microfabrication,sigma_2pa,995,10−50 cm4 s photon−1 (GM),995,10−50 cm4 s photon−1 (GM),2,"Table 1: compound 7, δ = 995 at 730 nm",compound 7,730,Table 1,numeric,text_exact,high_manual_visual_qc,accepted,local_only/visual_audit_not_published,local_only/source_json_not_published,
AUD20260828-0107,zotero_6ZQ3VP63,6ZQ3VP63,10.1038/17989,Two-photon polymerization initiators for three-dimensional optical data storage and microfabrication,sigma_2pa,900,10−50 cm4 s photon−1 (GM),900,10−50 cm4 s photon−1 (GM),2,"Table 1: compound 8, δ = 900 at 730 nm",compound 8,730,Table 1,numeric,text_exact,high_manual_visual_qc,accepted,local_only/visual_audit_not_published,local_only/source_json_not_published,
AUD20260828-0108,zotero_6ZQ3VP63,6ZQ3VP63,10.1038/17989,Two-photon polymerization initiators for three-dimensional optical data storage and microfabrication,sigma_2pa,1250,10−50 cm4 s photon−1 (GM),1250,10−50 cm4 s photon−1 (GM),2,"Table 1: compound 9, δ = 1250 at 775 nm",compound 9,775,Table 1,numeric,text_exact,high_manual_visual_qc,accepted,local_only/visual_audit_not_published,local_only/source_json_not_published,
AUD20260828-0109,zotero_6ZQ3VP63,6ZQ3VP63,10.1038/17989,Two-photon polymerization initiators for three-dimensional optical data storage and microfabrication,polymerization_threshold_energy,0.3,mJ,0.3,mJ,2,Compounds 1 and 6 ... Eth = 0.3 mJ,compounds 1 and 6,,,numeric,text_exact,high_manual_visual_qc,accepted,local_only/visual_audit_not_published,local_only/source_json_not_published,
AUD20260828-0110,zotero_6ZQ3VP63,6ZQ3VP63,10.1038/17989,Two-photon polymerization initiators for three-dimensional optical data storage and microfabrication,polymerization_threshold_energy,0.2,mJ,0.2,mJ,2,"for 8, Eth for 730-nm, 5-ns pulses was as low as 0.2 mJ",compound 8,730,,numeric,text_exact,high_manual_visual_qc,accepted,local_only/visual_audit_not_published,local_only/source_json_not_published,
AUD20260828-0111,zotero_6ZQ3VP63,6ZQ3VP63,10.1038/17989,Two-photon polymerization initiators for three-dimensional optical data storage and microfabrication,pulse_duration,5,ns,5,ns,2,"730-nm, 5-ns pulses",compound 8,730,,numeric,text_exact,high_manual_visual_qc,accepted,local_only/visual_audit_not_published,local_only/source_json_not_published,
AUD20260828-0112,zotero_6ZQ3VP63,6ZQ3VP63,10.1038/17989,Two-photon polymerization initiators for three-dimensional optical data storage and microfabrication,pi_loading,0.1,%,0.1,%,3,resins consisted of 0.1% photoinitiator (8 or 9),compounds 8 or 9,,,context,text_exact,high_manual_visual_qc,accepted,local_only/visual_audit_not_published,local_only/source_json_not_published,Caption percentage retained without imposing wt% basis.
AUD20260828-0113,zotero_6ZQ3VP63,6ZQ3VP63,10.1038/17989,Two-photon polymerization initiators for three-dimensional optical data storage and microfabrication,writing_threshold_power,200,µW,200,µW,3,threshold power for writing ... 200 µW for 8 at 730 nm,compound 8,730,,numeric,text_exact,high_manual_visual_qc,accepted,local_only/visual_audit_not_published,local_only/source_json_not_published,
AUD20260828-0114,zotero_6ZQ3VP63,6ZQ3VP63,10.1038/17989,Two-photon polymerization initiators for three-dimensional optical data storage and microfabrication,writing_threshold_power,300,µW,300,µW,3,300 µW for 9 at 800 nm,compound 9,800,,numeric,text_exact,high_manual_visual_qc,accepted,local_only/visual_audit_not_published,local_only/source_json_not_published,
AUD20260828-0115,zotero_6ZQ3VP63,6ZQ3VP63,10.1038/17989,Two-photon polymerization initiators for three-dimensional optical data storage and microfabrication,laser_wavelength,730,nm,730,nm,3,near the two-photon absorption peak ... compound 8,compound 8,,,context,text_exact,high_manual_visual_qc,accepted,local_only/visual_audit_not_published,local_only/source_json_not_published,
AUD20260828-0116,zotero_6ZQ3VP63,6ZQ3VP63,10.1038/17989,Two-photon polymerization initiators for three-dimensional optical data storage and microfabrication,laser_wavelength,800,nm,800,nm,3,300 µW for 9 at 800 nm,compound 9,,,context,text_exact,high_manual_visual_qc,accepted,local_only/visual_audit_not_published,local_only/source_json_not_published,
AUD20260828-0117,zotero_6ZQ3VP63,6ZQ3VP63,10.1038/17989,Two-photon polymerization initiators for three-dimensional optical data storage and microfabrication,pulse_duration,150,fs,150,fs,3,"Ti:sapphire laser pulses (150 fs, 76 MHz)",,,Figure 3,numeric,text_exact,high_manual_visual_qc,accepted,local_only/visual_audit_not_published,local_only/source_json_not_published,
AUD20260828-0118,zotero_6ZQ3VP63,6ZQ3VP63,10.1038/17989,Two-photon polymerization initiators for three-dimensional optical data storage and microfabrication,pulse_repetition_rate,76,MHz,76,MHz,3,"Ti:sapphire laser pulses (150 fs, 76 MHz)",,,Figure 3,numeric,text_exact,high_manual_visual_qc,accepted,local_only/visual_audit_not_published,local_only/source_json_not_published,
AUD20260828-0119,zotero_6ZQ3VP63,6ZQ3VP63,10.1038/17989,Two-photon polymerization initiators for three-dimensional optical data storage and microfabrication,focal_spot_radial_size,~0.35,µm,~0.35,µm,3,~0.35 µm radial spot size,,,Figure 3,numeric,text_exact,high_manual_visual_qc,accepted,local_only/visual_audit_not_published,local_only/source_json_not_published,Approximate caption value.
AUD20260828-0120,zotero_6ZQ3VP63,6ZQ3VP63,10.1038/17989,Two-photon polymerization initiators for three-dimensional optical data storage and microfabrication,substrate_translation_speed,50,µm s−1,50,µm s−1,3,substrate was translated at 50 µm s−1,,,Figure 3,numeric,text_exact,high_manual_visual_qc,accepted,local_only/visual_audit_not_published,local_only/source_json_not_published,
AUD20260828-0121,zotero_6ZQ3VP63,6ZQ3VP63,10.1038/17989,Two-photon polymerization initiators for three-dimensional optical data storage and microfabrication,damage_threshold_power,>~10,mW,>~10,mW,3,damage was observed at powers greater than ~10 mW,compounds 8 and 9,,,claim_only,text_exact,high_manual_visual_qc,accepted,local_only/visual_audit_not_published,local_only/source_json_not_published,
AUD20260828-0122,zotero_S7XPYQQM,S7XPYQQM,10.1364/OL.22.000132,Three-dimensional microfabrication with two-photon-absorbed photopolymerization,laser_wavelength,790,nm,790,nm,1,Ti:sapphire laser whose oscillating wavelength ... [was] 790 nm,,,,numeric,text_exact,high_manual_visual_qc,accepted,local_only/visual_audit_not_published,local_only/source_json_not_published,
AUD20260828-0123,zotero_S7XPYQQM,S7XPYQQM,10.1364/OL.22.000132,Three-dimensional microfabrication with two-photon-absorbed photopolymerization,pulse_width,200,fs,200,fs,1,pulse width ... 200 fs,,,,numeric,text_exact,high_manual_visual_qc,accepted,local_only/visual_audit_not_published,local_only/source_json_not_published,
AUD20260828-0124,zotero_S7XPYQQM,S7XPYQQM,10.1364/OL.22.000132,Three-dimensional microfabrication with two-photon-absorbed photopolymerization,resin,SCR-500,,,,1,The resin is SCR-500,,,,context,text_exact,high_manual_visual_qc,accepted,local_only/visual_audit_not_published,local_only/source_json_not_published,
AUD20260828-0125,zotero_S7XPYQQM,S7XPYQQM,10.1364/OL.22.000132,Three-dimensional microfabrication with two-photon-absorbed photopolymerization,objective_na,0.4,NA,0.4,NA,2,objective lens of N.A. 0.4,,,,numeric,text_exact,high_manual_visual_qc,accepted,local_only/visual_audit_not_published,local_only/source_json_not_published,
AUD20260828-0126,zotero_S7XPYQQM,S7XPYQQM,10.1364/OL.22.000132,Three-dimensional microfabrication with two-photon-absorbed photopolymerization,objective_na,0.85,NA,0.85,NA,2,objective lens ... N.A. 0.85,,,,context,text_exact,high_manual_visual_qc,accepted,local_only/visual_audit_not_published,local_only/source_json_not_published,
AUD20260828-0127,zotero_S7XPYQQM,S7XPYQQM,10.1364/OL.22.000132,Three-dimensional microfabrication with two-photon-absorbed photopolymerization,laser_peak_power,50,kW,50,kW,2,"peak power were 790 nm, 200 fs, 76 MHz, and 50 kW",,,,context,text_exact,high_manual_visual_qc,accepted,local_only/visual_audit_not_published,local_only/source_json_not_published,
AUD20260828-0128,zotero_S7XPYQQM,S7XPYQQM,10.1364/OL.22.000132,Three-dimensional microfabrication with two-photon-absorbed photopolymerization,argon_laser_power,8,W,8,W,2,excited by an Ar-ion laser of 8-W average power,,,,context,text_exact,high_manual_visual_qc,accepted,local_only/visual_audit_not_published,local_only/source_json_not_published,
AUD20260828-0129,zotero_S7XPYQQM,S7XPYQQM,10.1364/OL.22.000132,Three-dimensional microfabrication with two-photon-absorbed photopolymerization,input_laser_power,20,mW,20,mW,2,input power of the laser ... 20 mW,spiral structure,,,numeric,text_exact,high_manual_visual_qc,accepted,local_only/visual_audit_not_published,local_only/source_json_not_published,
AUD20260828-0130,zotero_S7XPYQQM,S7XPYQQM,10.1364/OL.22.000132,Three-dimensional microfabrication with two-photon-absorbed photopolymerization,exposure_time,2.3,s,2.3,s,2,total exposure time ... 2.3 s,spiral structure,,,numeric,text_exact,high_manual_visual_qc,accepted,local_only/visual_audit_not_published,local_only/source_json_not_published,
AUD20260828-0131,zotero_S7XPYQQM,S7XPYQQM,10.1364/OL.22.000132,Three-dimensional microfabrication with two-photon-absorbed photopolymerization,structure_diameter,6.0,µm,6.0,µm,2,diameter ... 6.0 µm,spiral structure,,,numeric,text_exact,high_manual_visual_qc,accepted,local_only/visual_audit_not_published,local_only/source_json_not_published,
AUD20260828-0132,zotero_S7XPYQQM,S7XPYQQM,10.1364/OL.22.000132,Three-dimensional microfabrication with two-photon-absorbed photopolymerization,axial_pitch,10.3,µm,10.3,µm,2,axial pitch ... 10.3 µm,spiral structure,,,numeric,text_exact,high_manual_visual_qc,accepted,local_only/visual_audit_not_published,local_only/source_json_not_published,
AUD20260828-0133,zotero_S7XPYQQM,S7XPYQQM,10.1364/OL.22.000132,Three-dimensional microfabrication with two-photon-absorbed photopolymerization,line_width,~1.3,µm,~1.3,µm,2,width of the spiral wire was nearly 1.3 µm,spiral structure,,,numeric,text_exact,high_manual_visual_qc,accepted,local_only/visual_audit_not_published,local_only/source_json_not_published,
AUD20260828-0134,zotero_S7XPYQQM,S7XPYQQM,10.1364/OL.22.000132,Three-dimensional microfabrication with two-photon-absorbed photopolymerization,minimum_average_power,20,mW,20,mW,2,minimum average power needed ... 20 mW,,,,numeric,text_exact,high_manual_visual_qc,accepted,local_only/visual_audit_not_published,local_only/source_json_not_published,
AUD20260828-0135,zotero_S7XPYQQM,S7XPYQQM,10.1364/OL.22.000132,Three-dimensional microfabrication with two-photon-absorbed photopolymerization,minimum_exposure_time,8,ms,8,ms,2,with an exposure time of 8 ms,,,,numeric,text_exact,high_manual_visual_qc,accepted,local_only/visual_audit_not_published,local_only/source_json_not_published,
AUD20260828-0136,zotero_S7XPYQQM,S7XPYQQM,10.1364/OL.22.000132,Three-dimensional microfabrication with two-photon-absorbed photopolymerization,minimum_exposure,18,J µm−2,18,J µm−2,2,minimum exposure is estimated to be 18 J/µm²,,,,numeric,text_exact,high_manual_visual_qc,accepted,local_only/visual_audit_not_published,local_only/source_json_not_published,Estimated focal-point exposure as reported.
AUD20260828-0137,zotero_S7XPYQQM,S7XPYQQM,10.1364/OL.22.000132,Three-dimensional microfabrication with two-photon-absorbed photopolymerization,absorption_coefficient_relative,0.04,%,0.04,%,2,absorption coefficient ... was 0.04% of that for the single-photon process,,,,claim_only,text_exact,high_manual_visual_qc,accepted,local_only/visual_audit_not_published,local_only/source_json_not_published,
AUD20260828-0138,zotero_LVN4MHDD,LVN4MHDD,10.2494/photopolymer.32.257,Conjugated ketocarbazoles as efficient photoinitiators: From facile synthesis to efficient two-photon polymerization,sigma_2pa,357,GM,357,GM,4,Table 1: 4c ... σ2PA = 357 GM,compound 4c,800,Table 1,numeric,text_exact,high_manual_visual_qc,accepted,local_only/visual_audit_not_published,local_only/source_json_not_published,
AUD20260828-0139,zotero_LVN4MHDD,LVN4MHDD,10.2494/photopolymer.32.257,Conjugated ketocarbazoles as efficient photoinitiators: From facile synthesis to efficient two-photon polymerization,sigma_2pa,377,GM,377,GM,4,Table 1: 5c ... σ2PA = 377 GM,compound 5c,800,Table 1,numeric,text_exact,high_manual_visual_qc,accepted,local_only/visual_audit_not_published,local_only/source_json_not_published,
AUD20260828-0140,zotero_LVN4MHDD,LVN4MHDD,10.2494/photopolymer.32.257,Conjugated ketocarbazoles as efficient photoinitiators: From facile synthesis to efficient two-photon polymerization,sigma_2pa,340,GM,340,GM,4,Table 1: 6c ... σ2PA = 340 GM,compound 6c,800,Table 1,numeric,text_exact,high_manual_visual_qc,accepted,local_only/visual_audit_not_published,local_only/source_json_not_published,
AUD20260828-0141,zotero_LVN4MHDD,LVN4MHDD,10.2494/photopolymer.32.257,Conjugated ketocarbazoles as efficient photoinitiators: From facile synthesis to efficient two-photon polymerization,laser_wavelength,780,nm,780,nm,4,fiber femtosecond laser ... wavelength ... 780 nm,,,,numeric,text_exact,high_manual_visual_qc,accepted,local_only/visual_audit_not_published,local_only/source_json_not_published,
AUD20260828-0142,zotero_LVN4MHDD,LVN4MHDD,10.2494/photopolymer.32.257,Conjugated ketocarbazoles as efficient photoinitiators: From facile synthesis to efficient two-photon polymerization,pulse_width,100,fs,100,fs,4,pulse width ... 100 fs,,,,numeric,text_exact,high_manual_visual_qc,accepted,local_only/visual_audit_not_published,local_only/source_json_not_published,
AUD20260828-0143,zotero_LVN4MHDD,LVN4MHDD,10.2494/photopolymer.32.257,Conjugated ketocarbazoles as efficient photoinitiators: From facile synthesis to efficient two-photon polymerization,pulse_repetition_rate,80,MHz,80,MHz,4,repetition rate ... 80 MHz,,,,numeric,text_exact,high_manual_visual_qc,accepted,local_only/visual_audit_not_published,local_only/source_json_not_published,
AUD20260828-0144,zotero_LVN4MHDD,LVN4MHDD,10.2494/photopolymer.32.257,Conjugated ketocarbazoles as efficient photoinitiators: From facile synthesis to efficient two-photon polymerization,pi_loading,1.3 × 10−6,mol PI/g resin,1.3 × 10−6,mol PI/g resin,4,acrylate-based resin ... containing the 2PI (1.3 × 10−6 mol PI/g resin),TMPTA/TMP3EOTA; 1:1 equiv. functional groups,,,numeric,text_exact,high_manual_visual_qc,accepted,local_only/visual_audit_not_published,local_only/source_json_not_published,
AUD20260828-0145,zotero_LVN4MHDD,LVN4MHDD,10.2494/photopolymer.32.257,Conjugated ketocarbazoles as efficient photoinitiators: From facile synthesis to efficient two-photon polymerization,point_spacing,150,nm,150,nm,4,distance between two points at x-y-z axis was 150 nm,,,,numeric,text_exact,high_manual_visual_qc,accepted,local_only/visual_audit_not_published,local_only/source_json_not_published,
AUD20260828-0146,zotero_LVN4MHDD,LVN4MHDD,10.2494/photopolymer.32.257,Conjugated ketocarbazoles as efficient photoinitiators: From facile synthesis to efficient two-photon polymerization,point_dwell_time,200,µs,200,µs,4,each scanning point stays for 200 µs,,,,numeric,text_exact,high_manual_visual_qc,accepted,local_only/visual_audit_not_published,local_only/source_json_not_published,
AUD20260828-0147,zotero_LVN4MHDD,LVN4MHDD,10.2494/photopolymer.32.257,Conjugated ketocarbazoles as efficient photoinitiators: From facile synthesis to efficient two-photon polymerization,substrate_thickness,170,µm,170,µm,4,glass substrate with 170 µm thickness,,,,numeric,text_exact,high_manual_visual_qc,accepted,local_only/visual_audit_not_published,local_only/source_json_not_published,
AUD20260828-0148,zotero_LVN4MHDD,LVN4MHDD,10.2494/photopolymer.32.257,Conjugated ketocarbazoles as efficient photoinitiators: From facile synthesis to efficient two-photon polymerization,scanning_speed,~750,µm s−1,~750,µm s−1,6,laser writing speed is constant (~750 µm/s),compound 4c doughnut array,,,context,text_exact,high_manual_visual_qc,accepted,local_only/visual_audit_not_published,local_only/source_json_not_published,
AUD20260828-0149,zotero_LVN4MHDD,LVN4MHDD,10.2494/photopolymer.32.257,Conjugated ketocarbazoles as efficient photoinitiators: From facile synthesis to efficient two-photon polymerization,polymerization_threshold_power,10,mW,10,mW,6,cyclopentanone-based 2PI 5c exhibited the lowest polymerization threshold (10 mW),compound 5c,780,,numeric,text_exact,high_manual_visual_qc,accepted,local_only/visual_audit_not_published,local_only/source_json_not_published,Explicit text-reported threshold; Figure 5 window boundaries are not digitized here.
AUD20260828-0150,zotero_LVN4MHDD,LVN4MHDD,10.2494/photopolymer.32.257,Conjugated ketocarbazoles as efficient photoinitiators: From facile synthesis to efficient two-photon polymerization,writing_power,15,mW,15,mW,6,3D ... microstructure can be printed out at a laser power of 15 mW,compound 5c,780,,context,text_exact,high_manual_visual_qc,accepted,local_only/visual_audit_not_published,local_only/source_json_not_published,
