candidate_id,family,mechanism_lane,representative_role,selection_evidence,selection_status,qm_route,qm_result_status,decision_status,provenance_path
VAR_round27_native_0006,round26_oxe_type_i,Type-I OXE N-O cleavage,primary_representative,"final-policy optimized clean Type-I OXE candidate; experimental landing line, not a new PI class claim.",ready_for_qm_and_manual_route_review,N-O BDE; TD-DFT/NTO ICT; S1/T1; radical cleavage plausibility,not_consolidated_in_unique_manuscript_facing_manifest,TD-DFT/NTO ICT; N-O BDE; radical spin density; acrylate-addition plausibility,outputs/final_three_lane_research_package_20260608/final_three_lane_candidate_package.csv
VAR_round27_native_0040,round26_oxe_type_i,Type-I OXE N-O cleavage,primary_representative,"final-policy optimized clean Type-I OXE candidate; experimental landing line, not a new PI class claim.",ready_for_qm_and_manual_route_review,N-O BDE; TD-DFT/NTO ICT; S1/T1; radical cleavage plausibility,not_consolidated_in_unique_manuscript_facing_manifest,TD-DFT/NTO ICT; N-O BDE; radical spin density; acrylate-addition plausibility,outputs/final_three_lane_research_package_20260608/final_three_lane_candidate_package.csv
VAR_round27_native_0017,round26_oxe_type_i,Type-I OXE N-O cleavage,primary_representative,"final-policy optimized clean Type-I OXE candidate; experimental landing line, not a new PI class claim.",ready_for_qm_and_manual_route_review,N-O BDE; TD-DFT/NTO ICT; S1/T1; radical cleavage plausibility,not_consolidated_in_unique_manuscript_facing_manifest,TD-DFT/NTO ICT; N-O BDE; radical spin density; acrylate-addition plausibility,outputs/final_three_lane_research_package_20260608/final_three_lane_candidate_package.csv
VAR_round27_native_0107,round26_oxe_type_i,Type-I OXE N-O cleavage,primary_representative,"final-policy optimized clean Type-I OXE candidate; experimental landing line, not a new PI class claim.",ready_for_qm_and_manual_route_review,N-O BDE; TD-DFT/NTO ICT; S1/T1; radical cleavage plausibility,not_consolidated_in_unique_manuscript_facing_manifest,TD-DFT/NTO ICT; N-O BDE; radical spin density; acrylate-addition plausibility,outputs/final_three_lane_research_package_20260608/final_three_lane_candidate_package.csv
VAR_round27_native_0001,round26_oxe_type_i,Type-I OXE N-O cleavage,supporting_clean_oxe,"final-policy optimized clean Type-I OXE candidate; experimental landing line, not a new PI class claim.",ready_for_qm_and_manual_route_review,N-O BDE; TD-DFT/NTO ICT; S1/T1; radical cleavage plausibility,not_consolidated_in_unique_manuscript_facing_manifest,TD-DFT/NTO ICT; N-O BDE; radical spin density; acrylate-addition plausibility,outputs/final_three_lane_research_package_20260608/final_three_lane_candidate_package.csv
VAR_round27_native_0009,round26_oxe_type_i,Type-I OXE N-O cleavage,supporting_clean_oxe,"final-policy optimized clean Type-I OXE candidate; experimental landing line, not a new PI class claim.",ready_for_qm_and_manual_route_review,N-O BDE; TD-DFT/NTO ICT; S1/T1; radical cleavage plausibility,not_consolidated_in_unique_manuscript_facing_manifest,TD-DFT/NTO ICT; N-O BDE; radical spin density; acrylate-addition plausibility,outputs/final_three_lane_research_package_20260608/final_three_lane_candidate_package.csv
VAR_round27_native_0035,round26_oxe_type_i,Type-I OXE N-O cleavage,supporting_clean_oxe,"final-policy optimized clean Type-I OXE candidate; experimental landing line, not a new PI class claim.",ready_for_qm_and_manual_route_review,N-O BDE; TD-DFT/NTO ICT; S1/T1; radical cleavage plausibility,not_consolidated_in_unique_manuscript_facing_manifest,TD-DFT/NTO ICT; N-O BDE; radical spin density; acrylate-addition plausibility,outputs/final_three_lane_research_package_20260608/final_three_lane_candidate_package.csv
VAR_round27_native_0002,round26_oxe_type_i,Type-I OXE N-O cleavage,supporting_clean_oxe,"final-policy optimized clean Type-I OXE candidate; experimental landing line, not a new PI class claim.",ready_for_qm_and_manual_route_review,N-O BDE; TD-DFT/NTO ICT; S1/T1; radical cleavage plausibility,not_consolidated_in_unique_manuscript_facing_manifest,TD-DFT/NTO ICT; N-O BDE; radical spin density; acrylate-addition plausibility,outputs/final_three_lane_research_package_20260608/final_three_lane_candidate_package.csv
VAR_round27_native_0012,round26_oxe_type_i,Type-I OXE N-O cleavage,supporting_clean_oxe,"final-policy optimized clean Type-I OXE candidate; experimental landing line, not a new PI class claim.",ready_for_qm_and_manual_route_review,N-O BDE; TD-DFT/NTO ICT; S1/T1; radical cleavage plausibility,not_consolidated_in_unique_manuscript_facing_manifest,TD-DFT/NTO ICT; N-O BDE; radical spin density; acrylate-addition plausibility,outputs/final_three_lane_research_package_20260608/final_three_lane_candidate_package.csv
VAR_round27_native_0036,round26_oxe_type_i,Type-I OXE N-O cleavage,supporting_clean_oxe,"final-policy optimized clean Type-I OXE candidate; experimental landing line, not a new PI class claim.",ready_for_qm_and_manual_route_review,N-O BDE; TD-DFT/NTO ICT; S1/T1; radical cleavage plausibility,not_consolidated_in_unique_manuscript_facing_manifest,TD-DFT/NTO ICT; N-O BDE; radical spin density; acrylate-addition plausibility,outputs/final_three_lane_research_package_20260608/final_three_lane_candidate_package.csv
VAR_round27_native_0019,round26_oxe_type_i,Type-I OXE N-O cleavage,supporting_clean_oxe,"final-policy optimized clean Type-I OXE candidate; experimental landing line, not a new PI class claim.",ready_for_qm_and_manual_route_review,N-O BDE; TD-DFT/NTO ICT; S1/T1; radical cleavage plausibility,not_consolidated_in_unique_manuscript_facing_manifest,TD-DFT/NTO ICT; N-O BDE; radical spin density; acrylate-addition plausibility,outputs/final_three_lane_research_package_20260608/final_three_lane_candidate_package.csv
VAR_round27_native_0008,round26_oxe_type_i,Type-I OXE N-O cleavage,supporting_clean_oxe,"final-policy optimized clean Type-I OXE candidate; experimental landing line, not a new PI class claim.",ready_for_qm_and_manual_route_review,N-O BDE; TD-DFT/NTO ICT; S1/T1; radical cleavage plausibility,not_consolidated_in_unique_manuscript_facing_manifest,TD-DFT/NTO ICT; N-O BDE; radical spin density; acrylate-addition plausibility,outputs/final_three_lane_research_package_20260608/final_three_lane_candidate_package.csv
VAR_round27_native_0075,round26_donor_tuned_benchmark,Type-II ET/H-abstraction carbonyl PI,mechanism_control_representative,Type-II/ET/H-abstraction or carbonyl boundary control; supports mechanism interpretation and downgraded-candidate analysis.,ready_for_qm_and_manual_route_review,NTO CT; ET driving force; carbonyl acceptor retention; H-abstraction plausibility,not_consolidated_in_unique_manuscript_facing_manifest,TD-DFT/NTO ICT; triplet state; ET/H-abstraction thermodynamics,outputs/final_three_lane_research_package_20260608/final_three_lane_candidate_package.csv
VAR_round27_native_0097,round26_donor_tuned_benchmark,Type-II ET/H-abstraction carbonyl PI,mechanism_control_representative,Type-II/ET/H-abstraction or carbonyl boundary control; supports mechanism interpretation and downgraded-candidate analysis.,ready_for_qm_and_manual_route_review,NTO CT; ET driving force; carbonyl acceptor retention; H-abstraction plausibility,not_consolidated_in_unique_manuscript_facing_manifest,TD-DFT/NTO ICT; triplet state; ET/H-abstraction thermodynamics,outputs/final_three_lane_research_package_20260608/final_three_lane_candidate_package.csv
VAR_round27_native_0051,ketocoumarin,Type-II ET/H-abstraction carbonyl PI,mechanism_control_representative,Type-II/ET/H-abstraction or carbonyl boundary control; supports mechanism interpretation and downgraded-candidate analysis.,ready_for_qm_and_manual_route_review,NTO CT; ET driving force; carbonyl acceptor retention; H-abstraction plausibility,not_consolidated_in_unique_manuscript_facing_manifest,TD-DFT/NTO ICT; triplet state; ET/H-abstraction thermodynamics,outputs/final_three_lane_research_package_20260608/final_three_lane_candidate_package.csv
ZINCu90000004oZM,benzophenone_like,Type-II/ET candidate,current_non_oxe_seed,"Current ZINC22 final-policy Top200 has only one non-OXE hit; treat as discovery-line seed, not as completed nontraditional scaffold set.",preliminary_final_policy_seed_requires_non_oxe_rerun,donor/acceptor path; ET/H-abstraction or cleavage logic; exact novelty,not_consolidated_in_unique_manuscript_facing_manifest,TD-DFT/NTO CT; triplet-state carbonyl character; ET/H-abstraction thermodynamics,outputs/final_three_lane_research_package_20260608/final_three_lane_candidate_package.csv
