item_id,item_type,human_readable_name,machine_readable_field,source,evidence_summary,scientific_rationale,normalized_rule,unit,transformation,missing_value_rule,model_scope,computational_use,downstream_asset,status,provenance_path
EP001,endpoint,Two-photon response at the operating wavelength,sigma_780,P0003;P0004;P0025,operating-wavelength optical response,operating-wavelength optical response,Include sigma_780 in the six-task profile; treat it as a predictive proxy rather than direct polymerisation performance.,dataset-defined,log1p,task-cell masking; no molecule deletion,D06;F06,multitask target,six-task predictive profile,implemented_in_final_models;literature_links_recorded,outputs/final_outer_test_strict_clean_231_mask_20260726/D06_dense_final/training_run_spec.json;outputs/final_outer_test_strict_clean_231_mask_20260726/F06_dense_plus_pi_family_final/training_run_spec.json;outputs/final_outer_test_strict_clean_231_mask_20260726/strict_clean_231_asset_audit.json
EP002,endpoint,Maximum reported two-photon response,sigma_max,P0003;P0004;P0025,optical screening and external optical comparison,optical screening and external optical comparison,Include sigma_max in the six-task profile; treat it as a predictive proxy rather than direct polymerisation performance.,dataset-defined,log1p,task-cell masking; no molecule deletion,D06;F06,multitask target,six-task profile; ZINC22 deployment,implemented_in_final_models;literature_links_recorded,outputs/final_outer_test_strict_clean_231_mask_20260726/D06_dense_final/training_run_spec.json;outputs/final_outer_test_strict_clean_231_mask_20260726/F06_dense_plus_pi_family_final/training_run_spec.json;outputs/final_outer_test_strict_clean_231_mask_20260726/strict_clean_231_asset_audit.json
EP003,endpoint,Curated toxicity-related proxy,toxicity,P0001;P0002,application and safety constraint,application and safety constraint,Include toxicity in the six-task profile; treat it as a predictive proxy rather than direct polymerisation performance.,dataset-defined,none,task-cell masking; no molecule deletion,D06;F06,multitask target,candidate risk control,implemented_in_final_models;literature_links_recorded,outputs/final_outer_test_strict_clean_231_mask_20260726/D06_dense_final/training_run_spec.json;outputs/final_outer_test_strict_clean_231_mask_20260726/F06_dense_plus_pi_family_final/training_run_spec.json;outputs/final_outer_test_strict_clean_231_mask_20260726/strict_clean_231_asset_audit.json
EP004,endpoint,Solubility/formulation-related endpoint,solubility,P0001;P0002;P0003,resin and formulation compatibility,resin and formulation compatibility,Include solubility in the six-task profile; treat it as a predictive proxy rather than direct polymerisation performance.,dataset-defined,log1p,task-cell masking; no molecule deletion,D06;F06,multitask target,candidate profile; formulation gate,implemented_in_final_models;literature_links_recorded,outputs/final_outer_test_strict_clean_231_mask_20260726/D06_dense_final/training_run_spec.json;outputs/final_outer_test_strict_clean_231_mask_20260726/F06_dense_plus_pi_family_final/training_run_spec.json;outputs/final_outer_test_strict_clean_231_mask_20260726/strict_clean_231_asset_audit.json
EP005,endpoint,Synthetic-accessibility proxy,synthetic_accessibility,project design decision,materialisation feasibility,materialisation feasibility,Include synthetic_accessibility in the six-task profile; treat it as a predictive proxy rather than direct polymerisation performance.,dataset-defined,none,task-cell masking; no molecule deletion,D06;F06,multitask target,candidate portfolio control,implemented_in_final_models;project_design_proxy_literature_mapping_pending,outputs/final_outer_test_strict_clean_231_mask_20260726/D06_dense_final/training_run_spec.json;outputs/final_outer_test_strict_clean_231_mask_20260726/F06_dense_plus_pi_family_final/training_run_spec.json;outputs/final_outer_test_strict_clean_231_mask_20260726/strict_clean_231_asset_audit.json
EP006,endpoint,Intersystem-crossing-related energy proxy,isc_energy,P0003;P0004,photochemical and mechanism relevance,photochemical and mechanism relevance,Include isc_energy in the six-task profile; treat it as a predictive proxy rather than direct polymerisation performance.,dataset-defined,none,task-cell masking; no molecule deletion,D06;F06,multitask target,candidate profile; mechanism-sensitive diagnosis,implemented_in_final_models;literature_links_recorded,outputs/final_outer_test_strict_clean_231_mask_20260726/D06_dense_final/training_run_spec.json;outputs/final_outer_test_strict_clean_231_mask_20260726/F06_dense_plus_pi_family_final/training_run_spec.json;outputs/final_outer_test_strict_clean_231_mask_20260726/strict_clean_231_asset_audit.json
REP000,representation,Chemprop molecular graph,molecular_graph,canonical molecular input,Atom and bond connectivity provide the learned molecular representation shared by D06 and F06.,structure-based molecular learning,Use the molecular graph in both final models.,,Chemprop graph featurisation,invalid molecular records excluded upstream,D06;F06,shared learned representation,final D06/F06 model inputs,implemented_in_final_models,outputs/final_outer_test_strict_clean_231_mask_20260726/D06_dense_final/training_run_spec.json;outputs/final_outer_test_strict_clean_231_mask_20260726/F06_dense_plus_pi_family_final/training_run_spec.json
REP001,representation,Global size descriptor,molecular_weight,outputs/descriptor_v2_feature_manifest.csv,rdkit_dense descriptor defined in the project feature manifest.,Global size descriptor,Compute molecular_weight as a continuous molecular descriptor.,descriptor-defined,model-configured,feature-pipeline validation,D06;F06,molecular representation,final D06/F06 descriptor inputs,implemented_in_final_models,outputs/descriptor_v2_feature_manifest.csv
REP002,representation,Global complexity descriptor,heavy_atom_count,outputs/descriptor_v2_feature_manifest.csv,rdkit_dense descriptor defined in the project feature manifest.,Global complexity descriptor,Compute heavy_atom_count as a continuous molecular descriptor.,descriptor-defined,model-configured,feature-pipeline validation,D06;F06,molecular representation,final D06/F06 descriptor inputs,implemented_in_final_models,outputs/descriptor_v2_feature_manifest.csv
REP003,representation,Structural cyclicity descriptor,ring_count,outputs/descriptor_v2_feature_manifest.csv,rdkit_dense descriptor defined in the project feature manifest.,Structural cyclicity descriptor,Compute ring_count as a continuous molecular descriptor.,descriptor-defined,model-configured,feature-pipeline validation,D06;F06,molecular representation,final D06/F06 descriptor inputs,implemented_in_final_models,outputs/descriptor_v2_feature_manifest.csv
REP004,representation,Aromaticity summary,aromatic_ring_count,outputs/descriptor_v2_feature_manifest.csv,rdkit_dense descriptor defined in the project feature manifest.,Aromaticity summary,Compute aromatic_ring_count as a continuous molecular descriptor.,descriptor-defined,model-configured,feature-pipeline validation,D06;F06,molecular representation,final D06/F06 descriptor inputs,implemented_in_final_models,outputs/descriptor_v2_feature_manifest.csv
REP005,representation,Polarity summary,tpsa,outputs/descriptor_v2_feature_manifest.csv,rdkit_dense descriptor defined in the project feature manifest.,Polarity summary,Compute tpsa as a continuous molecular descriptor.,descriptor-defined,model-configured,feature-pipeline validation,D06;F06,molecular representation,final D06/F06 descriptor inputs,implemented_in_final_models,outputs/descriptor_v2_feature_manifest.csv
REP006,representation,Hydrophobicity summary,logp,outputs/descriptor_v2_feature_manifest.csv,rdkit_dense descriptor defined in the project feature manifest.,Hydrophobicity summary,Compute logp as a continuous molecular descriptor.,descriptor-defined,model-configured,feature-pipeline validation,D06;F06,molecular representation,final D06/F06 descriptor inputs,implemented_in_final_models,outputs/descriptor_v2_feature_manifest.csv
REP007,representation,H-bond acceptor count,hba,outputs/descriptor_v2_feature_manifest.csv,rdkit_dense descriptor defined in the project feature manifest.,H-bond acceptor count,Compute hba as a continuous molecular descriptor.,descriptor-defined,model-configured,feature-pipeline validation,D06;F06,molecular representation,final D06/F06 descriptor inputs,implemented_in_final_models,outputs/descriptor_v2_feature_manifest.csv
REP008,representation,H-bond donor count,hbd,outputs/descriptor_v2_feature_manifest.csv,rdkit_dense descriptor defined in the project feature manifest.,H-bond donor count,Compute hbd as a continuous molecular descriptor.,descriptor-defined,model-configured,feature-pipeline validation,D06;F06,molecular representation,final D06/F06 descriptor inputs,implemented_in_final_models,outputs/descriptor_v2_feature_manifest.csv
REP009,representation,Flexibility summary,rotatable_bonds,outputs/descriptor_v2_feature_manifest.csv,rdkit_dense descriptor defined in the project feature manifest.,Flexibility summary,Compute rotatable_bonds as a continuous molecular descriptor.,descriptor-defined,model-configured,feature-pipeline validation,D06;F06,molecular representation,final D06/F06 descriptor inputs,implemented_in_final_models,outputs/descriptor_v2_feature_manifest.csv
REP010,representation,Saturation summary,fraction_csp3,outputs/descriptor_v2_feature_manifest.csv,rdkit_dense descriptor defined in the project feature manifest.,Saturation summary,Compute fraction_csp3 as a continuous molecular descriptor.,descriptor-defined,model-configured,feature-pipeline validation,D06;F06,molecular representation,final D06/F06 descriptor inputs,implemented_in_final_models,outputs/descriptor_v2_feature_manifest.csv
REP012,representation,Hetero richness summary,hetero_atom_count,outputs/descriptor_v2_feature_manifest.csv,rdkit_dense descriptor defined in the project feature manifest.,Hetero richness summary,Compute hetero_atom_count as a continuous molecular descriptor.,descriptor-defined,model-configured,feature-pipeline validation,D06;F06,molecular representation,final D06/F06 descriptor inputs,implemented_in_final_models,outputs/descriptor_v2_feature_manifest.csv
REP013,representation,Existing PI role-level sparse expert feature,donor_count,outputs/descriptor_v2_feature_manifest.csv,pi_sparse descriptor defined in the project feature manifest.,Existing PI role-level sparse expert feature,Compute donor_count as a continuous molecular descriptor.,descriptor-defined,model-configured,feature-pipeline validation,sparse-descriptor training in progress; final model ID pending,molecular representation,ongoing sparse-representation training and evaluation,training_in_progress_pending_final_results,outputs/descriptor_v2_feature_manifest.csv
REP014,representation,Existing PI role-level sparse expert feature,initiator_count,outputs/descriptor_v2_feature_manifest.csv,pi_sparse descriptor defined in the project feature manifest.,Existing PI role-level sparse expert feature,Compute initiator_count as a continuous molecular descriptor.,descriptor-defined,model-configured,feature-pipeline validation,sparse-descriptor training in progress; final model ID pending,molecular representation,ongoing sparse-representation training and evaluation,training_in_progress_pending_final_results,outputs/descriptor_v2_feature_manifest.csv
REP015,representation,Existing PI role-level sparse expert feature,bridge_count,outputs/descriptor_v2_feature_manifest.csv,pi_sparse descriptor defined in the project feature manifest.,Existing PI role-level sparse expert feature,Compute bridge_count as a continuous molecular descriptor.,descriptor-defined,model-configured,feature-pipeline validation,sparse-descriptor training in progress; final model ID pending,molecular representation,ongoing sparse-representation training and evaluation,training_in_progress_pending_final_results,outputs/descriptor_v2_feature_manifest.csv
REP016,representation,Existing PI role-level sparse expert feature,has_donor,outputs/descriptor_v2_feature_manifest.csv,pi_sparse descriptor defined in the project feature manifest.,Existing PI role-level sparse expert feature,Compute has_donor as a binary molecular descriptor.,descriptor-defined,model-configured,feature-pipeline validation,sparse-descriptor training in progress; final model ID pending,molecular representation,ongoing sparse-representation training and evaluation,training_in_progress_pending_final_results,outputs/descriptor_v2_feature_manifest.csv
REP017,representation,Existing PI role-level sparse expert feature,has_acceptor_or_initiator,outputs/descriptor_v2_feature_manifest.csv,pi_sparse descriptor defined in the project feature manifest.,Existing PI role-level sparse expert feature,Compute has_acceptor_or_initiator as a binary molecular descriptor.,descriptor-defined,model-configured,feature-pipeline validation,sparse-descriptor training in progress; final model ID pending,molecular representation,ongoing sparse-representation training and evaluation,training_in_progress_pending_final_results,outputs/descriptor_v2_feature_manifest.csv
REP018,representation,Existing PI role-level sparse expert feature,has_conjugated_bridge,outputs/descriptor_v2_feature_manifest.csv,pi_sparse descriptor defined in the project feature manifest.,Existing PI role-level sparse expert feature,Compute has_conjugated_bridge as a binary molecular descriptor.,descriptor-defined,model-configured,feature-pipeline validation,sparse-descriptor training in progress; final model ID pending,molecular representation,ongoing sparse-representation training and evaluation,training_in_progress_pending_final_results,outputs/descriptor_v2_feature_manifest.csv
REP019,representation,Existing PI role-level dense-ish structural summary,max_conjugated_subgraph_size,outputs/descriptor_v2_feature_manifest.csv,pi_sparse descriptor defined in the project feature manifest.,Existing PI role-level dense-ish structural summary,Compute max_conjugated_subgraph_size as a continuous molecular descriptor.,descriptor-defined,model-configured,feature-pipeline validation,sparse-descriptor training in progress; final model ID pending,molecular representation,ongoing sparse-representation training and evaluation,training_in_progress_pending_final_results,outputs/descriptor_v2_feature_manifest.csv
REP020,representation,Aggregate count of strong donor families,strong_donor_family_count,outputs/descriptor_v2_feature_manifest.csv,pi_broadened descriptor defined in the project feature manifest.,Aggregate count of strong donor families,Compute strong_donor_family_count as a continuous molecular descriptor.,descriptor-defined,model-configured,feature-pipeline validation,F06,molecular representation,final F06 family-sensitive descriptor input,implemented_in_final_F06,outputs/descriptor_v2_feature_manifest.csv
REP021,representation,Aggregate count of broader donor families,general_donor_family_count,outputs/descriptor_v2_feature_manifest.csv,pi_broadened descriptor defined in the project feature manifest.,Aggregate count of broader donor families,Compute general_donor_family_count as a continuous molecular descriptor.,descriptor-defined,model-configured,feature-pipeline validation,F06,molecular representation,final F06 family-sensitive descriptor input,implemented_in_final_F06,outputs/descriptor_v2_feature_manifest.csv
REP022,representation,Aggregate count of non-carbonyl acceptor families,acceptor_family_count,outputs/descriptor_v2_feature_manifest.csv,pi_broadened descriptor defined in the project feature manifest.,Aggregate count of non-carbonyl acceptor families,Compute acceptor_family_count as a continuous molecular descriptor.,descriptor-defined,model-configured,feature-pipeline validation,F06,molecular representation,final F06 family-sensitive descriptor input,implemented_in_final_F06,outputs/descriptor_v2_feature_manifest.csv
REP023,representation,Aggregate count of carbonyl-centered acceptor families,carbonyl_acceptor_count,outputs/descriptor_v2_feature_manifest.csv,pi_broadened descriptor defined in the project feature manifest.,Aggregate count of carbonyl-centered acceptor families,Compute carbonyl_acceptor_count as a continuous molecular descriptor.,descriptor-defined,model-configured,feature-pipeline validation,F06,molecular representation,final F06 family-sensitive descriptor input,implemented_in_final_F06,outputs/descriptor_v2_feature_manifest.csv
REP024,representation,Aggregate count of broadened initiator families,initiator_family_count,outputs/descriptor_v2_feature_manifest.csv,pi_broadened descriptor defined in the project feature manifest.,Aggregate count of broadened initiator families,Compute initiator_family_count as a continuous molecular descriptor.,descriptor-defined,model-configured,feature-pipeline validation,F06,molecular representation,final F06 family-sensitive descriptor input,implemented_in_final_F06,outputs/descriptor_v2_feature_manifest.csv
REP025,representation,Broadened bridge family count,simple_vinylene_bridge_count,outputs/descriptor_v2_feature_manifest.csv,pi_broadened descriptor defined in the project feature manifest.,Broadened bridge family count,Compute simple_vinylene_bridge_count as a continuous molecular descriptor.,descriptor-defined,model-configured,feature-pipeline validation,F06,molecular representation,final F06 family-sensitive descriptor input,implemented_in_final_F06,outputs/descriptor_v2_feature_manifest.csv
REP026,representation,Broadened bridge family count,alkynyl_bridge_count,outputs/descriptor_v2_feature_manifest.csv,pi_broadened descriptor defined in the project feature manifest.,Broadened bridge family count,Compute alkynyl_bridge_count as a continuous molecular descriptor.,descriptor-defined,model-configured,feature-pipeline validation,F06,molecular representation,final F06 family-sensitive descriptor input,implemented_in_final_F06,outputs/descriptor_v2_feature_manifest.csv
REP027,representation,Broadened bridge family count,heteroaryl_bridge_count,outputs/descriptor_v2_feature_manifest.csv,pi_broadened descriptor defined in the project feature manifest.,Broadened bridge family count,Compute heteroaryl_bridge_count as a continuous molecular descriptor.,descriptor-defined,model-configured,feature-pipeline validation,F06,molecular representation,final F06 family-sensitive descriptor input,implemented_in_final_F06,outputs/descriptor_v2_feature_manifest.csv
REP028,representation,Broadened bridge family count,carbonyl_bridge_count,outputs/descriptor_v2_feature_manifest.csv,pi_broadened descriptor defined in the project feature manifest.,Broadened bridge family count,Compute carbonyl_bridge_count as a continuous molecular descriptor.,descriptor-defined,model-configured,feature-pipeline validation,F06,molecular representation,final F06 family-sensitive descriptor input,implemented_in_final_F06,outputs/descriptor_v2_feature_manifest.csv
REP029,representation,Global conjugation connectivity summary,conjugated_path_length,outputs/descriptor_v2_feature_manifest.csv,pi_broadened descriptor defined in the project feature manifest.,Global conjugation connectivity summary,Compute conjugated_path_length as a continuous molecular descriptor.,descriptor-defined,model-configured,feature-pipeline validation,F06,molecular representation,final F06 family-sensitive descriptor input,implemented_in_final_F06,outputs/descriptor_v2_feature_manifest.csv
REP030,representation,Global conjugation density summary,conjugated_atom_fraction,outputs/descriptor_v2_feature_manifest.csv,pi_broadened descriptor defined in the project feature manifest.,Global conjugation density summary,Compute conjugated_atom_fraction as a continuous molecular descriptor.,descriptor-defined,model-configured,feature-pipeline validation,F06,molecular representation,final F06 family-sensitive descriptor input,implemented_in_final_F06,outputs/descriptor_v2_feature_manifest.csv
REP031,representation,Sparse high-precision expert feature; keep alongside broader acceptor families,acceptor_count,outputs/descriptor_v2_feature_manifest.csv,pi_sparse descriptor defined in the project feature manifest.,Sparse high-precision expert feature; keep alongside broader acceptor families,Compute acceptor_count as a continuous molecular descriptor.,descriptor-defined,model-configured,feature-pipeline validation,sparse-descriptor training in progress; final model ID pending,molecular representation,ongoing sparse-representation training and evaluation,training_in_progress_pending_final_results,outputs/descriptor_v2_feature_manifest.csv
