paper_id,doi,title,parse_status,page_count,text_char_count,structured_evidence_status,notes
ZPC-000012,10.1021/acsmacrolett.7b00499,Wavelength-dependent photochemical stability of photoinitiator-derived macromolecular chain termini,parsed,7,30692,raw_text_only,Raw local PDF text; not promoted to scientific evidence without source-linked extraction.
ZPC-000021,10.1016/j.dental.2015.10.013,Tris(trimethylsilyl)silane as a co-initiator for dental adhesive: Photo-polymerization kinetics and dynamic mechanical property,parsed,12,60473,raw_text_only,Raw local PDF text; not promoted to scientific evidence without source-linked extraction.
ZPC-000027,10.1021/acs.macromol.1c00856,Solvent-free three-dimensional printing of biodegradable elastomers using liquid macrophotoinitiators,parsed,10,53658,raw_text_only,Raw local PDF text; not promoted to scientific evidence without source-linked extraction.
ZPC-000031,10.1021/acs.macromol.7b00089,Wavelength-dependent photochemistry of oxime ester photoinitiators,parsed,9,40782,structured_in_public_registry,Source-linked object exists in literature_knowledge registries.
ZPC-000032,10.1021/acs.macromol.1c02252,Hybrid Free-Radical/Cationic Phase-Separated UV-Curable System: Impact of Photoinitiator Content and Monomer Fraction on Surface Morphologies and Gloss Appearance,parsed,11,52857,raw_text_only,Raw local PDF text; not promoted to scientific evidence without source-linked extraction.
ZPC-000049,10.1039/d4sc03527e,Two- and three-photon processes during photopolymerization in 3D laser printing,parsed,16,82259,raw_text_only,Raw local PDF text; not promoted to scientific evidence without source-linked extraction.
ZPC-000222,10.1021/acsapm.8b00165,Photopolymerization in 3D Printing,parsed,19,113390,structured_in_public_registry,Source-linked object exists in literature_knowledge registries.
ZPC-000241,10.3906/kim-0803-30,Study of the polymerization of methyl methacrylate initiated by thioxanthone derivatives: a magnetic field effect,parsed,7,13505,raw_text_only,Raw local PDF text; not promoted to scientific evidence without source-linked extraction.
ZPC-000252,10.1163/156856197x00598,Surface photografting of low-density polyethylene films and its relevance to photolamination,parsed,18,34331,raw_text_only,Raw local PDF text; not promoted to scientific evidence without source-linked extraction.
ZPC-000265,10.1002/app.22956,Synthesis and characterization of oligomers containing the α-aminoalkylphenone chromophore as oligomeric photoinitiator,parsed,8,28187,raw_text_only,Raw local PDF text; not promoted to scientific evidence without source-linked extraction.
ZPC-000269,10.1002/app.38488,Synthesis and crosslinking kinetic study of epoxidized and acrylated/epoxidized oligoisoprenes: Comparison between cationic and radical photopolymerization,parsed,9,42151,raw_text_only,Raw local PDF text; not promoted to scientific evidence without source-linked extraction.
ZPC-000277,10.1002/pat.1656,Synthesis and photoinitiating behavior of hyperbranched polymeric photoinitiators bearing coinitiator amine,parsed,8,35442,raw_text_only,Raw local PDF text; not promoted to scientific evidence without source-linked extraction.
ZPC-000279,10.1002/app.27668,Synthesis and photopolymerization characterization of a novel difunctional photoinitiator,parsed,6,23879,raw_text_only,Raw local PDF text; not promoted to scientific evidence without source-linked extraction.
ZPC-000285,10.1016/j.porgcoat.2020.105546,Synthesis and photopolymerization of novel UV-curable macro-photoinitiators,parsed,8,34579,raw_text_only,Raw local PDF text; not promoted to scientific evidence without source-linked extraction.
ZPC-000302,10.1016/j.porgcoat.2020.105565,Synthesis of organic and inorganic hybrid nanoparticles as multifunctional photoinitiator and its application in UV-curable epoxy acrylate-based coating systems,parsed,9,41464,raw_text_only,Raw local PDF text; not promoted to scientific evidence without source-linked extraction.
ZPC-000304,10.1016/j.porgcoat.2018.05.008,Synthesis of UV-curing waterborne polyurethane-acrylate coating and its photopolymerization kinetics using FT-IR and photo-DSC methods,parsed,9,43522,raw_text_only,Raw local PDF text; not promoted to scientific evidence without source-linked extraction.
ZPC-000314,10.3390/nano12152631,The 3D printing behavior of photocurable ceramic/polymer composite slurries prepared with different particle sizes,parsed,13,41004,raw_text_only,Raw local PDF text; not promoted to scientific evidence without source-linked extraction.
ZPC-000320,10.1016/j.procir.2013.01.044,The effect of a type I photoinitiator on cure kinetics and cell toxicity in projection-microstereolithography,parsed,4,16993,raw_text_only,Raw local PDF text; not promoted to scientific evidence without source-linked extraction.
ZPC-000323,10.4028/www.scientific.net/amr.174.433,The effect of photoinitiator on UV screen printing photochromic Ink'S curing performance,parsed,5,10265,raw_text_only,Raw local PDF text; not promoted to scientific evidence without source-linked extraction.
ZPC-000328,10.1002/(sici)1097-4628(19971114)66:7<1267::aid-app6>3.0.co;2-e,The effects of processing variables on stress development in ultraviolet-cured coatings,parsed,11,33765,raw_text_only,Raw local PDF text; not promoted to scientific evidence without source-linked extraction.
ZPC-000329,10.1002/(sici)1522-9505(19980401)256:1<1::aid-apmc1>3.0.co;2-8,The effects of photocrosslinking parameters on films made from mixtures of maleate and vinyl ether functional oligomers: a factorial model,parsed,8,26996,raw_text_only,Raw local PDF text; not promoted to scientific evidence without source-linked extraction.
ZPC-000336,10.2478/bf02475199,The influence of temperature and photoinitiator concentration on photoinitiated polymerization of diacrylate monomer,parsed,10,17396,raw_text_only,Raw local PDF text; not promoted to scientific evidence without source-linked extraction.
ZPC-000343,10.1002/app.22679,The preparation and physical properties of UP/montmorillonite nanocomposite by UV radiation curing,parsed,7,19136,raw_text_only,Raw local PDF text; not promoted to scientific evidence without source-linked extraction.
ZPC-000347,10.2341/17-263-l,The use of different photoinitiator systems in photopolymerizing resin cements through ceramic veneers,parsed,9,37013,raw_text_only,Raw local PDF text; not promoted to scientific evidence without source-linked extraction.
ZPC-000352,10.1007/s10973-013-3446-z,Thermogravimetric analysis of thermal stability of poly(methyl methacrylate) films modified with photoinitiators,parsed,8,28660,raw_text_only,Raw local PDF text; not promoted to scientific evidence without source-linked extraction.
ZPC-000354,10.1002/polb.21842,Thermophysical analysis of SU8-modified microstructures created by visible light lithography,parsed,8,29504,raw_text_only,Raw local PDF text; not promoted to scientific evidence without source-linked extraction.
ZPC-000356,10.1039/b009992i,Thin layer molecularly imprinted microfiltration membranes by photofunctionalization using a coated α-cleavage photoinitiator,parsed,7,35195,raw_text_only,Raw local PDF text; not promoted to scientific evidence without source-linked extraction.
ZPC-000360,10.1016/j.porgcoat.2020.105939,Thioxanthone attached polyhedral oligomeric silsesquioxane (POSS) nano-photoinitiator for preparation of PMMA hybrid networks in air atmosphere,parsed,7,30484,raw_text_only,Raw local PDF text; not promoted to scientific evidence without source-linked extraction.
ZPC-000374,10.1039/c2ra00892k,Three-component photoinitiating systems: towards innovative tailor made high performance combinations,parsed,9,41188,raw_text_only,Raw local PDF text; not promoted to scientific evidence without source-linked extraction.
ZPC-000385,10.1166/jnn.2013.6011,Two-photon induced photopolymerization using photoinitiator with an intramolecular radical quenching moiety for nanolithography,parsed,4,17763,raw_text_only,Raw local PDF text; not promoted to scientific evidence without source-linked extraction.
ZPC-000393,10.1002/pat.1560,"Ultraviolet-induced crosslinking of poly(butylene succinate) and its thermal property, dynamic mechanical property, and biodegradability",parsed,9,42920,raw_text_only,Raw local PDF text; not promoted to scientific evidence without source-linked extraction.
ZPC-000394,10.1002/app.22130,Ultraviolet-curing behavior of an epoxy acrylate resin system,parsed,6,22847,raw_text_only,Raw local PDF text; not promoted to scientific evidence without source-linked extraction.
ZPC-000403,10.2494/photopolymer.29.99,UV curable formulations for UV-c leds,parsed,6,18311,raw_text_only,Raw local PDF text; not promoted to scientific evidence without source-linked extraction.
ZPC-000410,10.1007/s00289-012-0725-y,UV-crosslinkable acrylic pressure-sensitive adhesives for industrial application,parsed,10,20924,raw_text_only,Raw local PDF text; not promoted to scientific evidence without source-linked extraction.
ZPC-000414,10.2109/jcersj2.116.896,UV-curing of titanium dioxide pigmented epoxy acrylate coating on ceramic tiles,parsed,8,45685,raw_text_only,Raw local PDF text; not promoted to scientific evidence without source-linked extraction.
ZPC-000419,10.3390/coatings13010040,Verification of the influence of the 2-hydroxy-2-methylpropiophenone (photoinitiator) content in hydrogel materials on their physicochemical properties and surface morphology,parsed,21,75538,raw_text_only,Raw local PDF text; not promoted to scientific evidence without source-linked extraction.
ZPC-000430,10.3390/ma10121445,Visible light photoinitiator for 3D-printing of tough methacrylate resins,parsed,11,54774,raw_text_only,Raw local PDF text; not promoted to scientific evidence without source-linked extraction.
ZPC-000431,10.1134/s1560090414050145,Visible light photopolymerization induced by triazine derivative,parsed,6,17600,raw_text_only,Raw local PDF text; not promoted to scientific evidence without source-linked extraction.
ZPC-000437,10.1002/marc.201200605,Visible-light-mediated thiol-ene hydrogelation using eosin-y as the only photoinitiator,parsed,5,25626,raw_text_only,Raw local PDF text; not promoted to scientific evidence without source-linked extraction.
ZPC-000441,10.1002/macp.201100485,VUV-induced photopolymerization of acrylates,parsed,11,51557,raw_text_only,Raw local PDF text; not promoted to scientific evidence without source-linked extraction.
ZPC-000449,10.1002/cptc.201700157,Zirconium propoxide: a coupling agent for the synthesis of multifunctional photoinitiators,parsed,4,20257,raw_text_only,Raw local PDF text; not promoted to scientific evidence without source-linked extraction.
ZPC-000461,10.1021/ma201170y,Access to nanostructured hydrogel networks through photocured body-centered cubic block copolymer melts,parsed,11,64736,raw_text_only,Raw local PDF text; not promoted to scientific evidence without source-linked extraction.
ZPC-000479,10.1021/la053188e,Simple photografting method to chemically modify and micropattern the surface of SU-8 photoresist,parsed,7,47716,raw_text_only,Raw local PDF text; not promoted to scientific evidence without source-linked extraction.
ZPC-000507,10.1021/acs.biomac.6b00931,Modular and adaptable tumor niche prepared from visible light initiated thiol-norbornene photopolymerization,parsed,11,47991,raw_text_only,Raw local PDF text; not promoted to scientific evidence without source-linked extraction.
ZPC-000547,10.1021/acsami.0c19608,Additive-free and support-free 3D printing of thermosetting polymers with isotropic mechanical properties,parsed,10,55131,raw_text_only,Raw local PDF text; not promoted to scientific evidence without source-linked extraction.
ZPC-000574,10.36922/ijb025480497,A visible light-crosslinkable decellularized kidney matrix bioink for 3D bioprinting of organoids and drug testing,parsed,16,60612,raw_text_only,Raw local PDF text; not promoted to scientific evidence without source-linked extraction.
ZPC-000582,10.1016/j.indcrop.2021.113331,Bio-based organic-inorganic hybrid UV-curable hydrophobic coating prepared from epoxidized vegetable oils,parsed,11,49030,raw_text_only,Raw local PDF text; not promoted to scientific evidence without source-linked extraction.
ZPC-000583,10.1016/j.polymer.2017.04.039,Localized polymerization using single photon photoinitiators in two photon process for fabricating subwavelength structures,parsed,12,25538,raw_text_only,Raw local PDF text; not promoted to scientific evidence without source-linked extraction.
ZPC-000589,10.1016/j.eurpolymj.2020.110055,Riboflavin-induced metal-free ATRP of (meth)acrylates,parsed,32,48591,raw_text_only,Raw local PDF text; not promoted to scientific evidence without source-linked extraction.
ZPC-000621,10.31489/2959-0663/2-23-14,Thiol-ene click synthesis of alginate hydrogels loaded with silver nanoparticles and cefepime,parsed,10,36111,raw_text_only,Raw local PDF text; not promoted to scientific evidence without source-linked extraction.
ZPC-000665,10.1002/anie.202414938,Cyclic acetals as expanding monomers to reduce shrinkage,parsed,11,49999,raw_text_only,Raw local PDF text; not promoted to scientific evidence without source-linked extraction.
ZPC-000682,10.1002/mame.200400341,Polymerization kinetics and characterization of dual cured polyurethane-acrylate nanocomposites for laminates,parsed,10,37059,raw_text_only,Raw local PDF text; not promoted to scientific evidence without source-linked extraction.
ZPC-000685,10.1021/ma9514838,"Synthesis and photoinitiated cationic polymerization of 2-methylene-7-phenyl-1,4,6,9-tetraoxaspiro[4.4]nonane",parsed,6,27897,raw_text_only,Raw local PDF text; not promoted to scientific evidence without source-linked extraction.
ZPC-000705,10.1155/2018/8719624,"Synthesis, characterization, and visible light curing capacity of polycaprolactone acrylate",parsed,9,29169,raw_text_only,Raw local PDF text; not promoted to scientific evidence without source-linked extraction.
ZPC-000711,10.1039/c9py01819k,Silane/iodonium salt as redox/thermal/photoinitiating systems in radical and cationic polymerizations for laser write and composites,parsed,10,40723,raw_text_only,Raw local PDF text; not promoted to scientific evidence without source-linked extraction.
ZPC-000714,10.1021/acs.jafc.5b00796,Development of iron-chelating poly(ethylene terephthalate) packaging for inhibiting lipid oxidation in oil-in-water emulsions,parsed,6,33597,raw_text_only,Raw local PDF text; not promoted to scientific evidence without source-linked extraction.
ZPC-000724,10.1021/ma071287o,Ambient-temperature RAFT polymerization of styrene and its functional derivatives under mild long-wave UV-vis radiation,parsed,10,52816,raw_text_only,Raw local PDF text; not promoted to scientific evidence without source-linked extraction.
ZPC-000740,10.1021/acsabm.2c00214,Fast-curing injectable microporous hydrogel for in situ cell encapsulation,parsed,9,48457,raw_text_only,Raw local PDF text; not promoted to scientific evidence without source-linked extraction.
ZPC-000769,10.1039/c1py00106j,Functional poly(vinylidene fluoride) copolymer membranes via surface-initiated thiol-ene click reactions,parsed,10,50101,raw_text_only,Raw local PDF text; not promoted to scientific evidence without source-linked extraction.
ZPC-000779,10.1021/acsami.1c00831,High refractive index photopolymers by thiol-yne “click” polymerization,parsed,12,57853,raw_text_only,Raw local PDF text; not promoted to scientific evidence without source-linked extraction.
ZPC-000824,10.1021/acs.langmuir.5b03484,Simultaneous formation of a self-wrinkled surface and silver nanoparticles on a functional photocuring coating,parsed,27,53153,raw_text_only,Raw local PDF text; not promoted to scientific evidence without source-linked extraction.
ZPC-000828,10.1016/j.actbio.2015.03.024,Covalently-crosslinked mucin biopolymer hydrogels for sustained drug delivery,parsed,9,53462,raw_text_only,Raw local PDF text; not promoted to scientific evidence without source-linked extraction.
ZPC-000835,10.1016/j.porgcoat.2020.105820,One-step synthesis of novel renewable multi-functional linseed oil-based acrylate prepolymers and its application in UV-curable coatings,parsed,10,51859,raw_text_only,Raw local PDF text; not promoted to scientific evidence without source-linked extraction.
ZPC-000843,10.1039/c3py01064c,Evaluation and development of novel photoinitiator complexes for photoinitiating the copper-catalyzed azide-alkyne cycloaddition reaction,parsed,10,40114,raw_text_only,Raw local PDF text; not promoted to scientific evidence without source-linked extraction.
ZPC-000884,10.1021/ma990821s,A novel sequential photoinduced living graft polymerization,parsed,5,27741,raw_text_only,Raw local PDF text; not promoted to scientific evidence without source-linked extraction.
ZPC-000889,10.1016/j.saa.2019.117447,Synthesis and quantitative analyses of acrylamide-grafted poly(lactide-co-glycidyl methacrylate) amphiphilic copolymers for environmental and biomedical applications,parsed,12,54763,raw_text_only,Raw local PDF text; not promoted to scientific evidence without source-linked extraction.
ZPC-000901,10.1021/acsapm.1c00752,Initiator-free photohydrogelation of linear coumarin-containing poly(ethylene glycol) methacrylates and study of ultrasound-triggered gel breakdown,parsed,11,54736,raw_text_only,Raw local PDF text; not promoted to scientific evidence without source-linked extraction.
ZPC-000946,10.1016/j.indcrop.2019.04.039,Synthesis and characterization of a novel tri-functional bio-based methacrylate prepolymer from castor oil and its application in UV-curable coatings,parsed,9,42814,raw_text_only,Raw local PDF text; not promoted to scientific evidence without source-linked extraction.
ZPC-000963,10.1002/adfm.200700448,Photosensitive carbon nanotube paste based on acrylated single-walled carbon nanotubes,parsed,6,25510,raw_text_only,Raw local PDF text; not promoted to scientific evidence without source-linked extraction.
ZPC-000981,10.1038/s41598-025-04254-3,Analysis of monomer ratios in a dimethacrylate mixture using positron annihilation spectroscopy,parsed,8,31666,raw_text_only,Raw local PDF text; not promoted to scientific evidence without source-linked extraction.
ZPC-001071,10.1016/j.dental.2014.02.021,The reciprocity law concerning light dose relationships applied to BisGMA/TEGDMA photopolymers: Theoretical analysis and experimental characterization,parsed,8,36530,raw_text_only,Raw local PDF text; not promoted to scientific evidence without source-linked extraction.
ZPC-001089,10.1002/adfm.201707107,"Functionally graded, bone- and tendon-like polyurethane for rotator cuff repair",parsed,16,82024,raw_text_only,Raw local PDF text; not promoted to scientific evidence without source-linked extraction.
ZPC-001094,10.1021/la502418s,"Methacrylation induces rapid, temperature-dependent, reversible self-assembly of type-i collagen",parsed,8,46319,raw_text_only,Raw local PDF text; not promoted to scientific evidence without source-linked extraction.
ZPC-001112,10.1002/vjch.202200194,Influence of the black seed oil modified epoxy resin/biscycloaliphatic epoxide monomer weight ratio on thermal properties of photocrosslinked coatings,parsed,9,38086,raw_text_only,Raw local PDF text; not promoted to scientific evidence without source-linked extraction.
ZPC-001140,10.1021/acsaenm.4c00275,Room temperature photocurable PEEK polymer formulations for high-performance 3D printing applications,parsed,10,45085,raw_text_only,Raw local PDF text; not promoted to scientific evidence without source-linked extraction.
ZPC-001142,10.1021/acsami.5b03731,UV-curable nanocomposite based on methacrylic-siloxane resin and surface-modified TiO2 nanocrystals,parsed,12,63717,raw_text_only,Raw local PDF text; not promoted to scientific evidence without source-linked extraction.
ZPC-001199,10.1021/acs.macromol.8b02486,Molecular origin of the induction period in photoinitiated cationic polymerization of epoxies and oxetanes,parsed,8,34793,raw_text_only,Raw local PDF text; not promoted to scientific evidence without source-linked extraction.
ZPC-001218,10.1016/j.compositesb.2018.11.009,Stretchable and patchable composite electrode with trimethylolpropane formal acrylate-based polymer,parsed,8,35309,raw_text_only,Raw local PDF text; not promoted to scientific evidence without source-linked extraction.
ZPC-001229,10.1007/s42114-025-01299-w,Engineering ceramics for biomedical applications through nanofiller integration and 3D printing,parsed,17,59716,raw_text_only,Raw local PDF text; not promoted to scientific evidence without source-linked extraction.
ZPC-001233,10.1021/acsami.6b09144,Initiatorless photopolymerization of liquid crystal monomers,parsed,7,36304,raw_text_only,Raw local PDF text; not promoted to scientific evidence without source-linked extraction.
ZPC-001265,10.1088/1758-5090/aa857c,GelMA-collagen blends enable drop-on-demand 3D printablility and promote angiogenesis,parsed,33,61455,raw_text_only,Raw local PDF text; not promoted to scientific evidence without source-linked extraction.
ZPC-001287,10.1021/acsami.9b19431,High-resolution 3D printing of stretchable hydrogel structures using optical projection lithography,parsed,29,53649,raw_text_only,Raw local PDF text; not promoted to scientific evidence without source-linked extraction.
ZPC-001298,10.1039/c4py01521e,Novel functionalization of porous polypropylene microfiltration membranes: via grafted poly(aminoethyl methacrylate) anchored Schiff bases toward membrane adsorbers for metal ions,parsed,10,42517,raw_text_only,Raw local PDF text; not promoted to scientific evidence without source-linked extraction.
ZPC-001310,10.1039/c8py01652f,Sustainable near UV-curable acrylates based on natural phenolics for stereolithography 3D printing,parsed,12,53680,raw_text_only,Raw local PDF text; not promoted to scientific evidence without source-linked extraction.
ZPC-001324,10.1016/j.jdent.2018.06.004,"Curing potential of experimental resin composites with systematically varying amount of bioactive glass: Degree of conversion, light transmittance and depth of cure",parsed,8,47267,raw_text_only,Raw local PDF text; not promoted to scientific evidence without source-linked extraction.
ZPC-001369,10.1021/acssuschemeng.3c08191,Improving the performance of photoactive terpene-based resin formulations for light-based additive manufacturing,parsed,10,52893,raw_text_only,Raw local PDF text; not promoted to scientific evidence without source-linked extraction.
ZPC-001377,10.1021/acsami.0c18979,Additive manufacture of dynamic thiol-ene networks incorporating anhydride-derived reversible thioester links,parsed,8,41155,raw_text_only,Raw local PDF text; not promoted to scientific evidence without source-linked extraction.
ZPC-001379,10.1016/j.ijpharm.2018.04.056,Photocurable poly(ethylene glycol) as a bioink for the inkjet 3D pharming of hydrophobic drugs,parsed,28,52256,raw_text_only,Raw local PDF text; not promoted to scientific evidence without source-linked extraction.
ZPC-001423,10.1021/bm060834v,Poly(propylene fumarate) bone tissue engineering scaffold fabrication using stereolithography: Effects of resin formulations and laser parameters,parsed,8,39761,raw_text_only,Raw local PDF text; not promoted to scientific evidence without source-linked extraction.
ZPC-001445,10.1021/acs.biomac.3c01060,Pluronic F127-lipoic acid adhesive nanohydrogel combining with ce3+/tannic acid/ulinastatin nanoparticles for promoting wound healing,parsed,17,72380,raw_text_only,Raw local PDF text; not promoted to scientific evidence without source-linked extraction.
ZPC-001453,10.1016/j.coco.2020.100401,Fabrication of continuous glass fiber-reinforced dual-cure epoxy composites via UV-assisted fused deposition modeling,parsed,17,30000,raw_text_only,Raw local PDF text; not promoted to scientific evidence without source-linked extraction.
ZPC-001462,10.1016/j.porgcoat.2018.02.008,Cardanol modified fatty acids from camelina oils for flexible bio-based acrylates coatings,parsed,12,62389,raw_text_only,Raw local PDF text; not promoted to scientific evidence without source-linked extraction.
ZPC-001468,10.1016/j.eurpolymj.2019.109295,Microfabrication of 3D-hydrogels via two-photon polymerization of poly(2-ethyl-2-oxazoline) diacrylates,parsed,36,61934,raw_text_only,Raw local PDF text; not promoted to scientific evidence without source-linked extraction.
ZPC-001477,10.1021/acs.macromol.5b01683,Ferrocene and silicon-containing oxathiacrown macrocycles and linear oligo-oxathioethers obtained via thiol-ene chemistry of a redox-active bifunctional vinyldisiloxane,parsed,15,74038,raw_text_only,Raw local PDF text; not promoted to scientific evidence without source-linked extraction.
ZPC-001500,10.1016/j.polymer.2021.123739,Dual-crosslinked silk fibroin hydrogels with elasticity and cytocompatibility for the regeneration of articular cartilage,parsed,11,52333,raw_text_only,Raw local PDF text; not promoted to scientific evidence without source-linked extraction.
ZPC-001504,10.1021/acsabm.2c00939,4D printing of body temperature-responsive hydrogels based on poly(acrylic acid) with shape-memory and self-healing abilities,parsed,9,49491,raw_text_only,Raw local PDF text; not promoted to scientific evidence without source-linked extraction.
ZPC-001510,10.1021/ma102884w,Synthesis of biobased polyols by thiol-ene coupling from vegetable oils,parsed,12,54083,raw_text_only,Raw local PDF text; not promoted to scientific evidence without source-linked extraction.
ZPC-001547,10.1021/ma500244r,"A dual-cure, solid-state photoresist combining a thermoreversible diels-alder network and a chain growth acrylate network",parsed,10,52586,raw_text_only,Raw local PDF text; not promoted to scientific evidence without source-linked extraction.
ZPC-001576,10.1016/j.dental.2020.11.004,Titanium dioxide nanotubes with triazine-methacrylate monomer to improve physicochemical and biological properties of adhesives,parsed,1,5511,raw_text_only,Raw local PDF text; not promoted to scientific evidence without source-linked extraction.
ZPC-001588,10.1021/ma4025202,Thiol-ene chemistry of vinylferrocene: a simple and versatile access route to novel electroactive sulfur- and ferrocene-containing model compounds and polysiloxanes,parsed,15,93370,raw_text_only,Raw local PDF text; not promoted to scientific evidence without source-linked extraction.
ZPC-001598,10.1016/j.dental.2021.04.010,"Methacrylate-functionalized proanthocyanidins as novel polymerizable collagen cross-linkers - Part 2: Effects on polymerization, microhardness and leaching of adhesives",parsed,9,41827,raw_text_only,Raw local PDF text; not promoted to scientific evidence without source-linked extraction.
ZPC-001600,10.37188/lam.2024.048,X-photon 3D lithography by fs-oscillators: wavelength-independent and photoinitiator-free,parsed,13,66970,raw_text_only,Raw local PDF text; not promoted to scientific evidence without source-linked extraction.
ZPC-001603,10.1016/j.porgcoat.2017.04.006,Synthesis of allyl acrylpimarate by microwave irradiation and phase -transfer catalytic reaction and its UV-curing reactions as a new monomer,parsed,13,49326,raw_text_only,Raw local PDF text; not promoted to scientific evidence without source-linked extraction.
ZPC-001606,10.1021/acs.macromol.1c00761,Visible-light photoinitiation of (meth)acrylate polymerization with autonomous post-conversion,parsed,14,76721,raw_text_only,Raw local PDF text; not promoted to scientific evidence without source-linked extraction.
ZPC-001609,10.1002/pc.20166,Curing of composite components by ultraviolet radiation: A review,parsed,10,56989,raw_text_only,Raw local PDF text; not promoted to scientific evidence without source-linked extraction.
ZPC-001610,10.3389/fphys.2026.1743209,Visible-light-triggered BMP-2 release from enzymatically crosslinked marine collagen-alginate hydrogel blends enhances osteogenesis in dental pulp stem cells,parsed,20,106860,raw_text_only,Raw local PDF text; not promoted to scientific evidence without source-linked extraction.
ZPC-001628,10.1021/ma402437q,Effect of oxygen inhibition on the kinetic constants of the UV-radical photopolymerization of diurethane dimethacrylate/photoinitiator systems,parsed,8,36120,raw_text_only,Raw local PDF text; not promoted to scientific evidence without source-linked extraction.
ZPC-001641,10.1038/s41598-025-97120-1,One-step 3D printing of flexible poly(acrylamide-co-acrylic acid) hydrogels for enhanced mechanical and electrical performance in wearable strain sensors,parsed,14,52167,raw_text_only,Raw local PDF text; not promoted to scientific evidence without source-linked extraction.
ZPC-001682,10.1021/bm300913q,"Photo-cross-linked poly(ethylene carbonate) elastomers: Synthesis, in vivo degradation, and determination of in vivo degradation mechanism",parsed,9,46087,raw_text_only,Raw local PDF text; not promoted to scientific evidence without source-linked extraction.
ZPC-001705,10.1021/acs.macromol.5c02734,Light-induced copolymerization of ethyl lipoate and vinyl monomers: Increased efficiency and degradability,parsed,12,52910,raw_text_only,Raw local PDF text; not promoted to scientific evidence without source-linked extraction.
ZPC-001741,10.1021/bm060766c,"Synthesis, characterization, and in vitro degradation of a biodegradable photo-cross-linked film from liquid poly(ε-caprolactone-co-lactide-co-glycolide) diacrylate",parsed,10,45132,raw_text_only,Raw local PDF text; not promoted to scientific evidence without source-linked extraction.
ZPC-001744,10.1021/jacs.0c07136,Catalyst halogenation enables rapid and efficient polymerizations with visible to far-red light,parsed,11,56100,raw_text_only,Raw local PDF text; not promoted to scientific evidence without source-linked extraction.
ZPC-001745,10.1021/ja037927u,"Photoinitiated polymerization of columnar stacks of self-assembled trialkyl-1,3,5-benzenetricarboxamide derivatives",parsed,6,29340,raw_text_only,Raw local PDF text; not promoted to scientific evidence without source-linked extraction.
ZPC-001747,10.1021/ma402537r,UV light as external switch and boost of molar-mass control in iodine-mediated polymerization,parsed,10,45890,raw_text_only,Raw local PDF text; not promoted to scientific evidence without source-linked extraction.
ZPC-001748,10.1021/la0493924,MMA/DVB emulsion surface graft polymerization initiated by UV light,parsed,7,32089,raw_text_only,Raw local PDF text; not promoted to scientific evidence without source-linked extraction.
ZPC-001768,10.1016/j.dyepig.2020.108900,Allyloxy ketones as efficient photoinitiators with high migration stability in free radical polymerization and 3D printing,parsed,12,49549,raw_text_only,Raw local PDF text; not promoted to scientific evidence without source-linked extraction.
ZPC-001840,10.1021/acsami.6b14599,Single-phase photo-cross-linkable bioinspired adhesive for precise control of adhesion strength,parsed,32,62592,raw_text_only,Raw local PDF text; not promoted to scientific evidence without source-linked extraction.
ZPC-001846,10.1021/ma702419m,Thiol-functionalized poly(ω-pentadecalactone) telechelics for semicrystalline polymer networks,parsed,7,41938,raw_text_only,Raw local PDF text; not promoted to scientific evidence without source-linked extraction.
ZPC-001856,10.1021/acsabm.5c00950,Tribo-mechanical and antibacterial performance of 3D printed hBN/PEGDA nanocomposites for load-bearing tissue engineering applications,parsed,16,67461,raw_text_only,Raw local PDF text; not promoted to scientific evidence without source-linked extraction.
ZPC-001857,10.1021/acsami.6b08880,3D printing of cantilever-type microstructures by stereolithography of ferromagnetic photopolymers,parsed,34,79218,raw_text_only,Raw local PDF text; not promoted to scientific evidence without source-linked extraction.
ZPC-001859,10.1002/adhm.201500156,A processable shape memory polymer system for biomedical applications,parsed,37,64193,raw_text_only,Raw local PDF text; not promoted to scientific evidence without source-linked extraction.
ZPC-001870,10.1002/vjch.202100194,UV-curing of coatings based on black seed oil modified epoxy resin,parsed,7,26410,raw_text_only,Raw local PDF text; not promoted to scientific evidence without source-linked extraction.
ZPC-001884,10.1016/j.eurpolymj.2020.109594,Toughness modification of cationic UV-cured cycloaliphatic epoxy resin by hydroxyl polymers with different structures,parsed,22,41972,raw_text_only,Raw local PDF text; not promoted to scientific evidence without source-linked extraction.
ZPC-001896,10.1109/tnb.2012.2229468,Measurement of solubility and water sorption of dental nanocomposites light cured by argon laser,parsed,6,28750,raw_text_only,Raw local PDF text; not promoted to scientific evidence without source-linked extraction.
ZPC-001905,10.1021/acs.jpcb.5b06791,Preparation of AgCl nanocubes and their application as efficient photoinitiators in the polymerization of n-isopropylacrylamide,parsed,7,32931,raw_text_only,Raw local PDF text; not promoted to scientific evidence without source-linked extraction.
ZPC-001915,10.1186/s12896-023-00788-4,Preparation and characterization of propolis reinforced eggshell membrane/ GelMA composite hydrogel for biomedical applications,parsed,12,54296,raw_text_only,Raw local PDF text; not promoted to scientific evidence without source-linked extraction.
ZPC-001924,10.1016/j.colsurfb.2020.110904,Customized hybrid and NIR-light triggered thermoresponsive drug delivery microparticles synthetized by photopolymerization in a one-step flow focusing continuous microreactor,parsed,47,73611,raw_text_only,Raw local PDF text; not promoted to scientific evidence without source-linked extraction.
ZPC-001958,10.1016/j.aca.2021.338268,Photo-DSC method for liquid samples used in vat photopolymerization,parsed,19,68503,raw_text_only,Raw local PDF text; not promoted to scientific evidence without source-linked extraction.
ZPC-001975,10.1088/1758-5082/5/3/035002,Fabrication of 3D cell-laden hydrogel microstructures through photo-mold patterning,parsed,15,44906,raw_text_only,Raw local PDF text; not promoted to scientific evidence without source-linked extraction.
ZPC-002009,10.1002/adma.202211702,Quantum dots facilitate 3D two-photon laser lithography,parsed,12,940,raw_text_only,Raw local PDF text; not promoted to scientific evidence without source-linked extraction.
ZPC-002034,10.1021/ma035970w,Synthesis and characterization of in situ cross-linkable hyaluronic acid-based hydrogels with potential application for vocal fold regeneration,parsed,10,51848,raw_text_only,Raw local PDF text; not promoted to scientific evidence without source-linked extraction.
ZPC-002072,10.1021/cm803374b,Fabrication of sol-gel materials with anisotropic physical properties by photo-cross-linking,parsed,7,30723,raw_text_only,Raw local PDF text; not promoted to scientific evidence without source-linked extraction.
ZPC-002089,10.1016/j.jtumed.2020.12.021,Light-cured hyaluronic acid composite hydrogels using riboflavin as a photoinitiator for bone regeneration applications,parsed,11,40490,raw_text_only,Raw local PDF text; not promoted to scientific evidence without source-linked extraction.
ZPC-002112,10.1021/ma301275b,UV-triggered end group conversion of photo-initiated poly(methyl methacrylate),parsed,9,42280,raw_text_only,Raw local PDF text; not promoted to scientific evidence without source-linked extraction.
ZPC-002114,10.1002/mame.200290029,Dual-curing of waterborne urethane-acrylate coatings by UV and thermal processing,parsed,12,42024,raw_text_only,Raw local PDF text; not promoted to scientific evidence without source-linked extraction.
ZPC-002134,10.1002/pc.10509,Dual curing of carbon fiber reinforced photoresins for rapid prototyping,parsed,9,22613,raw_text_only,Raw local PDF text; not promoted to scientific evidence without source-linked extraction.
ZPC-002164,10.1002/vnl.20128,Crosslinking of PVC formulations treated with UV light.: II.: Color formation and viscoelastic properties,parsed,6,20062,raw_text_only,Raw local PDF text; not promoted to scientific evidence without source-linked extraction.
ZPC-002183,10.1021/acs.chemrev.4c00134,"Light from afield: Fast, high-resolution, and layer-free deep vat 3D printing: Focus review",parsed,36,193709,raw_text_only,Raw local PDF text; not promoted to scientific evidence without source-linked extraction.
ZPC-002207,10.1021/acsapm.1c00427,Preparation of a photocured biocompatible hydrogel for urethral tissue engineering,parsed,9,43570,raw_text_only,Raw local PDF text; not promoted to scientific evidence without source-linked extraction.
ZPC-002217,10.1016/j.jcis.2026.139838,Novel sustainable carbon dot as dual replacements for emulsion stabilizers and Photoinitiators in macroporous polymerized high internal phase emulsion fabrication,parsed,30,80243,raw_text_only,Raw local PDF text; not promoted to scientific evidence without source-linked extraction.
ZPC-002231,10.1038/srep20470,Preparation and application of conducting polymer/Ag/clay composite nanoparticles formed by in situ UV-induced dispersion polymerization,parsed,12,43569,raw_text_only,Raw local PDF text; not promoted to scientific evidence without source-linked extraction.
ZPC-002250,10.1088/1758-5090/aac00c,Bio-resin for high resolution lithography-based biofabrication of complex cell-laden constructs,parsed,29,65509,raw_text_only,Raw local PDF text; not promoted to scientific evidence without source-linked extraction.
ZPC-002263,10.1016/j.ceramint.2019.03.024,Preparation of high solid loading and low viscosity ceramic slurries for photopolymerization-based 3D printing,parsed,17,51890,raw_text_only,Raw local PDF text; not promoted to scientific evidence without source-linked extraction.
ZPC-002341,10.1177/0022034515618959,Light-cured self-etch adhesives undergo hydroxyapatite-triggered self-cure,parsed,8,37063,raw_text_only,Raw local PDF text; not promoted to scientific evidence without source-linked extraction.
ZPC-002359,10.1016/j.indcrop.2019.111585,Facile synthesis and characterization of novel multi-functional bio-based acrylate prepolymers derived from tung oil and its application in UV-curable coatings,parsed,11,61415,raw_text_only,Raw local PDF text; not promoted to scientific evidence without source-linked extraction.
ZPC-002365,10.1016/j.ceramint.2020.03.282,Fabrication of high-performance MgTiO3-CaTiO3 microwave ceramics through a stereolithography-based 3D printing,parsed,32,33808,raw_text_only,Raw local PDF text; not promoted to scientific evidence without source-linked extraction.
ZPC-002379,10.1021/acs.inorgchem.6b00680,Biotinylated platinum(II) ferrocenylterpyridine complexes for targeted photoinduced cytotoxicity,parsed,11,66258,raw_text_only,Raw local PDF text; not promoted to scientific evidence without source-linked extraction.
ZPC-002385,10.1021/acs.macromol.8b00051,High performance near-infrared (NIR) photoinitiating systems operating under low light intensity and in the presence of oxygen,parsed,11,45805,raw_text_only,Raw local PDF text; not promoted to scientific evidence without source-linked extraction.
ZPC-002417,10.1021/acsabm.3c00017,Silk fibroin-based shape-memory organohydrogels with semicrystalline microinclusions,parsed,10,49472,raw_text_only,Raw local PDF text; not promoted to scientific evidence without source-linked extraction.
ZPC-002418,10.1002/mame.200600243,Chemical recycling of PET by glycolysis: Polymerization and characterization of the dimethacrylated glycolysate,parsed,10,33696,raw_text_only,Raw local PDF text; not promoted to scientific evidence without source-linked extraction.
ZPC-002419,10.1021/acsabm.1c00564,Dopamine-initiated photopolymerization for a versatile catechol-functionalized hydrogel,parsed,12,60792,raw_text_only,Raw local PDF text; not promoted to scientific evidence without source-linked extraction.
ZPC-002432,10.1021/ma101748c,Production of porous polymeric films with unimodal or bimodal pore-size distributions via depressurization- and photopolymerization-induced bubble nucleation in low-viscosity UV-curable monomer/high-pressure CO2 solutions,parsed,9,44539,raw_text_only,Raw local PDF text; not promoted to scientific evidence without source-linked extraction.
ZPC-002438,10.1021/nl401853k,Redox multiphoton polymerization for 3D nanofabrication,parsed,5,25886,raw_text_only,Raw local PDF text; not promoted to scientific evidence without source-linked extraction.
ZPC-002449,10.1002/nano.202100011,Innovative procedure for 3D printing of hybrid silicon carbide/carbon fiber nanocomposites,parsed,8,24818,raw_text_only,Raw local PDF text; not promoted to scientific evidence without source-linked extraction.
ZPC-002452,10.36922/ijb.6400,Preparation and characterization of dental nanocomposite resin for 3D-printed dental crown and bridge restorations,parsed,28,109154,raw_text_only,Raw local PDF text; not promoted to scientific evidence without source-linked extraction.
ZPC-002459,10.1016/j.carbpol.2018.12.026,Synthesis of photocurable cellulose acetate butyrate resin for continuous liquid interface production of three-dimensional objects with excellent mechanical and chemical-resistant properties,parsed,10,42202,raw_text_only,Raw local PDF text; not promoted to scientific evidence without source-linked extraction.
ZPC-002482,10.1016/j.dyepig.2021.109372,Pyrrole-based enone dyes as radical photointiator under 405/460 nm LED lamp: The effect of ketone structure,parsed,9,45371,raw_text_only,Raw local PDF text; not promoted to scientific evidence without source-linked extraction.
ZPC-002496,10.1002/appl.202400011,Combination of NIR and UV-LEDs enables physical and chemical drying of aqueous coating dispersions as new green technology,parsed,16,75157,raw_text_only,Raw local PDF text; not promoted to scientific evidence without source-linked extraction.
ZPC-002523,10.1088/1758-5090/7/4/045009,A simple and high-resolution stereolithography-based 3D bioprinting system using visible light crosslinkable bioinks,parsed,11,42667,raw_text_only,Raw local PDF text; not promoted to scientific evidence without source-linked extraction.
ZPC-002526,10.1039/d5cc05623c,Photopolymerizable green composite biomaterials for potential 3D printing applications,parsed,14,80314,raw_text_only,Raw local PDF text; not promoted to scientific evidence without source-linked extraction.
ZPC-002553,10.1021/bm1003509,Fabrication of cross-linked polyethyleneimine microfibers by reactive electrospinning with in situ photo-cross-linking by UV radiation,parsed,7,36986,raw_text_only,Raw local PDF text; not promoted to scientific evidence without source-linked extraction.
ZPC-002562,10.1016/j.eurpolymj.2019.05.019,Preparation of biodegradable functionalized polyesters aimed to be used as surgical adhesives,parsed,35,54271,raw_text_only,Raw local PDF text; not promoted to scientific evidence without source-linked extraction.
ZPC-002576,10.18063/ijb.750,Enzymatic post-crosslinking of printed hydrogels of methacrylated gelatin and tyramine-conjugated 8-arm poly(ethylene glycol) to prepare interpenetrating 3D network structures,parsed,16,59066,raw_text_only,Raw local PDF text; not promoted to scientific evidence without source-linked extraction.
ZPC-002594,10.1021/ma030334j,Generation and molecular motion of grafted polymethacrylate chains on an isotactic polypropylene film surface,parsed,6,29985,raw_text_only,Raw local PDF text; not promoted to scientific evidence without source-linked extraction.
ZPC-002625,10.1021/ma5006793,Copper complexes in radical photoinitiating systems: Applications to free radical and cationic polymerization upon visible leds,parsed,8,31109,raw_text_only,Raw local PDF text; not promoted to scientific evidence without source-linked extraction.
ZPC-002642,10.1016/j.dental.2019.11.020,Sulfinates and sulfonates as high performance co-initiators in CQ based systems: Towards aromatic amine-free systems for dental restorative materials,parsed,10,34874,raw_text_only,Raw local PDF text; not promoted to scientific evidence without source-linked extraction.
ZPC-002670,10.1021/cm800867b,Embedding nanofibers in a polymer matrix by polymerization of organogels comprising heterobifunctional organogelators and monomeric solvents,parsed,9,46191,raw_text_only,Raw local PDF text; not promoted to scientific evidence without source-linked extraction.
ZPC-002703,10.1021/acs.macromol.3c02026,Conjugated polymer nanoparticles as visible light panchromatic photoinitiators for 3D printing of acrylic hydrogels,parsed,10,48185,raw_text_only,Raw local PDF text; not promoted to scientific evidence without source-linked extraction.
ZPC-002710,10.1016/j.jeurceramsoc.2020.11.045,Fabrication of ceramic particles from preceramic polymers using stop flow lithography,parsed,7,44759,raw_text_only,Raw local PDF text; not promoted to scientific evidence without source-linked extraction.
ZPC-002739,10.1016/j.porgcoat.2018.05.035,Highly functional methacrylated bio-based resins for UV-curable coatings,parsed,10,40668,raw_text_only,Raw local PDF text; not promoted to scientific evidence without source-linked extraction.
ZPC-002740,10.18063/ijb.v4i2.134,Optimized vascular network by stereolithography for tissue engineered skin,parsed,17,54530,raw_text_only,Raw local PDF text; not promoted to scientific evidence without source-linked extraction.
ZPC-002743,10.1002/mame.201800020,Fabrication of high-performance cationic UV curable cycloaliphatic epoxy/silicone hybrid coatings,parsed,9,33960,raw_text_only,Raw local PDF text; not promoted to scientific evidence without source-linked extraction.
ZPC-002746,10.1021/acs.biomac.2c01218,"Synthesis, characterization, and digital light processing of a hydrolytically degradable hyaluronic acid hydrogel",parsed,13,63229,raw_text_only,Raw local PDF text; not promoted to scientific evidence without source-linked extraction.
ZPC-002752,10.1016/j.ijpharm.2019.118790,Hydrophilic excipients in digital light processing (DLP) printing of sustained release tablets: Impact on internal structure and drug dissolution rate,parsed,62,59065,raw_text_only,Raw local PDF text; not promoted to scientific evidence without source-linked extraction.
ZPC-002771,10.1021/acsapm.2c01170,Digital light 3D printing of PEDOT-based photopolymerizable inks for biosensing,parsed,11,56897,raw_text_only,Raw local PDF text; not promoted to scientific evidence without source-linked extraction.
ZPC-002813,10.1016/j.joca.2009.04.012,Photo-crosslinked alginate hydrogels support enhanced matrix accumulation by nucleus pulposus cells in vivo,parsed,8,45469,raw_text_only,Raw local PDF text; not promoted to scientific evidence without source-linked extraction.
ZPC-002815,10.1039/d4sc01409j,Aqueous photo-RAFT polymerization under ambient conditions: synthesis of protein-polymer hybrids in open air,parsed,14,61345,raw_text_only,Raw local PDF text; not promoted to scientific evidence without source-linked extraction.
ZPC-002839,10.1016/j.porgcoat.2020.106073,Limonene-derived polycarbonates as biobased UV-curable (powder) coating resins,parsed,8,45987,raw_text_only,Raw local PDF text; not promoted to scientific evidence without source-linked extraction.
ZPC-002860,10.1021/sc400564r,Green photoinduced modification of natural poly(3-hydroxybutyrate-co-3-hydroxyvalerate) surface for antibacterial applications,parsed,11,55601,raw_text_only,Raw local PDF text; not promoted to scientific evidence without source-linked extraction.
ZPC-002872,10.1002/vnl.20068,Crosslinking of PVC formulations treated with UV light,parsed,6,21823,raw_text_only,Raw local PDF text; not promoted to scientific evidence without source-linked extraction.
ZPC-002888,10.1080/10717544.2017.1373164,Photopolymerization-based synthesis of iron oxide nanoparticle embedded PNIPAM nanogels for biomedical applications,parsed,9,40759,raw_text_only,Raw local PDF text; not promoted to scientific evidence without source-linked extraction.
ZPC-002931,10.1016/j.powtec.2021.01.049,Slurry development for lithography-based additive manufacturing of cemented carbide components,parsed,11,50551,raw_text_only,Raw local PDF text; not promoted to scientific evidence without source-linked extraction.
ZPC-002935,10.1111/jerd.12394,Depth of cure of bulk fill resin composites: A systematic review,parsed,10,47454,raw_text_only,Raw local PDF text; not promoted to scientific evidence without source-linked extraction.
ZPC-002975,10.1016/j.polymer.2019.121903,Fiber forming mechanism and reaction kinetics of novel dynamic-crosslinking-spinning for Poly(ethylene glycol) diacrylate fiber fabrication,parsed,27,49321,raw_text_only,Raw local PDF text; not promoted to scientific evidence without source-linked extraction.
ZPC-003000,10.1002/1439-2054(200108)286:8<449::aid-mame449>3.0.co;2-r,Electron beam curing of the system cycloaliphatic diepoxide-epoxidized natural rubber-glycidyl methacrylate in presence of cationic initiators,parsed,7,27924,raw_text_only,Raw local PDF text; not promoted to scientific evidence without source-linked extraction.
ZPC-003052,10.1016/j.apsusc.2020.145281,Experimental exploration of SMART photochemical approach for surface modification of carbon black,parsed,8,29372,raw_text_only,Raw local PDF text; not promoted to scientific evidence without source-linked extraction.
ZPC-003053,10.1021/acsmacrolett.5b00734,Photoinitiated polymerization-induced microphase separation for the preparation of nanoporous polymer films,parsed,5,21689,raw_text_only,Raw local PDF text; not promoted to scientific evidence without source-linked extraction.
ZPC-003095,10.1016/j.addma.2018.09.025,"Combining cure depth and cure degree, a new way to fully characterize novel photopolymers",parsed,18,36462,raw_text_only,Raw local PDF text; not promoted to scientific evidence without source-linked extraction.
ZPC-003126,10.1002/adma.201800001,Desktop-stereolithography 3D-printing of a poly(dimethylsiloxane)-based material with sylgard-184 properties,parsed,7,33547,raw_text_only,Raw local PDF text; not promoted to scientific evidence without source-linked extraction.
ZPC-003150,10.1021/bm700691e,Methacrylated glycol chitosan as a photopolymerizable biomaterial,parsed,9,44383,raw_text_only,Raw local PDF text; not promoted to scientific evidence without source-linked extraction.
ZPC-003166,10.1021/bm0257412,"Photo-cross-linking of type I collagen gels in the presence of smooth muscle cells: Mechanical properties, cell viability, and function",parsed,6,30084,raw_text_only,Raw local PDF text; not promoted to scientific evidence without source-linked extraction.
ZPC-003203,10.1002/appl.202400004,Controlling photopolymerization reaction in layer-by-layer photopolymerization in 3D printing,parsed,9,37333,raw_text_only,Raw local PDF text; not promoted to scientific evidence without source-linked extraction.
ZPC-003235,10.3390/md13010338,Preparation of photocrosslinked fish elastin polypeptide/microfibrillated cellulose composite gels with elastic properties for biomaterial applications,parsed,16,43524,raw_text_only,Raw local PDF text; not promoted to scientific evidence without source-linked extraction.
ZPC-003241,10.1038/s41586-024-07399-9,"A renewably sourced, circular photopolymer resin for additive manufacturing",parsed,8,47579,raw_text_only,Raw local PDF text; not promoted to scientific evidence without source-linked extraction.
ZPC-003264,10.1021/cm8007842,"Dispersion of gold nanoparticles in UV-cured, thiol-ene films by precomplexation of gold-thiol",parsed,6,28596,raw_text_only,Raw local PDF text; not promoted to scientific evidence without source-linked extraction.
ZPC-003297,10.1021/acsami.1c05547,Flexible materials for high-resolution 3D printing of microfluidic devices with integrated droplet size regulation,parsed,16,89936,raw_text_only,Raw local PDF text; not promoted to scientific evidence without source-linked extraction.
ZPC-003300,10.1002/1616-3028(20020517)12:5<367::aid-adfm367>3.0.co;2-l,Chiral nematic polymer mixture containing crosslinker and photosensitive chiral dopant: New type of materials with tunable photo-optical properties,parsed,6,115474,raw_text_only,Raw local PDF text; not promoted to scientific evidence without source-linked extraction.
ZPC-003320,10.1021/ma1011705,Photo-cross-linked poly(DL-lactide)-based networks. Structural characterization by HR-MAS NMR spectroscopy and hydrolytic degradation behavior,parsed,10,50148,raw_text_only,Raw local PDF text; not promoted to scientific evidence without source-linked extraction.
ZPC-003348,10.1002/adfm.200600420,Cytocompatible hydrogels based on photocrosslinkable methacrylated O-carboxymethylchitosan with tunable charge:: Synthesis and characterization,parsed,12,54949,raw_text_only,Raw local PDF text; not promoted to scientific evidence without source-linked extraction.
ZPC-003396,10.1021/cm102374t,Thermally stable photocuring chemistry for selective morphological trapping in block copolymer melt systems,parsed,9,42700,raw_text_only,Raw local PDF text; not promoted to scientific evidence without source-linked extraction.
ZPC-003430,10.1002/1439-2054(20011001)286:10<598::aid-mame598>3.0.co;2-r,Application of real time FTIR and MAS NMR spectroscopy to the characterization of UV/EB cured epoxidized natural rubber blends,parsed,7,28573,raw_text_only,Raw local PDF text; not promoted to scientific evidence without source-linked extraction.
ZPC-003439,10.1021/am502877d,Preparation and multiple antitumor properties of AuNRs/spinach extract/PEGDA composite hydrogel,parsed,7,33114,raw_text_only,Raw local PDF text; not promoted to scientific evidence without source-linked extraction.
ZPC-003465,10.1016/j.dt.2020.11.015,Performances and direct writing of CL-20 based ultraviolet curing explosive ink,parsed,8,31111,raw_text_only,Raw local PDF text; not promoted to scientific evidence without source-linked extraction.
ZPC-003476,10.1021/ma030451e,Diffusion-induced nonuniformity of photoinitiation in a photobleaching medium,parsed,11,57141,raw_text_only,Raw local PDF text; not promoted to scientific evidence without source-linked extraction.
ZPC-003483,10.1021/bm700474b,Synthesis and characterization of photo-cross-linked hydrogels based on biodegradable polyphosphoesters and poly(ethylene glycol) copolymers,parsed,7,35718,raw_text_only,Raw local PDF text; not promoted to scientific evidence without source-linked extraction.
ZPC-003484,10.1016/j.adaj.2018.06.004,Variation in composite degree of conversion and microflexural strength for different curing light and surface location,parsed,10,38988,raw_text_only,Raw local PDF text; not promoted to scientific evidence without source-linked extraction.
ZPC-003498,10.1016/j.ijbiomac.2018.11.239,Developing acrylated epoxidized soybean oil coating for improving moisture sensitivity and permeability of starch-based film,parsed,24,31495,raw_text_only,Raw local PDF text; not promoted to scientific evidence without source-linked extraction.
ZPC-003499,10.1002/mame.201900718,Fabrication of photothermally responsive nanocomposite hydrogel through 3D printing,parsed,12,43423,raw_text_only,Raw local PDF text; not promoted to scientific evidence without source-linked extraction.
ZPC-003522,10.1002/adfm.200400212,Acrylate-based photopolymer for two-photon microfabrication and photonic applications,parsed,8,152244,raw_text_only,Raw local PDF text; not promoted to scientific evidence without source-linked extraction.
ZPC-003567,10.1039/c4lc00158c,Controlling uniformity of photopolymerized microscopic hydrogels,parsed,13,58582,raw_text_only,Raw local PDF text; not promoted to scientific evidence without source-linked extraction.
ZPC-003601,10.1021/acsapm.8b00150,Additive manufacturing of hydrocarbon elastomers via simultaneous chain extension and cross-linking of hydrogenated polybutadiene,parsed,22,40526,raw_text_only,Raw local PDF text; not promoted to scientific evidence without source-linked extraction.
ZPC-003638,10.1364/oe.26.006993,Improvement of ultrafast holographic performance in silver nanoprisms dispersed photopolymer,parsed,12,35520,raw_text_only,Raw local PDF text; not promoted to scientific evidence without source-linked extraction.
ZPC-003681,10.1002/mame.201600477,Facile preparation of photocurable siloxane composite for 3D printing,parsed,9,36582,raw_text_only,Raw local PDF text; not promoted to scientific evidence without source-linked extraction.
ZPC-003710,10.1016/j.jphotochem.2020.112844,Evaluation of new coinitiators of camphorquinone useful in the radical photopolymerization of dental monomers,parsed,9,41677,raw_text_only,Raw local PDF text; not promoted to scientific evidence without source-linked extraction.
ZPC-003713,10.1021/acsnano.9b05491,Direct wavelength-selective optical and electron-beam lithography of functional inorganic nanomaterials,parsed,36,76617,raw_text_only,Raw local PDF text; not promoted to scientific evidence without source-linked extraction.
ZPC-003716,10.1016/j.snb.2019.127345,Light-driven micron-scale 3D hydrogel actuator produced by two-photon polymerization microfabrication,parsed,33,48345,raw_text_only,Raw local PDF text; not promoted to scientific evidence without source-linked extraction.
ZPC-003734,10.1016/j.cej.2021.128836,Surfactin-reinforced gelatin methacrylate hydrogel accelerates diabetic wound healing by regulating the macrophage polarization and promoting angiogenesis,parsed,14,71141,raw_text_only,Raw local PDF text; not promoted to scientific evidence without source-linked extraction.
ZPC-003756,10.1016/j.device.2023.100224,Development of high-resolution 3D printable polymerizable ionic liquids for antimicrobial applications,parsed,12,63802,raw_text_only,Raw local PDF text; not promoted to scientific evidence without source-linked extraction.
ZPC-003763,10.1002/cjoc.202100521,Synthesis of hyperbranched polymer for 3D printing,parsed,9,33717,raw_text_only,Raw local PDF text; not promoted to scientific evidence without source-linked extraction.
ZPC-003766,10.1016/j.porgcoat.2018.04.003,Fluorinated organozirconiums: Enhancement of overcoming oxygen inhibition in the UV-curing film,parsed,6,23758,raw_text_only,Raw local PDF text; not promoted to scientific evidence without source-linked extraction.
ZPC-003789,10.1039/d5py00199d,"Multifunctional dithiolane monomers for multi-scale, recyclable light-driven additive manufacturing",parsed,9,46649,raw_text_only,Raw local PDF text; not promoted to scientific evidence without source-linked extraction.
ZPC-003797,10.1016/j.compositesb.2019.107357,Construction of intumescent flame retardant and hydrophobic coating on wood substrates based on thiol-ene click chemistry without photoinitiators,parsed,9,47944,raw_text_only,Raw local PDF text; not promoted to scientific evidence without source-linked extraction.
ZPC-003813,10.14502/tekstilec2021.64.230-246,Performance evaluation of PLA based biocomposites reinforced with photografted PALF,parsed,17,57001,raw_text_only,Raw local PDF text; not promoted to scientific evidence without source-linked extraction.
ZPC-003817,10.1002/pc.25367,Printable self-heating coatings based on the use of carbon nanoreinforcements,parsed,8,30636,raw_text_only,Raw local PDF text; not promoted to scientific evidence without source-linked extraction.
ZPC-003836,10.1016/j.cej.2019.123018,MoS2 nanosheet initiated smart polymeric hydrogel for NIR-driven Ag(I) enrichment,parsed,9,48700,raw_text_only,Raw local PDF text; not promoted to scientific evidence without source-linked extraction.
ZPC-003931,10.1039/c1py00289a,Synthesis of glycerin carbonate-based intermediates using thiol-ene chemistry and isocyanate free polyhydroxyurethanes therefrom,parsed,7,26878,raw_text_only,Raw local PDF text; not promoted to scientific evidence without source-linked extraction.
ZPC-003983,10.1021/ma5025279,Photoalignable radical initiator for anisotropic polymerization in liquid crystalline media,parsed,7,31186,raw_text_only,Raw local PDF text; not promoted to scientific evidence without source-linked extraction.
ZPC-003993,10.1016/j.jeurceramsoc.2018.11.045,Porous polysilazane-derived ceramic structures generated through photopolymerization-assisted solidification templating,parsed,8,41765,raw_text_only,Raw local PDF text; not promoted to scientific evidence without source-linked extraction.
ZPC-004005,10.1002/mame.202000397,3D printing of high-performance isocyanate ester thermosets,parsed,8,34348,raw_text_only,Raw local PDF text; not promoted to scientific evidence without source-linked extraction.
ZPC-004014,10.1016/j.ceramint.2021.01.152,3D printing of TPMS structural ZnO ceramics with good mechanical properties,parsed,9,39117,raw_text_only,Raw local PDF text; not promoted to scientific evidence without source-linked extraction.
ZPC-004052,10.1002/anie.201911638,Efficient and stable thin-film luminescent solar concentrators enabled by near-infrared emission perovskite nanocrystals,parsed,6,24372,raw_text_only,Raw local PDF text; not promoted to scientific evidence without source-linked extraction.
ZPC-004066,10.1021/acsmacrolett.1c00758,Fast visible-light photopolymerization in the presence of multiwalled carbon nanotubes: Toward 3D printing conducting nanocomposites,parsed,7,35902,raw_text_only,Raw local PDF text; not promoted to scientific evidence without source-linked extraction.
ZPC-004164,10.1021/am405371r,Programmable mechanically assisted geometric deformations of glassy two-stage reactive polymeric materials,parsed,9,45035,raw_text_only,Raw local PDF text; not promoted to scientific evidence without source-linked extraction.
ZPC-004212,10.1021/la803769q,Membrane stabilization of biodegradable polymersomes,parsed,6,30311,raw_text_only,Raw local PDF text; not promoted to scientific evidence without source-linked extraction.
ZPC-004214,10.1080/15440478.2014.984058,Surface modification of linen fabric via UV induced grafting to improve dyeability and wearability,parsed,10,17385,raw_text_only,Raw local PDF text; not promoted to scientific evidence without source-linked extraction.
ZPC-004229,10.1002/pi.1755,Synthesis and characterization of UV-curable acrylic resin containing fluorine groups,parsed,5,17334,raw_text_only,Raw local PDF text; not promoted to scientific evidence without source-linked extraction.
ZPC-004232,10.3762/bjoc.6.56,"Synthesis, characterization and photoinduced curing of polysulfones with (meth)acrylate functionalities",parsed,7,24827,raw_text_only,Raw local PDF text; not promoted to scientific evidence without source-linked extraction.
ZPC-004234,10.1002/cptc.202000146,Polymerizable oxime esters: An efficient photoinitiator with low migration ability for 3D printing to fabricate luminescent devices,parsed,10,42514,raw_text_only,Raw local PDF text; not promoted to scientific evidence without source-linked extraction.
ZPC-004253,10.1002/pi.1835,Synthesis of a novel quaternary ammonium tetraphenylborate salt and its use for photo-induced thermal curing of epoxides and radical polymerization of acrylates,parsed,8,26328,raw_text_only,Raw local PDF text; not promoted to scientific evidence without source-linked extraction.
ZPC-004279,10.1179/1743289813y.0000000071,Preparation and properties of UV-curable waterborne graphene oxide/polyurethane-acrylate composites,parsed,9,32944,raw_text_only,Raw local PDF text; not promoted to scientific evidence without source-linked extraction.
ZPC-004321,10.1016/j.eurpolymj.2021.110505,A highly biocompatible bio-ink for 3D hydrogel scaffolds fabrication in the presence of living cells by two-photon polymerization,parsed,7,32712,raw_text_only,Raw local PDF text; not promoted to scientific evidence without source-linked extraction.
ZPC-004324,10.1002/app.34496,Photopolymerization of 1-adamantyl acrylate pohotoinitiated by free radical photoinitiators,parsed,6,21430,raw_text_only,Raw local PDF text; not promoted to scientific evidence without source-linked extraction.
ZPC-004329,10.1080/09500340108230965,Two dyes for holographic recording material:: panchromatic ion pair from Rose Bengal and Methylene Blue,parsed,7,15686,raw_text_only,Raw local PDF text; not promoted to scientific evidence without source-linked extraction.
ZPC-004341,10.1163/156855511x606128,"Synthesis and photopolymerization of 2,2-di((acryloyloxy)methyl)butyl bis(2-(acryloyloxy)ethyl)carbamate",parsed,11,22879,raw_text_only,Raw local PDF text; not promoted to scientific evidence without source-linked extraction.
ZPC-004349,10.1016/j.porgcoat.2018.04.030,Fast photopolymerization of acrylate coatings: Achievements and problems,parsed,9,44277,raw_text_only,Raw local PDF text; not promoted to scientific evidence without source-linked extraction.
ZPC-004352,10.14314/polimery.2024.1.2,UV-cured powder transparent coatings based on oligo(meth)acrylic resins,parsed,14,63767,raw_text_only,Raw local PDF text; not promoted to scientific evidence without source-linked extraction.
ZPC-004363,10.1080/03602551003652680,Preparation and mechanical characterization of gelatin-based films using 2-hydroxyethyl methacrylate cured by UV radiation,parsed,8,31244,raw_text_only,Raw local PDF text; not promoted to scientific evidence without source-linked extraction.
ZPC-004393,10.1016/j.ceramint.2019.07.118,Additive manufacturing of silica ceramics from aqueous acrylamide based suspension,parsed,19,21167,raw_text_only,Raw local PDF text; not promoted to scientific evidence without source-linked extraction.
ZPC-004394,10.1002/pola.28571,Synthesis of photoactive single-chain folded polymeric nanoparticles via combination of radical polymerization techniques and Menschutkin click chemistry,parsed,6,23617,raw_text_only,Raw local PDF text; not promoted to scientific evidence without source-linked extraction.
ZPC-004425,10.1021/acs.macromol.0c01518,Polymerization photoinitiators with near-resonance enhanced two-photon absorption cross-section: Toward high-resolution photoresist with improved sensitivity,parsed,15,83782,structured_in_public_registry,Source-linked object exists in literature_knowledge registries.
ZPC-004452,10.1080/00914037.2010.551360,Surface modification of jute fabrics using acrylic monomers: Effect of additives,parsed,13,21410,raw_text_only,Raw local PDF text; not promoted to scientific evidence without source-linked extraction.
ZPC-004454,10.1038/s41467-018-05234-0,Adding chemically selective subtraction to multi-material 3D additive manufacturing,parsed,6,37851,raw_text_only,Raw local PDF text; not promoted to scientific evidence without source-linked extraction.
ZPC-004459,10.1002/appl.202300050,Degradation of modified polystyrenes having degradable units by near-infrared light irradiation,parsed,6,24752,raw_text_only,Raw local PDF text; not promoted to scientific evidence without source-linked extraction.
ZPC-004491,10.1080/15421400701495575,Synthesis of imide UV monomers for application to interdielectric layer of TFT-LCD array,parsed,9,13818,raw_text_only,Raw local PDF text; not promoted to scientific evidence without source-linked extraction.
ZPC-004535,10.1002/app.1992.070440213,Solid-state nmr investigation of cationic polymerized epoxy-resins,parsed,7,17472,raw_text_only,Raw local PDF text; not promoted to scientific evidence without source-linked extraction.
ZPC-004542,10.1002/mame.201100362,Depthwise viscosity gradients in UV-cured epoxy coatings,parsed,8,34714,raw_text_only,Raw local PDF text; not promoted to scientific evidence without source-linked extraction.
ZPC-004561,10.1002/apmc.1992.051950102,Photoinitiated surface grafting of synthetic-fibers .1. Photoinitiated surface grafting of ultra high-strength polyethylene fibers,parsed,17,32685,raw_text_only,Raw local PDF text; not promoted to scientific evidence without source-linked extraction.
ZPC-004565,10.1021/acsbiomaterials.9b00814,Preparation and statistical characterization of tunable porous sponge scaffolds using UV cross-linking of methacrylate-modified silk fibroin,parsed,46,91597,raw_text_only,Raw local PDF text; not promoted to scientific evidence without source-linked extraction.
ZPC-004576,10.1002/app.32576,"Preparation, characterization, and properties of sodium montmorillonite clay/poly(styrene-butadiene-styrene) containing quaternary ammonium cations and photoinitiator nanocomposites via ultraviolet exposure",parsed,8,27076,raw_text_only,Raw local PDF text; not promoted to scientific evidence without source-linked extraction.
ZPC-004587,10.1021/acsapm.2c00316,Plastic scintillators via rapid photoinitiated cationic polymerization of vinyltoluene,parsed,7,30740,raw_text_only,Raw local PDF text; not promoted to scientific evidence without source-linked extraction.
ZPC-004638,10.1002/pola.22126,Synergistic effects in hybrid free radical/cationic photopolymerizations,parsed,11,39823,raw_text_only,Raw local PDF text; not promoted to scientific evidence without source-linked extraction.
ZPC-004666,10.1117/12.975801,Synthesis of DMAW-PMMA photopolymer with high photosensitivity for volume holographic storage,parsed,6,19023,raw_text_only,Raw local PDF text; not promoted to scientific evidence without source-linked extraction.
ZPC-004676,10.1039/c9py00447e,Rate-based approach for controlling the mechanical properties of `thiol-ene' hydrogels formed with visible light,parsed,13,65824,raw_text_only,Raw local PDF text; not promoted to scientific evidence without source-linked extraction.
ZPC-004725,10.2478/mspe-2024-0053,3D printed stent from graphene-polyethylene glycol diacrylate using digital light processing technique,parsed,8,37858,raw_text_only,Raw local PDF text; not promoted to scientific evidence without source-linked extraction.
ZPC-004727,10.4028/www.scientific.net/amm.130-134.1829,Preparation and characterization of injectable hybrid hydrogels based on photopolymerziaton,parsed,5,13986,raw_text_only,Raw local PDF text; not promoted to scientific evidence without source-linked extraction.
ZPC-004728,10.4047/jap.2015.7.5.386,"The effect of 4,4′-bis(N,N-diethylamino)benzophenone on the degree of conversion in liquid photopolymer for dental 3D printing",parsed,6,25280,raw_text_only,Raw local PDF text; not promoted to scientific evidence without source-linked extraction.
ZPC-004741,10.1016/j.dental.2018.09.017,In situ photochemical crosslinking of hydrogel membrane for Guided Tissue Regeneration,parsed,24,69396,raw_text_only,Raw local PDF text; not promoted to scientific evidence without source-linked extraction.
ZPC-004753,10.1016/j.dental.2006.11.010,Effect of different photoinitiator systems on conversion profiles of a model unfilled light-cured resin,parsed,9,37278,raw_text_only,Raw local PDF text; not promoted to scientific evidence without source-linked extraction.
ZPC-004762,10.1021/acs.macromol.8b02640,α-Ketoesters as nonaromatic photoinitiators for radical polymerization of (meth)acrylates,parsed,8,40408,raw_text_only,Raw local PDF text; not promoted to scientific evidence without source-linked extraction.
ZPC-004766,10.1002/app.33534,Synthesis and characterization of alkali-soluble photosensitive polysiloxane urethane acrylate,parsed,9,26973,raw_text_only,Raw local PDF text; not promoted to scientific evidence without source-linked extraction.
ZPC-004776,10.1177/0731684410367534,Surface modification of calcium alginate fibers with silane and methyl methacrylate monomers,parsed,8,29027,raw_text_only,Raw local PDF text; not promoted to scientific evidence without source-linked extraction.
ZPC-004791,10.18063/ijb.v5i2.189,Development and characterization of a photocurable alginate bioink for three-dimensional bioprinting,parsed,15,37403,raw_text_only,Raw local PDF text; not promoted to scientific evidence without source-linked extraction.
ZPC-004792,10.1016/j.dental.2024.06.020,The effect of photoinitiator type and filler load on physicochemical and mechanical properties of experimental light-cured resin cements through lithium disilicate ceramics of different shades and thicknesses,parsed,30,54597,raw_text_only,Raw local PDF text; not promoted to scientific evidence without source-linked extraction.
ZPC-004807,10.1016/j.dental.2015.06.005,Hexaarylbiimidazoles as visible light thiol-ene photoinitiators,parsed,15,70435,raw_text_only,Raw local PDF text; not promoted to scientific evidence without source-linked extraction.
ZPC-004818,10.1063/1.2917810,Two-photon induced fabrication of gold microstructures in polystyrene sulfonate thin films using a ruthenium(II) dye as photoinitiator,parsed,4,15934,raw_text_only,Raw local PDF text; not promoted to scientific evidence without source-linked extraction.
ZPC-004824,10.1002/app.1992.070460803,Properties of uv-curable polyurethane acrylates for primary optical fiber coating,parsed,13,30155,raw_text_only,Raw local PDF text; not promoted to scientific evidence without source-linked extraction.
ZPC-004825,10.1117/12.2188047,Study on visible-light-curable polycarprolactone and poly(ethylene glycol) diacrylate for LCD-projected maskless additive manufacturing system,parsed,8,22043,raw_text_only,Raw local PDF text; not promoted to scientific evidence without source-linked extraction.
ZPC-004826,10.1117/12.634627,Quantum yield of conversion of the dental photoinitiator camphorquinone,parsed,11,25023,raw_text_only,Raw local PDF text; not promoted to scientific evidence without source-linked extraction.
ZPC-004831,10.1016/j.mssp.2018.08.005,Preparation of photosensitive polyimides (PSPIs) and their feasible evaluation for lithographic insulation patterns (LIPs) of integrated circuits (ICs) without negative photoresists,parsed,7,25874,raw_text_only,Raw local PDF text; not promoted to scientific evidence without source-linked extraction.
ZPC-004834,10.1039/c5py01655j,Kinetics of bulk photo-initiated copper(I)-catalyzed azide-alkyne cycloaddition (CuAAC) polymerizations,parsed,27,55373,raw_text_only,Raw local PDF text; not promoted to scientific evidence without source-linked extraction.
ZPC-004836,10.1111/jerd.12131,"Degree of conversion, depth of cure, and color stability of experimental dental composite formulated with camphorquinone and phenanthrenequinone photoinitiators",parsed,9,28145,raw_text_only,Raw local PDF text; not promoted to scientific evidence without source-linked extraction.
ZPC-004838,10.1108/prt-03-2025-0034,Synthesis of the UV-curable waterborne polyurethane and its application in advanced water-based varnish,parsed,9,41601,raw_text_only,Raw local PDF text; not promoted to scientific evidence without source-linked extraction.
ZPC-004841,10.4028/www.scientific.net/amr.177.677,Structure and properties of UV-curable waterborne polyurethane/acrylate composite resin,parsed,6,12058,raw_text_only,Raw local PDF text; not promoted to scientific evidence without source-linked extraction.
ZPC-004891,10.1021/ma102284y,Core cross-linking of dynamic diblock copolymer micelles: Quantitative study of photopolymerization efficiency and micelle structure,parsed,10,52443,raw_text_only,Raw local PDF text; not promoted to scientific evidence without source-linked extraction.
ZPC-004930,10.1002/jbm.a.37277,The selection of photoinitiators for photopolymerization of biodegradable polymers and its application in digital light processing additive manufacturing,parsed,13,49321,raw_text_only,Raw local PDF text; not promoted to scientific evidence without source-linked extraction.
ZPC-004938,10.1002/pola.20051,UV-ignited frontal polymerization of an epoxy resin,parsed,7,21083,raw_text_only,Raw local PDF text; not promoted to scientific evidence without source-linked extraction.
ZPC-004941,10.1016/j.eurpolymj.2020.109487,Investigation of gelatin methacrylate working curves in dynamic optical projection stereolithography of vascular-like constructs,parsed,23,61513,raw_text_only,Raw local PDF text; not promoted to scientific evidence without source-linked extraction.
ZPC-004943,10.1002/pc.23018,Morphologies and applied properties of free radical/cationic UV-cured CPUA/TMPTMA/CER composite films,parsed,9,34845,raw_text_only,Raw local PDF text; not promoted to scientific evidence without source-linked extraction.
ZPC-004946,10.1179/146580103225001417,Silica or fibre glass reinforced composites via photopolymerisation of acrylate systems,parsed,7,18277,raw_text_only,Raw local PDF text; not promoted to scientific evidence without source-linked extraction.
ZPC-004970,10.1002/app.29257,Synthesis and characterization of palm-based resin for UV coating,parsed,9,31051,raw_text_only,Raw local PDF text; not promoted to scientific evidence without source-linked extraction.
ZPC-004972,10.1016/j.polymertesting.2024.108565,"Improving the mechanical, spectroscopic and laser ablation characteristics of UDMA-MMA copolymers using a titanocene photoinitiator",parsed,8,41424,raw_text_only,Raw local PDF text; not promoted to scientific evidence without source-linked extraction.
ZPC-005000,10.1016/j.jphotochem.2008.12.007,"Light absorbing products during polymerization of methacrylate monomers photoinitiated with phenyl-1,2-propanedione/amine",parsed,7,33659,raw_text_only,Raw local PDF text; not promoted to scientific evidence without source-linked extraction.
ZPC-005011,10.1364/ol.27.001348,Three-dimensional microfabrication by two-photon-initiated polymerization with a low-cost microlaser,parsed,3,17089,raw_text_only,Raw local PDF text; not promoted to scientific evidence without source-linked extraction.
ZPC-005075,10.1115/1.4000097,Process sensitivity analysis and resolution prediction for the two photon polymerization of micro/nano structures,parsed,9,54357,raw_text_only,Raw local PDF text; not promoted to scientific evidence without source-linked extraction.
ZPC-005080,10.1002/app.22709,Synthesis and characterization of negative-type polyamic acid ester with 1-methacryloyloxy-2-propanoate group,parsed,7,24058,raw_text_only,Raw local PDF text; not promoted to scientific evidence without source-linked extraction.
ZPC-005093,10.1117/12.890309,Spectral study of irgacure 784 dye in an epoxy resin photopolymer,parsed,11,32504,raw_text_only,Raw local PDF text; not promoted to scientific evidence without source-linked extraction.
ZPC-005097,10.1080/15685551.2015.1092008,Synthesis of new photoactive urethane carbohydrates and their behavior in UV or femtosecond laser-induced two-photon polymerization,parsed,13,52895,raw_text_only,Raw local PDF text; not promoted to scientific evidence without source-linked extraction.
ZPC-005099,10.1016/j.eurpolymj.2011.12.003,Photopolymerization of methacrylate monomers using polyhedral silsesquioxanes bearing side-chain amines as photoinitiator,parsed,9,40549,raw_text_only,Raw local PDF text; not promoted to scientific evidence without source-linked extraction.
ZPC-005167,10.1039/d4cc04749d,Intrinsically photosensitive polyimide photoresist and its double crosslinking mechanism,parsed,4,16531,raw_text_only,Raw local PDF text; not promoted to scientific evidence without source-linked extraction.
ZPC-005269,10.1016/j.porgcoat.2019.06.051,UV coatings for wooden surfaces,parsed,6,24235,raw_text_only,Raw local PDF text; not promoted to scientific evidence without source-linked extraction.
ZPC-005277,10.1016/j.ijpharm.2024.123862,Systematic screening of photopolymer resins for stereolithography (SLA) 3D printing of solid oral dosage forms: Investigation of formulation factors on printability outcomes,parsed,28,54646,raw_text_only,Raw local PDF text; not promoted to scientific evidence without source-linked extraction.
ZPC-005328,10.1021/acs.macromol.2c00942,Effect of polymerization on chirality in cholesteric liquid crystals,parsed,12,45193,raw_text_only,Raw local PDF text; not promoted to scientific evidence without source-linked extraction.
ZPC-005350,10.1002/macp.202100217,Water-soluble photoinitiators from dimethylamino-substituted monoacylphosphine oxide for hydrogel and latex preparation,parsed,10,42544,raw_text_only,Raw local PDF text; not promoted to scientific evidence without source-linked extraction.
ZPC-005367,10.1021/acsabm.4c00561,Parylene C coating efficacy studies: Enhancing biocompatibility of 3D printed polyurethane parts for biopharmaceutical and CGT applications,parsed,13,64363,raw_text_only,Raw local PDF text; not promoted to scientific evidence without source-linked extraction.
ZPC-005372,10.1016/j.dental.2024.12.002,The effect of photoinitiator systems on resin-based composite containing ZnO-nanoparticles,parsed,10,49778,raw_text_only,Raw local PDF text; not promoted to scientific evidence without source-linked extraction.
ZPC-005388,10.1002/app.47461,Synthesis of luminescent polymers in the UV light region from dimethacrylate monomer using novel quinoline dyes,parsed,8,27334,raw_text_only,Raw local PDF text; not promoted to scientific evidence without source-linked extraction.
ZPC-005397,10.1002/app.37691,Synthesis of new photocurable oligoisoprenes and kinetic studies of their radical photopolymerization,parsed,10,38274,raw_text_only,Raw local PDF text; not promoted to scientific evidence without source-linked extraction.
ZPC-005455,10.1002/adom.202200474,Photoinitiator-free two-photon polymerization of biocompatible materials for 3D micro/nanofabrication,parsed,29,50893,raw_text_only,Raw local PDF text; not promoted to scientific evidence without source-linked extraction.
ZPC-005476,10.1016/j.actbio.2010.10.023,Three-dimensional laser micro- and nano-structuring of acrylated poly(ethylene glycol) materials and evaluation of their cytoxicity for tissue engineering applications,parsed,8,40591,raw_text_only,Raw local PDF text; not promoted to scientific evidence without source-linked extraction.
ZPC-005497,10.1016/j.progpolymsci.2020.101277,Visible light photoinitiating systems by charge transfer complexes: Photochemistry without dyes,parsed,43,67936,raw_text_only,Raw local PDF text; not promoted to scientific evidence without source-linked extraction.
ZPC-005538,10.3390/polym12020397,Vanillin acrylate-based resins for optical 3D printing,parsed,14,47040,raw_text_only,Raw local PDF text; not promoted to scientific evidence without source-linked extraction.
ZPC-005591,10.1016/j.matchemphys.2021.124661,Volume shrinkage and conversion rate of Al2O3 ceramic stereolithography suspension polymerised by ultraviolet light,parsed,7,38124,raw_text_only,Raw local PDF text; not promoted to scientific evidence without source-linked extraction.
ZPC-005607,10.1039/d2py01288j,Controlling network morphology in hybrid radical/cationic photopolymerized systems,parsed,11,56833,raw_text_only,Raw local PDF text; not promoted to scientific evidence without source-linked extraction.
ZPC-005610,10.1016/j.porgcoat.2019.02.044,Simultaneous initiation of radical and cationic polymerization reactions using the “G1” copper complex as photoredox catalyst: Applications of free radical/cationic hybrid photopolymerization in the composites and 3D printing fields,parsed,12,53078,raw_text_only,Raw local PDF text; not promoted to scientific evidence without source-linked extraction.
ZPC-005669,10.1002/anie.201800456,Bismesitoylphosphinic acid (BAPO-OH): a ligand for copper complexes and four-electron photoreductant for the preparation of copper nanomaterials,parsed,7,31916,raw_text_only,Raw local PDF text; not promoted to scientific evidence without source-linked extraction.
ZPC-005739,10.1038/s41467-019-11522-0,Highly efficient dandelion-like near-infrared light photoinitiator for free radical and thiol-ene photopolymerizations,parsed,9,52168,raw_text_only,Raw local PDF text; not promoted to scientific evidence without source-linked extraction.
ZPC-005740,10.1021/acsami.6b05822,A simple preparation of photoactive glass surfaces allowing coatings via the “grafting-from” method,parsed,11,45930,raw_text_only,Raw local PDF text; not promoted to scientific evidence without source-linked extraction.
ZPC-005746,10.1039/d5nr02899j,nano-FFA: ink formulation and process optimization in multiphoton 3D laser printing using full factorial analysis,parsed,13,56753,raw_text_only,Raw local PDF text; not promoted to scientific evidence without source-linked extraction.
ZPC-005775,10.1021/acs.macromol.1c01457,Nondiffusion-controlled photoelectron transfer induced by host-guest complexes to initiate cationic photopolymerization,parsed,7,29523,raw_text_only,Raw local PDF text; not promoted to scientific evidence without source-linked extraction.
ZPC-005799,10.1016/j.dental.2009.03.004,Degree of conversion and color stability of the light curing resin with new photoinitiator systems,parsed,9,39001,raw_text_only,Raw local PDF text; not promoted to scientific evidence without source-linked extraction.
ZPC-005809,10.1021/ma900887h,"Novel highly efficient macrophotoinitiator comprising benzophenone, coinitiator amine, and thio moieties for photopolymerization",parsed,6,33149,raw_text_only,Raw local PDF text; not promoted to scientific evidence without source-linked extraction.
ZPC-005811,10.1016/j.eurpolymj.2018.06.007,Preparation of water dispersible carbon nanotubes using photoinduced hyperbranched copolymerization and noncovalent interactions,parsed,25,32951,raw_text_only,Raw local PDF text; not promoted to scientific evidence without source-linked extraction.
ZPC-005828,10.1021/acs.jpcb.0c03140,Effect of light intensity on the free-radical photopolymerization kinetics of 2-hydroxyethyl methacrylate: Experiments and simulations,parsed,36,67346,raw_text_only,Raw local PDF text; not promoted to scientific evidence without source-linked extraction.
ZPC-005894,10.1021/acssuschemeng.6b01756,Castor oil based biothiol as a highly stable and self-initiated oligomer for photoinitiator-free UV coatings,parsed,24,36807,raw_text_only,Raw local PDF text; not promoted to scientific evidence without source-linked extraction.
ZPC-005897,10.1016/j.indcrop.2020.113210,Influence of photoinitiator and temperature on photocross-linking kinetics of acrylated epoxidized soybean oil and properties of the resulting polymers,parsed,8,48587,raw_text_only,Raw local PDF text; not promoted to scientific evidence without source-linked extraction.
ZPC-005940,10.1038/s41427-018-0021-x,A visible light-curable yet visible wavelength-transparent resin for stereolithography 3D printing,parsed,8,34536,raw_text_only,Raw local PDF text; not promoted to scientific evidence without source-linked extraction.
ZPC-005955,10.3390/jcs8080295,Effect of photo-crosslinking conditions on thermal conductivity of photo-curable ladder-like polysilsesquioxane-Al2O3 nanocomposites,parsed,14,62631,raw_text_only,Raw local PDF text; not promoted to scientific evidence without source-linked extraction.
ZPC-005956,10.1063/1.2717532,Improving spatial resolution of two-photon microfabrication by using photoinitiator with high initiating efficiency,parsed,4,17163,raw_text_only,Raw local PDF text; not promoted to scientific evidence without source-linked extraction.
ZPC-005973,10.1016/j.porgcoat.2021.106214,"A novel thioxanthone-hydroxyalkylphenone bifunctional photoinitiator: Synthesis, characterization and mechanism of photopolymerization",parsed,9,36314,raw_text_only,Raw local PDF text; not promoted to scientific evidence without source-linked extraction.
ZPC-006007,10.1016/j.ces.2019.05.056,Photocuring of di-acrylate in presence of oxygen,parsed,39,63226,raw_text_only,Raw local PDF text; not promoted to scientific evidence without source-linked extraction.
ZPC-006011,10.1021/ma500612x,"Design of novel photoinitiators for radical and cationic photopolymerizations under near UV and visible leds (385, 395, and 405 nm)",parsed,9,35174,raw_text_only,Raw local PDF text; not promoted to scientific evidence without source-linked extraction.
ZPC-006070,10.1021/acs.macromol.8b01361,Polymerization rate modulated by tetraarylborate anion structure: Direct correlation of hammett substituent constant with polymerization kinetics of 2-hydroxyethyl methacrylate,parsed,9,38003,raw_text_only,Raw local PDF text; not promoted to scientific evidence without source-linked extraction.
ZPC-006088,10.1016/j.addma.2018.05.006,Absorption cross-sections of Disperse Orange 13 and Irgacure 784 determined with mask projection vat photopolymerization,parsed,4,22193,raw_text_only,Raw local PDF text; not promoted to scientific evidence without source-linked extraction.
ZPC-006106,10.1016/j.eurpolymj.2021.110293,Improving ZnO photoinitiation efficiency by surface reaction with 2-hydroxy-2-methylpropiophenone,parsed,9,43724,raw_text_only,Raw local PDF text; not promoted to scientific evidence without source-linked extraction.
ZPC-006109,10.1016/j.conbuildmat.2020.121732,Creating in-situ polymeric layer based on photocuring for various construction applications,parsed,12,29550,raw_text_only,Raw local PDF text; not promoted to scientific evidence without source-linked extraction.
ZPC-006119,10.1021/acs.orglett.1c00131,Pillar[6]arene: Light cleaves macrocycle to linear oligomer biradical to initiate photopolymerization,parsed,5,25891,raw_text_only,Raw local PDF text; not promoted to scientific evidence without source-linked extraction.
ZPC-006123,10.1016/j.polymdegradstab.2020.109297,Effect of altering photocrosslinking conditions on the physical properties of alginate gels and the survival of photoencapsulated cells,parsed,22,52618,raw_text_only,Raw local PDF text; not promoted to scientific evidence without source-linked extraction.
ZPC-006132,10.1021/acsami.8b15011,Cucurbit[7]uril-Carbazole two-photon photoinitiators for the fabrication of biocompatible three-dimensional hydrogel scaffolds by laser direct writing in aqueous solutions,parsed,8,42534,raw_text_only,Raw local PDF text; not promoted to scientific evidence without source-linked extraction.
ZPC-006289,10.1016/j.porgcoat.2018.02.012,Preparation of novel thioxanthone based polymeric photoinitiator for flexographic varnish and determination of their migration behaviour,parsed,8,31939,raw_text_only,Raw local PDF text; not promoted to scientific evidence without source-linked extraction.
ZPC-006300,10.1016/j.polymer.2021.123605,New bifunctional cross-linkers/co-initiators for vinyl photopolymerization: Silsesquioxanes-B2 vitamin as eco-friendly hybrid photoinitiator systems,parsed,11,51632,raw_text_only,Raw local PDF text; not promoted to scientific evidence without source-linked extraction.
ZPC-006320,10.1016/j.jphotochem.2019.112225,In situ monitoring of photopolymerization by photoinitiator with luminescence characteristics,parsed,15,30398,raw_text_only,Raw local PDF text; not promoted to scientific evidence without source-linked extraction.
ZPC-006321,10.1016/j.porgcoat.2020.106038,Improvements in the physical properties of UV-curable coating by utilizing type II photoinitiator,parsed,5,14216,raw_text_only,Raw local PDF text; not promoted to scientific evidence without source-linked extraction.
ZPC-006327,10.1021/acsami.1c02227,Ionic carbazole-based water-soluble two-photon photoinitiator and the fabrication of biocompatible 3D hydrogel scaffold,parsed,10,46957,structured_in_public_registry,Source-linked object exists in literature_knowledge registries.
ZPC-006357,10.1016/j.porgcoat.2021.106324,Preparation and properties of star-shaped UV-curable polyester methacrylate resins with Low viscosity derived from renewable resources,parsed,11,47347,raw_text_only,Raw local PDF text; not promoted to scientific evidence without source-linked extraction.
ZPC-006375,10.1116/1.4973301,Volume-expansion polymerization for UV-curable nanoimprinting,parsed,7,23090,raw_text_only,Raw local PDF text; not promoted to scientific evidence without source-linked extraction.
