representative_id,zinc_id,canonical_smiles,mechanism_lane,selection_role,family_id,lane_family_priority_score,D06_sigma_max,F06_sigma_max,D06_F06_discordance,AD_tier,novelty_class,mechanism_completeness,selection_rationale,neutral_qm_status,mechanism_specific_evidence,key_numeric_result,evidence_tier,decision_status,claim_limit
TI-01,ZINCt800000cXDdY,CC1=NOC(=O)[C@@H]1CCC(=O)NC1(CNc2cc(=O)n3oc(C)cc3n2)COC1,Type-I,primary_mechanism_representative,single_component_TypeI_primary__GRF_2c67d4f7f89006,0.8073367237687366,218.11490395211703,219.2792169627625,1.1643130106454578,AD_near,Known-family recovery,L2_partial_mechanism,"high lane-internal Type-I family score balancing D06, AD, low D06/F06 discordance, novelty, and cleavable motif completeness",normal minimum; zero imaginary frequencies,Neutral minimum and excited-state calculations available; no candidate-specific cleavage scan in the packaged closure.,,mechanism-route assessed; cleavage closure not established,retain as Type-I computational candidate,Type-I routing is not a fragment-BDE or radical-generation proof.
TI-02,ZINCs900000dhXO7,CC1=NOC(=O)[C@@H]1CC(=O)N1C[C@@H]2C[C@H]1CN2c1cc(=O)n2oc(C)cc2n1,Type-I,primary_mechanism_representative,single_component_TypeI_primary__GRF_e556f9c1c565e1,0.7972256167023555,190.6600077732361,191.5718631248858,0.911855351649706,AD_near,Known-family recovery,L3_complete_role_closure,"high lane-internal Type-I family score balancing D06, AD, low D06/F06 discordance, novelty, and cleavable motif completeness",normal minimum; zero imaginary frequencies,Neutral minimum and excited-state calculations available; no candidate-specific cleavage scan in the packaged closure.,,mechanism-route assessed; cleavage closure not established,retain as Type-I computational candidate,Type-I routing is not a fragment-BDE or radical-generation proof.
TI-03,ZINCt800000cXDlp,CC1=NOC(=O)[C@@H]1CCC(=O)NCC1(Nc2cc(=O)n3oc(C)cc3n2)COC1,Type-I,primary_mechanism_representative,single_component_TypeI_primary__GRF_c7d1c40aec009b,0.767267233404711,197.98617215572543,192.41321170080803,5.572960454917393,AD_near,Known-family recovery,L2_partial_mechanism,"high lane-internal Type-I family score balancing D06, AD, low D06/F06 discordance, novelty, and cleavable motif completeness",normal minimum; zero imaginary frequencies,Neutral minimum and excited-state calculations available; no candidate-specific cleavage scan in the packaged closure.,,mechanism-route assessed; cleavage closure not established,retain as Type-I computational candidate,Type-I routing is not a fragment-BDE or radical-generation proof.
TI-04,ZINCr800000a9x9n,CC1=NOC(=O)[C@@H]1CC(=O)N1CC(N(C)c2cc(=O)n3ccccc3n2)C1,Type-I,primary_mechanism_representative,single_component_TypeI_primary__GRF_f7b24eafd1901f,0.7638962291220557,237.2144994578858,231.05021278475607,6.164286673129737,AD_near,Known-family recovery,L3_complete_role_closure,"high lane-internal Type-I family score balancing D06, AD, low D06/F06 discordance, novelty, and cleavable motif completeness",normal minimum; zero imaginary frequencies,Candidate-specific relaxed N–O bond scan completed.,9 points; 1.40704–2.20704 Å; ΔE 0–44.548 kcal mol−1,QM-supported cleavage hypothesis,retain as Type-I computational candidate,Directional scan support is not a fragment Gibbs BDE or photolysis quantum-yield measurement.
TI-05,ZINCs900000di1OL,CC1=NOC(=O)[C@@H]1CCC(=O)N1C[C@H](C)[C@H](Nc2ncnc3c2nnn3C)C1,Type-I,relative_novelty_probe_no_novel_core_available,single_component_TypeI_primary__GRF_2228c18f4425bb,0.5898893104925054,128.03458544123853,123.33559662013164,4.698988821106894,AD_near,Known-family recovery,L2_partial_mechanism,fallback novelty probe within this lane because no true novel-core family is available under the frozen scope,normal minimum; zero imaginary frequencies,Neutral minimum and excited-state calculations available; no candidate-specific cleavage scan in the packaged closure.,,mechanism-route assessed; cleavage closure not established,retain as Type-I computational candidate,Type-I routing is not a fragment-BDE or radical-generation proof.
TI-06,ZINCt800000cXIUW,CC1=NOC(=O)[C@H]1CCC(=O)NC[C@H](CO)Nc1cc(C(F)F)nc2ncnn12,Type-I,relative_novelty_probe_no_novel_core_available,single_component_TypeI_primary__GRF_4daf2f1d28726f,0.6149400428265523,154.87436191758653,170.2364662160852,15.36210429849868,AD_near,Known-family recovery,L2_partial_mechanism,fallback novelty probe within this lane because no true novel-core family is available under the frozen scope,normal minimum; zero imaginary frequencies,Neutral minimum and excited-state calculations available; no candidate-specific cleavage scan in the packaged closure.,,mechanism-route assessed; cleavage closure not established,retain as Type-I computational candidate,Type-I routing is not a fragment-BDE or radical-generation proof.
TI-07,ZINCt800000cXIwV,CC1=NOC(=O)[C@H]1CCC(=O)NC1(CNc2cc(=O)n3oc(C)cc3n2)COC1,Type-I,same_family_or_neighbor_boundary_control,single_component_TypeI_primary__GRF_2c67d4f7f89006,0.8073367237687366,219.9717648005781,218.05633770576773,1.9154270948103544,AD_near,Known-family recovery,L2_partial_mechanism,"same-family or near-neighbor boundary/control, not a discovery claim",normal minimum; zero imaginary frequencies,Neutral minimum and excited-state calculations available; no candidate-specific cleavage scan in the packaged closure.,,mechanism-route assessed; cleavage closure not established,retain as Type-I computational candidate,Type-I routing is not a fragment-BDE or radical-generation proof.
TII-01,ZINCs900000PMCfK,NC(=O)C(=O)N1CCN(C(=O)c2ccc(C(=O)c3cccc(O)c3)cc2)CC1,Type-II,primary_mechanism_representative,coinitiator_dependent_TypeII_primary__GRF_59969d00a47cd7,0.7904610933609959,592.793272557617,597.3259712729018,4.532698715284823,AD_near,Known-family recovery,L1_boundary_signal,high Type-II carbonyl family score with declared coinitiator/H-donor validation requirement and superfamily diversity,normal minimum; zero imaginary frequencies,Triethylamine coinitiator reference and candidate radical-anion stable-point calculations available.,photo-ET proxy=0.076 eV; class=near_thermoneutral_proxy,coinitiator-compatible exploratory with ET-proxy support,retain with explicit coinitiator context,"TEA Gibbs reference plus candidate vertical SCF EA and first bright excitation; not explicit pair geometry, not full Gibbs DeltaG_ET"
TII-02,ZINCr900001jPa3m,O=C1CC[C@H](OCC(=O)OCC(=O)c2cc3ccccc3oc2=O)C(=O)N1,Type-II,primary_mechanism_representative,coinitiator_dependent_TypeII_primary__GRF_6dcf0556a72f49,0.7879972894190872,448.7493770728306,446.58465884660455,2.164718226226057,AD_near,Novel-core exploratory,L2_partial_mechanism,high Type-II carbonyl family score with declared coinitiator/H-donor validation requirement and superfamily diversity,normal minimum; zero imaginary frequencies,Triethylamine coinitiator reference and candidate radical-anion stable-point calculations available.,photo-ET proxy=-0.233 eV; class=exergonic_proxy,coinitiator-compatible exploratory with ET-proxy support,retain with explicit coinitiator context,"TEA Gibbs reference plus candidate vertical SCF EA and first bright excitation; not explicit pair geometry, not full Gibbs DeltaG_ET"
TII-03,ZINCq9000022jvtP,Cc1nc(N[C@H]2C[C@H]2NC(=O)c2c[nH]c3cccnc3c2=O)[nH]c(=N)n1,Type-II,primary_mechanism_representative,coinitiator_dependent_TypeII_primary__GRF_31dab9883f338a,0.7651200695020746,399.3257628791884,401.2800724367223,1.954309557533918,AD_near,Novel-core exploratory,L2_partial_mechanism,high Type-II carbonyl family score with declared coinitiator/H-donor validation requirement and superfamily diversity,normal minimum; zero imaginary frequencies,Triethylamine coinitiator reference and candidate radical-anion stable-point calculations available.,photo-ET proxy=-0.166 eV; class=exergonic_proxy,coinitiator-compatible exploratory with ET-proxy support,retain with explicit coinitiator context,"TEA Gibbs reference plus candidate vertical SCF EA and first bright excitation; not explicit pair geometry, not full Gibbs DeltaG_ET"
TII-04,ZINCs800000064K3,CN(C)c1nc(Cc2noc(Cn3ncc(=O)c4ccccc43)n2)nc(=N)[nH]1,Type-II,primary_mechanism_representative,coinitiator_dependent_TypeII_primary__GRF_63c27a690ceb6b,0.7291560280082989,264.6932235685985,265.84569222916645,1.1524686605679335,AD_near,Novel-core exploratory,L3_complete_role_closure,high Type-II carbonyl family score with declared coinitiator/H-donor validation requirement and superfamily diversity,normal minimum; zero imaginary frequencies,Triethylamine coinitiator reference and candidate radical-anion stable-point calculations available.,photo-ET proxy=0.352 eV; class=near_thermoneutral_proxy,coinitiator-compatible exploratory with ET-proxy support,retain with explicit coinitiator context,"TEA Gibbs reference plus candidate vertical SCF EA and first bright excitation; not explicit pair geometry, not full Gibbs DeltaG_ET"
TII-05,ZINCsa00002DD1J4,C[C@@H](Nc1ncnc(=NCc2nnc3c(=O)[nH]ccn23)[nH]1)c1c[nH]ccc1=O,Type-II,high_novelty_explainable_representative,coinitiator_dependent_TypeII_primary__GRF_8b01cff0618797,0.41985330082987554,419.9746104386413,520.8150912663738,100.84048082773243,AD_high_risk,Novel-core exploratory,L2_partial_mechanism,high novelty family representative retained only if risk is explainable within the lane mechanism,normal minimum; zero imaginary frequencies,Triethylamine coinitiator reference and candidate radical-anion stable-point calculations available.,photo-ET proxy=0.908 eV; class=endergonic_proxy,coinitiator-compatible exploratory with ET-proxy support,retain with explicit coinitiator context,"TEA Gibbs reference plus candidate vertical SCF EA and first bright excitation; not explicit pair geometry, not full Gibbs DeltaG_ET"
TII-06,ZINCs800002KKqfG,N=c1[nH]cnc2c(C(=O)NC3CN(c4ccc5c(n4)CCCC5=O)C3)cnn12,Type-II,high_novelty_explainable_representative,coinitiator_dependent_TypeII_primary__GRF_1742195caa1c69,0.5920050876556017,327.0388664072921,258.3096228612903,68.72924354600184,AD_near,Novel-core exploratory,L3_complete_role_closure,high novelty family representative retained only if risk is explainable within the lane mechanism,normal minimum; zero imaginary frequencies,Triethylamine coinitiator reference and candidate radical-anion stable-point calculations available.,photo-ET proxy=0.898 eV; class=endergonic_proxy,coinitiator-compatible exploratory with ET-proxy support,retain with explicit coinitiator context,"TEA Gibbs reference plus candidate vertical SCF EA and first bright excitation; not explicit pair geometry, not full Gibbs DeltaG_ET"
TII-07,ZINCr900001jQooH,O=C1CC[C@@H](OCC(=O)OCC(=O)c2cc3ccccc3oc2=O)C(=O)N1,Type-II,same_family_or_neighbor_boundary_control,coinitiator_dependent_TypeII_primary__GRF_6dcf0556a72f49,0.7879972894190872,445.5628436690096,448.7737029432931,3.2108592742834503,AD_near,Novel-core exploratory,L2_partial_mechanism,"same-family or near-neighbor boundary/control, not a discovery claim",normal minimum; zero imaginary frequencies,Triethylamine coinitiator reference and candidate radical-anion stable-point calculations available.,photo-ET proxy=-0.150 eV; class=exergonic_proxy,coinitiator-compatible exploratory with ET-proxy support,retain with explicit coinitiator context,"TEA Gibbs reference plus candidate vertical SCF EA and first bright excitation; not explicit pair geometry, not full Gibbs DeltaG_ET"
SP-01,ZINCt800000ddIcV,CCc1nc(N2CC3(CN(C(=O)c4ccc5ncc(=O)[nH]c5c4)C3)C2)[nH]c(=N)n1,SET/PET,primary_mechanism_representative,radical_exploratory_SET_PET__GRF_7cb3146b47f2f4,0.7008025833333332,402.361110082242,398.6229519923374,3.73815808990463,AD_near,Novel-core exploratory,L3_complete_role_closure,high SET/PET D-pi-A family score with explicit donor/acceptor/conjugation hypothesis required for TD/NTO/redox QM,normal minimum; zero imaginary frequencies,Manual donor/acceptor assignment and vertical redox inputs available; localized_or_overlapping_NTO.,NTO centroid distance=0.5070 Å; EA_vertical=1.643 eV; IP_vertical=6.907 eV; redox input ready,redox-input plus manual D/A-adjudication exploratory,retain as exploratory SET/PET hypothesis,manual D/A assignment available; NTO overlap means not a confirmed long-range CT state; DeltaG_ET still requires explicit direction/context postprocess
SP-02,ZINCr900001or2kq,N=c1nc(N2CC[C@@H](C(N)=O)C2)[nH]c(=NCc2ccc3nccnc3c2)[nH]1,SET/PET,primary_mechanism_representative,radical_exploratory_SET_PET__GRF_a0b525d978d120,0.6884376111111111,357.5094877209321,359.7021459566152,2.1926582356830977,AD_near,Novel-core exploratory,L3_complete_role_closure,high SET/PET D-pi-A family score with explicit donor/acceptor/conjugation hypothesis required for TD/NTO/redox QM,normal minimum; zero imaginary frequencies,Manual donor/acceptor assignment and vertical redox inputs available; localized_or_overlapping_NTO.,NTO centroid distance=1.3132 Å; EA_vertical=1.323 eV; IP_vertical=7.071 eV; redox input ready,redox-input plus manual D/A-adjudication exploratory,retain as exploratory SET/PET hypothesis,manual D/A assignment available; localized/overlapping NTO supports short-range or mixed ICT rather than clean separated CT
SP-03,ZINCt800002x9kyS,CN(Cc1nnc2c(=O)[nH]ccn12)c1nc(=N)nc(N2CCSC3(CCC3)C2)[nH]1,SET/PET,primary_mechanism_representative,radical_exploratory_SET_PET__GRF_d04aa41194f571,0.6752266388888889,330.8535995300297,326.56436996530994,4.28922956471979,AD_near,Novel-core exploratory,L3_complete_role_closure,high SET/PET D-pi-A family score with explicit donor/acceptor/conjugation hypothesis required for TD/NTO/redox QM,normal minimum; zero imaginary frequencies,Manual donor/acceptor assignment and vertical redox inputs available; localized_or_overlapping_NTO.,NTO centroid distance=1.0948 Å; EA_vertical=0.295 eV; IP_vertical=6.581 eV; redox input ready,redox-input plus manual D/A-adjudication exploratory,retain as exploratory SET/PET hypothesis,"manual D/A assignment available; acceptor EA proxy is modest, so classify as SET/PET exploratory not validated"
SP-04,ZINCs900002OMkJ7,Cc1ccc2oc(=O)n(CC(=O)NNc3nc(N(C)C)nc(N(C)C)n3)c2c1,SET/PET,primary_mechanism_representative,radical_exploratory_SET_PET__GRF_07d3bc505e9a4f,0.6747951388888889,257.35341027056995,252.51409139902705,4.8393188715429005,AD_near,Novel-core exploratory,L3_complete_role_closure,high SET/PET D-pi-A family score with explicit donor/acceptor/conjugation hypothesis required for TD/NTO/redox QM,normal minimum; zero imaginary frequencies,Manual donor/acceptor assignment and vertical redox inputs available; localized_or_overlapping_NTO.,NTO centroid distance=0.4181 Å; EA_vertical=-0.002 eV; IP_vertical=6.771 eV; redox input ready but acceptor-side reduction is weak by vertical SCF proxy,redox-input plus manual D/A-adjudication exploratory,retain as exploratory SET/PET hypothesis,manual D/A assignment available; weak EA and overlapping NTO make this a boundary SET/PET case
SP-05,ZINCr8000028oLXh,c1nc(N2CCN(c3cncc4ncnn34)CC2)nc(N2CC3CC2C3)n1,SET/PET,high_novelty_explainable_representative,radical_exploratory_SET_PET__GRF_52767d11ef99f4,0.4339955,121.37225583204722,107.56999340718798,13.802262424859236,AD_near,Novel-core exploratory,L3_complete_role_closure,high novelty family representative retained only if risk is explainable within the lane mechanism,normal minimum; zero imaginary frequencies,Manual donor/acceptor assignment and vertical redox inputs available; localized_or_overlapping_NTO.,NTO centroid distance=1.0217 Å; EA_vertical=0.765 eV; IP_vertical=6.716 eV; redox input ready,redox-input plus manual D/A-adjudication exploratory,retain as exploratory SET/PET hypothesis,manual D/A assignment available; classify as mixed/local ICT input rather than fully separated charge-transfer state
SP-06,ZINCt800002HPD8j,N=c1nc(N2CCN(c3cncc4ncnn34)CC2)[nH]c(N2C[C@H]3CC[C@H]2C3)n1,SET/PET,high_novelty_explainable_representative,radical_exploratory_SET_PET__GRF_3affd3297df29e,0.5646854722222222,186.3099637455388,186.7789439952913,0.4689802497525193,AD_near,Novel-core exploratory,L3_complete_role_closure,high novelty family representative retained only if risk is explainable within the lane mechanism,failed or unavailable,Neutral-geometry rescue failed.,,excluded,exclude from mechanism-supported discussion,No mechanistic claim is permitted for the failed neutral geometry.
SP-07,ZINCr900001waGA8,N=c1nc(N2CC[C@H](C(N)=O)C2)[nH]c(=NCc2ccc3nccnc3c2)[nH]1,SET/PET,same_family_or_neighbor_boundary_control,radical_exploratory_SET_PET__GRF_a0b525d978d120,0.6884376111111111,351.5437595522037,357.0441164377342,5.500356885530493,AD_near,Novel-core exploratory,L3_complete_role_closure,"same-family or near-neighbor boundary/control, not a discovery claim",normal minimum; zero imaginary frequencies,Manual donor/acceptor assignment and vertical redox inputs available; localized_or_overlapping_NTO.,NTO centroid distance=1.1871 Å; EA_vertical=1.342 eV; IP_vertical=6.919 eV; redox input ready,redox-input plus manual D/A-adjudication exploratory,retain as exploratory SET/PET hypothesis,manual D/A assignment available; boundary/control analogue of SP-02
