route_evidence_id,source_id,source_doi,source_title,supporting_source_ids,supporting_dois,supporting_source_count,route_family,applicable_mechanism_lane,evidence_summary,normalized_route_rule,scope_limit,computational_use,downstream_use,route_evidence_class,route_evidence_class_definition,route_evidence_class_use,status
SR001,SRC030,10.1016/j.eurpolymj.2023.112597,Recent advances on phenothiazine-based oxime esters as visible light photoinitiators of polymerization,SRC030,10.1016/j.eurpolymj.2023.112597,1,OXIME_FORMATION,Type-I,The review states that aldehyde/ketone chromophores can be converted to oximes with hydroxylamine hydrochloride before OXE formation.,final_slate_or_generation_route_support,General OXE-route support; exact substrate scope still needs per-candidate route check.,route plausibility and family-level materialisation review,candidate portfolio annotation; not model training,direct_route_precedent,The source reports the stated transformation or reaction family on a photoinitiator- or chromophore-relevant substrate with sufficient route or product detail to support family-level route plausibility.,"descriptive provenance class only; not a score, ranking weight or model input",traceable_route_evidence
SR002,SRC030,10.1016/j.eurpolymj.2023.112597,Recent advances on phenothiazine-based oxime esters as visible light photoinitiators of polymerization,SRC030,10.1016/j.eurpolymj.2023.112597,1,OXIME_ESTERIFICATION,Type-I,The source describes one-step esterification of the generated oxime using base and an acid chloride.,final_slate_or_generation_route_support,"Directly supports OXE formation, but acid chloride identity and regioisomerism need candidate-level control.",route plausibility and family-level materialisation review,candidate portfolio annotation; not model training,direct_route_precedent,The source reports the stated transformation or reaction family on a photoinitiator- or chromophore-relevant substrate with sufficient route or product detail to support family-level route plausibility.,"descriptive provenance class only; not a score, ranking weight or model input",traceable_route_evidence
SR003,SRC031,10.1016/j.dyepig.2023.111202,Photoinitiation behavior of phenothiazines containing two oxime ester functionalities (OXEs) in free radical photopolymerization and 3D printing application,SRC031,10.1016/j.dyepig.2023.111202,1,OXIME_ESTERIFICATION,Type-I,"The paper links OXE photoexcitation to N-O cleavage and radical generation, matching the Type-I validation lane.",final_slate_or_generation_route_support,Mechanistic support; predicted candidates still require N-O BDE and excited-state checks.,route plausibility and family-level materialisation review,candidate portfolio annotation; not model training,direct_route_precedent,The source reports the stated transformation or reaction family on a photoinitiator- or chromophore-relevant substrate with sufficient route or product detail to support family-level route plausibility.,"descriptive provenance class only; not a score, ranking weight or model input",traceable_route_evidence
SR004,SRC032,10.1016/j.eurpolymj.2023.111901,A review on recently proposed oxime ester photoinitiators,SRC032,10.1016/j.eurpolymj.2023.111901,1,BUCHWALD_HARTWIG_DONOR_INSTALL,Type-I,"Triphenylamine-based oxime ester access is described through arylamine formation by C-N coupling, followed by formylation, oximation and condensation.",final_slate_or_generation_route_support,Supports donor installation in OXE-like routes; catalyst/ligand scope must be checked for each aryl halide.,route plausibility and family-level materialisation review,candidate portfolio annotation; not model training,direct_route_precedent,The source reports the stated transformation or reaction family on a photoinitiator- or chromophore-relevant substrate with sufficient route or product detail to support family-level route plausibility.,"descriptive provenance class only; not a score, ranking weight or model input",traceable_route_evidence
SR005,SRC033,10.1039/c3tc00623a,Synthesis and two-photon properties of a novel multi-branched chromophore with an unsymmetrically substituted scaffold derived from functionalized quinoxalinoid heterocycles,SRC033,10.1039/c3tc00623a,1,SONOGASHIRA_DONOR_ACCEPTOR,Type-I; SET/PET_or_optical,The quinoxalinoid chromophore synthesis uses Sonogashira chemistry to access a diarylacetylene precursor.,final_slate_or_generation_route_support,Strong support for ethynyl-extended chromophores; not automatically proof of PI activity.,route plausibility and family-level materialisation review,candidate portfolio annotation; not model training,direct_route_precedent,The source reports the stated transformation or reaction family on a photoinitiator- or chromophore-relevant substrate with sufficient route or product detail to support family-level route plausibility.,"descriptive provenance class only; not a score, ranking weight or model input",traceable_route_evidence
SR006,SRC034,10.1002/cphc.201402646,"π‐Expanded α,β‐Unsaturated Ketones: Synthesis, Optical Properties, and Two‐Photon‐Induced Polymerization",SRC034,10.1002/cphc.201402646,1,SONOGASHIRA_DONOR_ACCEPTOR,SET/PET_or_optical,"A two-photon polymerization photoinitiator library of expanded alpha,beta-unsaturated ketones was prepared using Sonogashira and condensation steps.",final_slate_or_generation_route_support,Supports ethynyl bridge construction in high-2PA PI-like chromophores; reaction conditions remain substrate-specific.,route plausibility and family-level materialisation review,candidate portfolio annotation; not model training,direct_route_precedent,The source reports the stated transformation or reaction family on a photoinitiator- or chromophore-relevant substrate with sufficient route or product detail to support family-level route plausibility.,"descriptive provenance class only; not a score, ranking weight or model input",traceable_route_evidence
SR007,SRC034,10.1002/cphc.201402646,"π‐Expanded α,β‐Unsaturated Ketones: Synthesis, Optical Properties, and Two‐Photon‐Induced Polymerization",SRC034,10.1002/cphc.201402646,1,KNOEVENAGEL_CYCLOKETONE,SET/PET_or_optical,"The source describes aldehyde-cycloketone condensation to make donor-substituted alpha,beta-unsaturated ketone photoinitiator scaffolds.",final_slate_or_generation_route_support,The paper names aldol condensation rather than Knoevenagel; use as Knoevenagel/aldol-family support.,route plausibility and family-level materialisation review,candidate portfolio annotation; not model training,qualified_close_analogue,"The source reports a closely related transformation, but the substrate class, target family or exact route differs; candidate-specific applicability requires further verification.","descriptive provenance class only; not a score, ranking weight or model input",traceable_route_evidence
SR008,SRC035,10.1039/b609309d,"Carbazole-based 1D and 2D hemicyanines: synthesis, two-photon absorption properties and application for two-photon photopolymerization 3D lithography",SRC035,10.1039/b609309d,1,KNOEVENAGEL_CYCLOKETONE,SET/PET_or_optical,Carbazole donor hemicyanine 2PA chromophores were prepared by Knoevenagel condensation.,final_slate_or_generation_route_support,Supports donor-acceptor chromophore formation; PI initiating-center closure must be added separately.,route plausibility and family-level materialisation review,candidate portfolio annotation; not model training,contextual_or_analogous_support,The source provides reaction or motif context without a direct protocol for the stated route on the target family; it supports contextual review only.,"descriptive provenance class only; not a score, ranking weight or model input",traceable_route_evidence
SR009,SRC018,10.1021/acsapm.0c01291,Substituted Thioxanthone-Based Photoinitiators for Efficient Two-Photon Direct Laser Writing Polymerization with Two-Color Resolution,SRC018,10.1021/acsapm.0c01291,1,SUZUKI_EXTENDED_ARYL,Type-II_or_donor_tuned,"ITX photoinitiator derivatives were diversified by Suzuki coupling, supporting donor/aryl expansion of benchmark PI scaffolds.",final_slate_or_generation_route_support,Good route support for donor-tuned benchmark lanes; still requires 2PA and initiation mechanism checks.,route plausibility and family-level materialisation review,candidate portfolio annotation; not model training,direct_route_precedent,The source reports the stated transformation or reaction family on a photoinitiator- or chromophore-relevant substrate with sufficient route or product detail to support family-level route plausibility.,"descriptive provenance class only; not a score, ranking weight or model input",traceable_route_evidence
SR010,SRC036,10.1039/c8me00101d,Towards efficient initiators for two-photon induced polymerization: fine tuning of the donor/acceptor properties,SRC036,10.1039/c8me00101d,1,SUZUKI_EXTENDED_ARYL,SET/PET_or_optical,The paper explicitly assembles potential donor-acceptor-donor two-photon photoinitiators by Suzuki cross-coupling.,final_slate_or_generation_route_support,Strongest support for Suzuki-based D-A-D PI enumeration; generated products still need strict PI role closure.,route plausibility and family-level materialisation review,candidate portfolio annotation; not model training,direct_route_precedent,The source reports the stated transformation or reaction family on a photoinitiator- or chromophore-relevant substrate with sufficient route or product detail to support family-level route plausibility.,"descriptive provenance class only; not a score, ranking weight or model input",traceable_route_evidence
SR011,SRC033,10.1039/c3tc00623a,Synthesis and two-photon properties of a novel multi-branched chromophore with an unsymmetrically substituted scaffold derived from functionalized quinoxalinoid heterocycles,SRC033,10.1039/c3tc00623a,1,BUCHWALD_HARTWIG_DONOR_INSTALL,Type-II_or_donor_tuned; SET/PET_or_optical,The quinoxalinoid chromophore route installs amine donors through sequential Buchwald-Hartwig amination steps.,final_slate_or_generation_route_support,Supports donor installation in complex chromophores; PI initiating center is not inherent in this source.,route plausibility and family-level materialisation review,candidate portfolio annotation; not model training,direct_route_precedent,The source reports the stated transformation or reaction family on a photoinitiator- or chromophore-relevant substrate with sufficient route or product detail to support family-level route plausibility.,"descriptive provenance class only; not a score, ranking weight or model input",traceable_route_evidence
SR012,SRC037,10.1002/ejoc.201300345,"Synthesis and Two‐Photon Absorption Properties of Symmetrical Chromophores Derived from 2,3,5‐Trisubstituted Quinoxaline Units",SRC037,10.1002/ejoc.201300345,1,HECK_STYRYL_TRIAZINE,SET/PET_or_optical,"The quinoxaline 2PA chromophore synthesis uses Heck coupling for key intermediates and target chromophores, supporting styryl-extension templates.",final_slate_or_generation_route_support,Direct for high-2PA chromophore construction; PI function must come from the chosen initiating center.,route plausibility and family-level materialisation review,candidate portfolio annotation; not model training,qualified_close_analogue,"The source reports a closely related transformation, but the substrate class, target family or exact route differs; candidate-specific applicability requires further verification.","descriptive provenance class only; not a score, ranking weight or model input",traceable_route_evidence
SR013,SRC038,10.1021/jp050368o,"The Ultrafast Dynamics and Nonlinear Optical Properties of Tribranched Styryl Derivatives Based on 1,3,5-Triazine",SRC038,10.1021/jp050368o,1,TRIAZINE_DONOR_SUBSTITUTION,SET/PET_or_optical,"The paper assigns triphenylamine as donor, triazine as acceptor and styryl as chromophore in D-pi-A triazine systems.",final_slate_or_generation_route_support,"Supports the triazine D-pi-A design motif, not a direct nucleophilic triazine substitution protocol in this local PDF.",route plausibility and family-level materialisation review,candidate portfolio annotation; not model training,contextual_or_analogous_support,The source provides reaction or motif context without a direct protocol for the stated route on the target family; it supports contextual review only.,"descriptive provenance class only; not a score, ranking weight or model input",traceable_route_evidence
SR014,SRC039,10.1038/s41467-021-23170-4,Efficient 3D printing via photooxidation of ketocoumarin based photopolymerization,SRC039,10.1038/s41467-021-23170-4,1,TRIAZINE_DONOR_SUBSTITUTION,SET/PET_or_optical; boundary_review,"The source uses a trichloromethyl-triazine sensitizer/initiator system, supporting triazine as a productive PI motif under the right chemistry.",final_slate_or_generation_route_support,"This is mechanism/motif support, not direct support for donor substitution enumeration.",route plausibility and family-level materialisation review,candidate portfolio annotation; not model training,contextual_or_analogous_support,The source provides reaction or motif context without a direct protocol for the stated route on the target family; it supports contextual review only.,"descriptive provenance class only; not a score, ranking weight or model input",traceable_route_evidence
SR015,SRC040,10.4012/dmj.2009-137,A review of the development of radical photopolymerization initiators used for designing light-curing dental adhesives and resin composites,SRC040,10.4012/dmj.2009-137,1,ACYLPHOSPHINE_OXIDE_MODIFICATION,Type-I,The paper describes acylphosphine oxide synthesis from an acid chloride and phosphine reagent through Michaelis-Arbuzov chemistry.,final_slate_or_generation_route_support,"Route support is strong, but APO candidates remain benchmark/watchlist unless donor-rich 2PA role closure is achieved.",route plausibility and family-level materialisation review,candidate portfolio annotation; not model training,direct_route_precedent,The source reports the stated transformation or reaction family on a photoinitiator- or chromophore-relevant substrate with sufficient route or product detail to support family-level route plausibility.,"descriptive provenance class only; not a score, ranking weight or model input",traceable_route_evidence
SR016,SRC041,10.1016/j.eurpolymj.2023.111883,The future of visible light photoinitiators of polymerization for photocrosslinking applications,SRC041,10.1016/j.eurpolymj.2023.111883,1,ACYLPHOSPHINE_OXIDE_MODIFICATION,Type-I,"The review identifies TPO and BAPO as widely used Type-I photoinitiators, supporting an APO benchmark lane.",final_slate_or_generation_route_support,Benchmark support only; APO derivatives should not compete directly with OXE mainline without 2PA closure.,route plausibility and family-level materialisation review,candidate portfolio annotation; not model training,direct_route_precedent,The source reports the stated transformation or reaction family on a photoinitiator- or chromophore-relevant substrate with sufficient route or product detail to support family-level route plausibility.,"descriptive provenance class only; not a score, ranking weight or model input",traceable_route_evidence
SR017,SRC042,10.1039/b900464e,Triphenylamine-modified quinoxaline derivatives as two-photon photoinitiators,SRC042,10.1039/b900464e,1,ACYLATION_BENZOPHENONE,Type-II,"The source constructs quinoxaline-related carbonyl intermediates by Friedel-Crafts acylation, supporting aryl-acylation logic.",final_slate_or_generation_route_support,"Analogous carbonyl-building support, not a universal benzophenone acylation recipe.",route plausibility and family-level materialisation review,candidate portfolio annotation; not model training,contextual_or_analogous_support,The source provides reaction or motif context without a direct protocol for the stated route on the target family; it supports contextual review only.,"descriptive provenance class only; not a score, ranking weight or model input",traceable_route_evidence
SR018,SRC043,10.1016/j.eurpolymj.2024.112794,Recent advances on core-extended thioxanthones as efficient photoinitiators of polymerization,SRC043,10.1016/j.eurpolymj.2024.112794,1,ACYLATION_BENZOPHENONE,Type-II,The review anchors benzophenone and thioxanthone carbonyls as Type-II PI centers with hydrogen-abstraction logic.,final_slate_or_generation_route_support,Mechanism support; coinitiator dependence and intramolecular H-donor availability must be tracked.,route plausibility and family-level materialisation review,candidate portfolio annotation; not model training,direct_route_precedent,The source reports the stated transformation or reaction family on a photoinitiator- or chromophore-relevant substrate with sufficient route or product detail to support family-level route plausibility.,"descriptive provenance class only; not a score, ranking weight or model input",traceable_route_evidence
SR019,SRC044,10.1021/acsapm.8b00165,Photopolymerization in 3D Printing,SRC044,10.1021/acsapm.8b00165,1,ACYLATION_BENZOPHENONE,Type-II,The review supports the Type-II lane by linking benzophenone/thioxanthone-like systems to H-abstraction or ET with coinitiators.,final_slate_or_generation_route_support,Mechanistic support is coinitiator-aware; single-component PI claims need extra validation.,route plausibility and family-level materialisation review,candidate portfolio annotation; not model training,direct_route_precedent,The source reports the stated transformation or reaction family on a photoinitiator- or chromophore-relevant substrate with sufficient route or product detail to support family-level route plausibility.,"descriptive provenance class only; not a score, ranking weight or model input",traceable_route_evidence
