entity_id,paper_id,doi,raw_label,normalized_label,occurrence_count,page_hints,pdf_status,pages_processed,detected_structure_objects,strict_complete_candidates,distinct_candidate_inchikeys,selected_canonical_smiles,selected_inchikey,selected_formula,supporting_detection_count,conflicting_detection_count,identity_status,confidence_tier,scientific_use,source_structure_locations,claim_boundary
SRCENT-1b5e073932462319fe,zotero_4UUBRRGP,10.1002/adfm.201203880,Eosin Y,eosiny,1,5,available,5,20,0,0,,,,0,0,unresolved_no_strict_panel_pair,U,retrieval_and_future_identity_closure_only,,"This registry resolves molecular identity only. It does not validate or change any photophysical, polymerization, formulation, threshold, or external-test value."
SRCENT-65ab6786346f1710f2,zotero_4UUBRRGP,10.1002/adfm.201203880,Irgacure 2959,irgacure2959,1,5,available,5,20,0,0,,,,0,0,unresolved_no_strict_panel_pair,U,retrieval_and_future_identity_closure_only,,"This registry resolves molecular identity only. It does not validate or change any photophysical, polymerization, formulation, threshold, or external-test value."
SRCENT-e967083bed94262c89,ZPC-005453,10.1002/admi.202202352,benzophenone,benzophenone,2,15,available,5,15,0,0,,,,0,0,unresolved_no_strict_panel_pair,U,retrieval_and_future_identity_closure_only,,"This registry resolves molecular identity only. It does not validate or change any photophysical, polymerization, formulation, threshold, or external-test value."
SRCENT-a4c3643d22be623181,ZPC-005453,10.1002/admi.202202352,PI 0,pi0,2,7,available,5,15,0,0,,,,0,0,provisional_numeric_only_panel_pair,B_numeric,candidate_identity_only_not_model_ready,,"This registry resolves molecular identity only. It does not validate or change any photophysical, polymerization, formulation, threshold, or external-test value."
SRCENT-b7339cc1875223a35a,ZPC-000279,10.1002/app.27668,benzophenone,benzophenone,12,1;2;3,not_targeted,0,0,0,0,,,,0,0,not_selected_for_targeted_refinement,N_target,retrieval_and_future_identity_closure_only,,"This registry resolves molecular identity only. It does not validate or change any photophysical, polymerization, formulation, threshold, or external-test value."
SRCENT-ff345236f678a8d436,ZPC-000279,10.1002/app.27668,HBP,hbp,1,5,not_targeted,0,0,0,0,,,,0,0,not_selected_for_targeted_refinement,N_target,retrieval_and_future_identity_closure_only,,"This registry resolves molecular identity only. It does not validate or change any photophysical, polymerization, formulation, threshold, or external-test value."
SRCENT-fec526dffb25f1f1cd,ZPC-004576,10.1002/app.32576,benzophenone,benzophenone,1,2,available,3,7,0,0,,,,0,0,unresolved_no_strict_panel_pair,U,retrieval_and_future_identity_closure_only,,"This registry resolves molecular identity only. It does not validate or change any photophysical, polymerization, formulation, threshold, or external-test value."
SRCENT-c7042e75693311d76b,ZPC-005397,10.1002/app.37691,Darocur 1173,darocur1173,4,1;7;8,available,5,13,1,1,CC(C)(O)C(=O)c1ccccc1,XMLYCEVDHLAQEL-UHFFFAOYSA-N,C10H12O2,1,0,provisional_single_strict_panel_structure,B_strict_single,candidate_identity_only_not_model_ready,"PDF page 2; structure bbox (329, 301, 605, 616); label bbox (349, 629, 534, 653)","This registry resolves molecular identity only. It does not validate or change any photophysical, polymerization, formulation, threshold, or external-test value."
SRCENT-a0ae33d7cc3637d997,ZPC-000269,10.1002/app.38488,darocur 1173,darocur1173,1,7,available,5,21,0,0,,,,0,0,unresolved_no_strict_panel_pair,U,retrieval_and_future_identity_closure_only,,"This registry resolves molecular identity only. It does not validate or change any photophysical, polymerization, formulation, threshold, or external-test value."
SRCENT-85be4c9bdaf097b004,ZPC-000269,10.1002/app.38488,HTE4-30,hte430,2,6,available,5,21,0,0,,,,0,0,unresolved_no_strict_panel_pair,U,retrieval_and_future_identity_closure_only,,"This registry resolves molecular identity only. It does not validate or change any photophysical, polymerization, formulation, threshold, or external-test value."
SRCENT-bfb599b991d7eddb3b,ZPC-004234,10.1002/cptc.202000146,compound 1,compound1,1,3,available,5,69,0,0,,,,0,0,provisional_numeric_only_panel_pair,B_numeric,candidate_identity_only_not_model_ready,,"This registry resolves molecular identity only. It does not validate or change any photophysical, polymerization, formulation, threshold, or external-test value."
SRCENT-8eb025687c20e53dbe,ZPC-004234,10.1002/cptc.202000146,compound 2,compound2,1,3,available,5,69,0,0,,,,0,0,provisional_numeric_only_panel_pair,B_numeric,candidate_identity_only_not_model_ready,,"This registry resolves molecular identity only. It does not validate or change any photophysical, polymerization, formulation, threshold, or external-test value."
SRCENT-439c2a6ec83b3cefb2,ZPC-004234,10.1002/cptc.202000146,DCCA,dcca,1,5,available,5,69,0,0,,,,0,0,unresolved_no_strict_panel_pair,U,retrieval_and_future_identity_closure_only,,"This registry resolves molecular identity only. It does not validate or change any photophysical, polymerization, formulation, threshold, or external-test value."
SRCENT-e39c3e1084c35d5cde,ZPC-003094,10.1002/lpor.201600079,PI 5,pi5,2,3,available,1,4,0,0,,,,0,0,unresolved_no_strict_panel_pair,U,retrieval_and_future_identity_closure_only,,"This registry resolves molecular identity only. It does not validate or change any photophysical, polymerization, formulation, threshold, or external-test value."
SRCENT-e7312313c6c963c9ad,ZPC-004253,10.1002/pi.1835,compound 2,compound2,8,2;4,available,5,31,0,0,,,,0,0,provisional_numeric_only_panel_pair,B_numeric,candidate_identity_only_not_model_ready,,"This registry resolves molecular identity only. It does not validate or change any photophysical, polymerization, formulation, threshold, or external-test value."
SRCENT-2dbc5d429858c0f88c,ZPC-004253,10.1002/pi.1835,compound 3,compound3,3,4,available,5,31,0,0,,,,0,0,provisional_numeric_only_panel_pair,B_numeric,candidate_identity_only_not_model_ready,,"This registry resolves molecular identity only. It does not validate or change any photophysical, polymerization, formulation, threshold, or external-test value."
SRCENT-6066f2aca821b037dc,ZPC-004253,10.1002/pi.1835,compound 4,compound4,3,4,available,5,31,0,0,,,,0,0,provisional_numeric_only_panel_pair,B_numeric,candidate_identity_only_not_model_ready,,"This registry resolves molecular identity only. It does not validate or change any photophysical, polymerization, formulation, threshold, or external-test value."
SRCENT-bf25224a98cd1e26d2,ZPC-004253,10.1002/pi.1835,Darocur 1173,darocur1173,1,3,available,5,31,0,0,,,,0,0,unresolved_no_strict_panel_pair,U,retrieval_and_future_identity_closure_only,,"This registry resolves molecular identity only. It does not validate or change any photophysical, polymerization, formulation, threshold, or external-test value."
SRCENT-14dc4550b0c4925034,ZPC-004394,10.1002/pola.28571,benzophenone,benzophenone,9,1;4,available,4,8,0,0,,,,0,0,unresolved_no_strict_panel_pair,U,retrieval_and_future_identity_closure_only,,"This registry resolves molecular identity only. It does not validate or change any photophysical, polymerization, formulation, threshold, or external-test value."
SRCENT-da0b8ed42298284a7b,ZPC-005323,10.1002/polb.24891,thioxanthone,thioxanthone,6,1;2;3;7;8,not_targeted,0,0,0,0,,,,0,0,not_selected_for_targeted_refinement,N_target,retrieval_and_future_identity_closure_only,,"This registry resolves molecular identity only. It does not validate or change any photophysical, polymerization, formulation, threshold, or external-test value."
SRCENT-cc21558414e39a1163,OA2P-000080,10.1007/s00170-022-08731-1,PI 0,pi0,1,25,available,1,0,0,0,,,,0,0,unresolved_no_strict_panel_pair,U,retrieval_and_future_identity_closure_only,,"This registry resolves molecular identity only. It does not validate or change any photophysical, polymerization, formulation, threshold, or external-test value."
SRCENT-81400a73c96186dd31,OA2P-000087,10.1007/s40820-020-00577-0,CO2,co2,2,12,available,5,7,0,0,,,,0,0,unresolved_no_strict_panel_pair,U,retrieval_and_future_identity_closure_only,,"This registry resolves molecular identity only. It does not validate or change any photophysical, polymerization, formulation, threshold, or external-test value."
SRCENT-a5516e3e1ded6213ae,ZPC-005476,10.1016/j.actbio.2010.10.023,Irgacure 2959,irgacure2959,1,6,available,3,0,0,0,,,,0,0,unresolved_no_strict_panel_pair,U,retrieval_and_future_identity_closure_only,,"This registry resolves molecular identity only. It does not validate or change any photophysical, polymerization, formulation, threshold, or external-test value."
SRCENT-ff6ca0382c148b2874,ZPC-000021,10.1016/j.dental.2015.10.013,CQ,cq,1,7,not_targeted,0,0,0,0,,,,0,0,not_selected_for_targeted_refinement,N_target,retrieval_and_future_identity_closure_only,,"This registry resolves molecular identity only. It does not validate or change any photophysical, polymerization, formulation, threshold, or external-test value."
SRCENT-e84320672c6f55f95f,ZPC-000021,10.1016/j.dental.2015.10.013,DMAEMA,dmaema,1,2,not_targeted,0,0,0,0,,,,0,0,not_selected_for_targeted_refinement,N_target,retrieval_and_future_identity_closure_only,,"This registry resolves molecular identity only. It does not validate or change any photophysical, polymerization, formulation, threshold, or external-test value."
SRCENT-2065768a4c38a8ddc2,ZPC-000021,10.1016/j.dental.2015.10.013,DPIHP,dpihp,2,10;7,not_targeted,0,0,0,0,,,,0,0,not_selected_for_targeted_refinement,N_target,retrieval_and_future_identity_closure_only,,"This registry resolves molecular identity only. It does not validate or change any photophysical, polymerization, formulation, threshold, or external-test value."
SRCENT-a20226c84e279e4512,ZPC-000021,10.1016/j.dental.2015.10.013,EDMAB,edmab,15,10;4;8,not_targeted,0,0,0,0,,,,0,0,not_selected_for_targeted_refinement,N_target,retrieval_and_future_identity_closure_only,,"This registry resolves molecular identity only. It does not validate or change any photophysical, polymerization, formulation, threshold, or external-test value."
SRCENT-791296db10715a1d9a,ZPC-000021,10.1016/j.dental.2015.10.013,TTMSS,ttmss,1,10,not_targeted,0,0,0,0,,,,0,0,not_selected_for_targeted_refinement,N_target,retrieval_and_future_identity_closure_only,,"This registry resolves molecular identity only. It does not validate or change any photophysical, polymerization, formulation, threshold, or external-test value."
SRCENT-d3e423d688210b2c32,zotero_2SCTZD9L,10.1016/j.dyepig.2017.02.040,Irgacure 2959,irgacure2959,2,5,available,5,11,0,0,,,,0,0,unresolved_no_strict_panel_pair,U,retrieval_and_future_identity_closure_only,,"This registry resolves molecular identity only. It does not validate or change any photophysical, polymerization, formulation, threshold, or external-test value."
SRCENT-da54801d8f297e0812,zotero_WD4L7CWE,10.1016/j.eurpolymj.2019.109295,BA740,ba740,2,15;16,not_targeted,0,0,0,0,,,,0,0,not_selected_for_targeted_refinement,N_target,retrieval_and_future_identity_closure_only,,"This registry resolves molecular identity only. It does not validate or change any photophysical, polymerization, formulation, threshold, or external-test value."
SRCENT-2219a604c8ef37b54b,ZPC-001468,10.1016/j.eurpolymj.2019.109295,TEA,tea,1,20,available,5,13,0,0,,,,0,0,unresolved_no_strict_panel_pair,U,retrieval_and_future_identity_closure_only,,"This registry resolves molecular identity only. It does not validate or change any photophysical, polymerization, formulation, threshold, or external-test value."
SRCENT-b96775b3cab2362d89,zotero_A7T5Q7PK,10.1016/j.eurpolymj.2020.110209,compound 1,compound1,1,3,available,4,3,0,0,,,,0,0,unresolved_no_strict_panel_pair,U,retrieval_and_future_identity_closure_only,,"This registry resolves molecular identity only. It does not validate or change any photophysical, polymerization, formulation, threshold, or external-test value."
SRCENT-2fdf60bd6fb3e2f85c,zotero_A7T5Q7PK,10.1016/j.eurpolymj.2020.110209,thioxanthone,thioxanthone,1,8,available,4,3,0,0,,,,0,0,unresolved_no_strict_panel_pair,U,retrieval_and_future_identity_closure_only,,"This registry resolves molecular identity only. It does not validate or change any photophysical, polymerization, formulation, threshold, or external-test value."
SRCENT-e35c563211f6a6f64d,ZPC-006106,10.1016/j.eurpolymj.2021.110293,Darocur1173,darocur1173,9,2;3;6,not_targeted,0,0,0,0,,,,0,0,not_selected_for_targeted_refinement,N_target,retrieval_and_future_identity_closure_only,,"This registry resolves molecular identity only. It does not validate or change any photophysical, polymerization, formulation, threshold, or external-test value."
SRCENT-8e1db9d4c98a593413,ZPC-006106,10.1016/j.eurpolymj.2021.110293,ZnO-TDI-1173,znotdi1173,1,3,not_targeted,0,0,0,0,,,,0,0,not_selected_for_targeted_refinement,N_target,retrieval_and_future_identity_closure_only,,"This registry resolves molecular identity only. It does not validate or change any photophysical, polymerization, formulation, threshold, or external-test value."
SRCENT-c424c9fb41efae8f42,OA2P-000106,10.1016/j.eurpolymj.2023.111883,camphorquinone,camphorquinone,2,13,available,5,42,0,0,,,,0,0,unresolved_no_strict_panel_pair,U,retrieval_and_future_identity_closure_only,,"This registry resolves molecular identity only. It does not validate or change any photophysical, polymerization, formulation, threshold, or external-test value."
SRCENT-80c712f7d0da19bffb,ZPC-005897,10.1016/j.indcrop.2020.113210,TPOL,tpol,11,3;6,available,5,9,1,1,CCOP(=O)(C(=O)c1c(C)cc(C)cc1C)c1ccccc1,ZMDDERVSCYEKPQ-UHFFFAOYSA-N,C18H21O3P,1,0,provisional_single_strict_panel_structure,B_strict_single,candidate_identity_only_not_model_ready,"PDF page 2; structure bbox (894, 597, 1223, 802); label bbox (1022, 831, 1100, 854)","This registry resolves molecular identity only. It does not validate or change any photophysical, polymerization, formulation, threshold, or external-test value."
SRCENT-8e15764522dc236729,ZPC-001187,10.1016/j.jphotochem.2007.03.002,PI 1,pi1,4,6,available,2,3,0,0,,,,0,0,unresolved_no_strict_panel_pair,U,retrieval_and_future_identity_closure_only,,"This registry resolves molecular identity only. It does not validate or change any photophysical, polymerization, formulation, threshold, or external-test value."
SRCENT-f36457cdfca9a655df,ZPC-001187,10.1016/j.jphotochem.2007.03.002,PI 2,pi2,1,6,available,2,3,0,0,,,,0,0,provisional_numeric_only_panel_pair,B_numeric,candidate_identity_only_not_model_ready,,"This registry resolves molecular identity only. It does not validate or change any photophysical, polymerization, formulation, threshold, or external-test value."
SRCENT-33b348e18e67b99637,zotero_MZLGYQTP,10.1016/j.jphotochem.2009.02.007,DMDPI,dmdpi,2,4,available,4,3,0,0,,,,0,0,unresolved_no_strict_panel_pair,U,retrieval_and_future_identity_closure_only,,"This registry resolves molecular identity only. It does not validate or change any photophysical, polymerization, formulation, threshold, or external-test value."
SRCENT-771b9eb82ecc5b410c,ZPC-006320,10.1016/j.jphotochem.2019.112225,BFC,bfc,1,11,available,5,18,0,0,,,,0,0,unresolved_no_strict_panel_pair,U,retrieval_and_future_identity_closure_only,,"This registry resolves molecular identity only. It does not validate or change any photophysical, polymerization, formulation, threshold, or external-test value."
SRCENT-d4818592609366bb91,ZPC-006320,10.1016/j.jphotochem.2019.112225,PI 2,pi2,1,4,available,5,18,0,0,,,,0,0,unresolved_no_strict_panel_pair,U,retrieval_and_future_identity_closure_only,,"This registry resolves molecular identity only. It does not validate or change any photophysical, polymerization, formulation, threshold, or external-test value."
SRCENT-19dfb513ff81876879,ZPC-003710,10.1016/j.jphotochem.2020.112844,camphorquinone,camphorquinone,2,1;5,available,5,10,0,0,,,,0,0,unresolved_no_strict_panel_pair,U,retrieval_and_future_identity_closure_only,,"This registry resolves molecular identity only. It does not validate or change any photophysical, polymerization, formulation, threshold, or external-test value."
SRCENT-c39178b0784b14987e,zotero_QH8XLKS5,10.1016/j.polymer.2017.04.039,Lucirin TPOL,lucirintpol,1,3,available,2,0,0,0,,,,0,0,unresolved_no_strict_panel_pair,U,retrieval_and_future_identity_closure_only,,"This registry resolves molecular identity only. It does not validate or change any photophysical, polymerization, formulation, threshold, or external-test value."
SRCENT-150ae3be5ccf651755,ZPC-000304,10.1016/j.porgcoat.2018.05.008,Darocur 1173,darocur1173,36,7;8;9,not_targeted,0,0,0,0,,,,0,0,not_selected_for_targeted_refinement,N_target,retrieval_and_future_identity_closure_only,,"This registry resolves molecular identity only. It does not validate or change any photophysical, polymerization, formulation, threshold, or external-test value."
SRCENT-aa7a9f16af2f0af37f,ZPC-000304,10.1016/j.porgcoat.2018.05.008,Darocur 184,darocur184,1,8,not_targeted,0,0,0,0,,,,0,0,not_selected_for_targeted_refinement,N_target,retrieval_and_future_identity_closure_only,,"This registry resolves molecular identity only. It does not validate or change any photophysical, polymerization, formulation, threshold, or external-test value."
SRCENT-980eff1ece9f559747,ZPC-000304,10.1016/j.porgcoat.2018.05.008,Darocur 651,darocur651,1,8,not_targeted,0,0,0,0,,,,0,0,not_selected_for_targeted_refinement,N_target,retrieval_and_future_identity_closure_only,,"This registry resolves molecular identity only. It does not validate or change any photophysical, polymerization, formulation, threshold, or external-test value."
SRCENT-200723efa959a42d27,ZPC-000304,10.1016/j.porgcoat.2018.05.008,PI 66,pi66,1,8,not_targeted,0,0,0,0,,,,0,0,not_selected_for_targeted_refinement,N_target,retrieval_and_future_identity_closure_only,,"This registry resolves molecular identity only. It does not validate or change any photophysical, polymerization, formulation, threshold, or external-test value."
SRCENT-cbed2fe764e54f3a86,ZPC-004082,10.1016/j.porgcoat.2019.06.027,OXE1,oxe1,10,4;5;6;7,not_targeted,0,0,0,0,,,,0,0,not_selected_for_targeted_refinement,N_target,retrieval_and_future_identity_closure_only,,"This registry resolves molecular identity only. It does not validate or change any photophysical, polymerization, formulation, threshold, or external-test value."
SRCENT-973108374789b87a33,ZPC-000285,10.1016/j.porgcoat.2020.105546,Irgacure 184,irgacure184,17,1;3;5;6;7,not_targeted,0,0,0,0,,,,0,0,not_selected_for_targeted_refinement,N_target,retrieval_and_future_identity_closure_only,,"This registry resolves molecular identity only. It does not validate or change any photophysical, polymerization, formulation, threshold, or external-test value."
SRCENT-3c5f5ba01047b3e87a,ZPC-005973,10.1016/j.porgcoat.2021.106214,Irgacure 2959,irgacure2959,15,1;4;6,not_targeted,0,0,0,0,,,,0,0,not_selected_for_targeted_refinement,N_target,retrieval_and_future_identity_closure_only,,"This registry resolves molecular identity only. It does not validate or change any photophysical, polymerization, formulation, threshold, or external-test value."
SRCENT-60ad136656e7ed0d46,ZPC-005973,10.1016/j.porgcoat.2021.106214,thioxanthone,thioxanthone,11,1;3;9,not_targeted,0,0,0,0,,,,0,0,not_selected_for_targeted_refinement,N_target,retrieval_and_future_identity_closure_only,,"This registry resolves molecular identity only. It does not validate or change any photophysical, polymerization, formulation, threshold, or external-test value."
SRCENT-adbaaf2183a501cf1e,ZPC-005497,10.1016/j.progpolymsci.2020.101277,camphorquinone,camphorquinone,3,8;9,not_targeted,0,0,0,0,,,,0,0,not_selected_for_targeted_refinement,N_target,retrieval_and_future_identity_closure_only,,"This registry resolves molecular identity only. It does not validate or change any photophysical, polymerization, formulation, threshold, or external-test value."
SRCENT-ff6e693086a48c5b4a,ZPC-005497,10.1016/j.progpolymsci.2020.101277,thioxanthone,thioxanthone,5,32;8;9,not_targeted,0,0,0,0,,,,0,0,not_selected_for_targeted_refinement,N_target,retrieval_and_future_identity_closure_only,,"This registry resolves molecular identity only. It does not validate or change any photophysical, polymerization, formulation, threshold, or external-test value."
SRCENT-5e2ce95f52eb9ad889,ZPC-003074,10.1016/j.saa.2007.07.064,compound 4,compound4,2,4,available,5,25,0,0,,,,0,0,provisional_numeric_only_panel_pair,B_numeric,candidate_identity_only_not_model_ready,,"This registry resolves molecular identity only. It does not validate or change any photophysical, polymerization, formulation, threshold, or external-test value."
SRCENT-d276c0b540cd979d9c,OA2P-000132,10.1016/s0007-8506(07)61699-0,TEA,tea,2,5,available,5,1,0,0,,,,0,0,unresolved_no_strict_panel_pair,U,retrieval_and_future_identity_closure_only,,"This registry resolves molecular identity only. It does not validate or change any photophysical, polymerization, formulation, threshold, or external-test value."
SRCENT-f00966f6c0f1a5a48a,zotero_SRU6DZHE,10.1021/acs.macromol.0c01518,benzophenone,benzophenone,3,3,not_targeted,0,0,0,0,,,,0,0,not_selected_for_targeted_refinement,N_target,retrieval_and_future_identity_closure_only,,"This registry resolves molecular identity only. It does not validate or change any photophysical, polymerization, formulation, threshold, or external-test value."
SRCENT-ffecb74a0899ec6fec,ZPC-001606,10.1021/acs.macromol.1c00761,benzophenone,benzophenone,24,2;4;5;8,available,5,32,0,0,,,,0,0,unresolved_no_strict_panel_pair,U,retrieval_and_future_identity_closure_only,,"This registry resolves molecular identity only. It does not validate or change any photophysical, polymerization, formulation, threshold, or external-test value."
SRCENT-2bc07af501282a7369,ZPC-001606,10.1021/acs.macromol.1c00761,camphorquinone,camphorquinone,2,4,available,5,32,0,0,,,,0,0,unresolved_no_strict_panel_pair,U,retrieval_and_future_identity_closure_only,,"This registry resolves molecular identity only. It does not validate or change any photophysical, polymerization, formulation, threshold, or external-test value."
SRCENT-34230a461b8f18a7b9,ZPC-001606,10.1021/acs.macromol.1c00761,compound 5,compound5,1,1,available,5,32,0,0,,,,0,0,unresolved_no_strict_panel_pair,U,retrieval_and_future_identity_closure_only,,"This registry resolves molecular identity only. It does not validate or change any photophysical, polymerization, formulation, threshold, or external-test value."
SRCENT-7c2219fdb32c70340e,ZPC-001606,10.1021/acs.macromol.1c00761,DMPT,dmpt,1,10,available,5,32,0,0,,,,0,0,unresolved_no_strict_panel_pair,U,retrieval_and_future_identity_closure_only,,"This registry resolves molecular identity only. It does not validate or change any photophysical, polymerization, formulation, threshold, or external-test value."
SRCENT-f394e00e68fa688bb6,ZPC-001606,10.1021/acs.macromol.1c00761,thioxanthone,thioxanthone,2,4,available,5,32,0,0,,,,0,0,unresolved_no_strict_panel_pair,U,retrieval_and_future_identity_closure_only,,"This registry resolves molecular identity only. It does not validate or change any photophysical, polymerization, formulation, threshold, or external-test value."
SRCENT-90e15f63df794f3e59,ZPC-000031,10.1021/acs.macromol.7b00089,OXE01,oxe01,106,1;2;3;4;5;6;7,available,5,29,3,1,CCCCCC/C(=N\OC(=O)c1ccccc1)C(=O)c1ccc(Sc2ccccc2)cc1,LOCXTTRLSIDGPS-AZPGRJICSA-N,C27H27NO3S,3,0,automatic_closed_repeated_strict_panel_structure,A_auto,identity_linkage_candidate_not_numeric_benchmark_truth,"PDF page 4; structure bbox (981, 310, 1432, 588); label bbox (1147, 559, 1237, 581) | PDF page 5; structure bbox (884, 419, 1276, 659); label bbox (1029, 636, 1106, 655) | PDF page 7; structure bbox (415, 332, 811, 572); label bbox (571, 531, 649, 551)","This registry resolves molecular identity only. It does not validate or change any photophysical, polymerization, formulation, threshold, or external-test value."
SRCENT-ee2bba2365c7cd81de,ZPC-004762,10.1021/acs.macromol.8b02640,benzophenone,benzophenone,7,2;3;4;7,not_targeted,0,0,0,0,,,,0,0,not_selected_for_targeted_refinement,N_target,retrieval_and_future_identity_closure_only,,"This registry resolves molecular identity only. It does not validate or change any photophysical, polymerization, formulation, threshold, or external-test value."
SRCENT-fe7efd003eaed4b103,ZPC-004762,10.1021/acs.macromol.8b02640,compound 4,compound4,3,2,not_targeted,0,0,0,0,,,,0,0,not_selected_for_targeted_refinement,N_target,retrieval_and_future_identity_closure_only,,"This registry resolves molecular identity only. It does not validate or change any photophysical, polymerization, formulation, threshold, or external-test value."
SRCENT-3f5d988f15e99eb5ab,ZPC-004762,10.1021/acs.macromol.8b02640,DDFD,ddfd,1,6,not_targeted,0,0,0,0,,,,0,0,not_selected_for_targeted_refinement,N_target,retrieval_and_future_identity_closure_only,,"This registry resolves molecular identity only. It does not validate or change any photophysical, polymerization, formulation, threshold, or external-test value."
SRCENT-602323f1037a13b7cb,ZPC-004762,10.1021/acs.macromol.8b02640,IC2959,ic2959,3,7,not_targeted,0,0,0,0,,,,0,0,not_selected_for_targeted_refinement,N_target,retrieval_and_future_identity_closure_only,,"This registry resolves molecular identity only. It does not validate or change any photophysical, polymerization, formulation, threshold, or external-test value."
SRCENT-be3fe956762ec2104e,ZPC-004762,10.1021/acs.macromol.8b02640,Irgacure 2959,irgacure2959,6,7,not_targeted,0,0,0,0,,,,0,0,not_selected_for_targeted_refinement,N_target,retrieval_and_future_identity_closure_only,,"This registry resolves molecular identity only. It does not validate or change any photophysical, polymerization, formulation, threshold, or external-test value."
SRCENT-7386a331106f73837e,ZPC-004762,10.1021/acs.macromol.8b02640,Irgacure 754,irgacure754,1,2,not_targeted,0,0,0,0,,,,0,0,not_selected_for_targeted_refinement,N_target,retrieval_and_future_identity_closure_only,,"This registry resolves molecular identity only. It does not validate or change any photophysical, polymerization, formulation, threshold, or external-test value."
SRCENT-df74f0a50698ec67ed,ZPC-004762,10.1021/acs.macromol.8b02640,Tea,tea,1,8,not_targeted,0,0,0,0,,,,0,0,not_selected_for_targeted_refinement,N_target,retrieval_and_future_identity_closure_only,,"This registry resolves molecular identity only. It does not validate or change any photophysical, polymerization, formulation, threshold, or external-test value."
SRCENT-d222cc8e85c04a0ca6,ZPC-004762,10.1021/acs.macromol.8b02640,thioxanthone,thioxanthone,5,6,not_targeted,0,0,0,0,,,,0,0,not_selected_for_targeted_refinement,N_target,retrieval_and_future_identity_closure_only,,"This registry resolves molecular identity only. It does not validate or change any photophysical, polymerization, formulation, threshold, or external-test value."
SRCENT-d2772a0ff64f2edf22,zotero_RZAZ6SD2,10.1021/acsami.8b15011,Irgacure 2959,irgacure2959,1,2,available,1,1,0,0,,,,0,0,unresolved_no_strict_panel_pair,U,retrieval_and_future_identity_closure_only,,"This registry resolves molecular identity only. It does not validate or change any photophysical, polymerization, formulation, threshold, or external-test value."
SRCENT-de2eda9af43d872c06,zotero_B6B7CEZ3,10.1021/acsapm.0c01291,PI 2,pi2,3,2,not_targeted,0,0,0,0,,,,0,0,not_selected_for_targeted_refinement,N_target,retrieval_and_future_identity_closure_only,,"This registry resolves molecular identity only. It does not validate or change any photophysical, polymerization, formulation, threshold, or external-test value."
SRCENT-441e8995fec6cb3ac9,zotero_B6B7CEZ3,10.1021/acsapm.0c01291,thioxanthone,thioxanthone,7,1;5,not_targeted,0,0,0,0,,,,0,0,not_selected_for_targeted_refinement,N_target,retrieval_and_future_identity_closure_only,,"This registry resolves molecular identity only. It does not validate or change any photophysical, polymerization, formulation, threshold, or external-test value."
SRCENT-43926d3c957ac62ca5,ZPC-004587,10.1021/acsapm.2c00316,H-Nu,hnu,6,4,available,4,5,1,1,CCOc1cccc([IH]c2ccccc2)c1,NGHFOBRBHXLPIG-UHFFFAOYSA-N,C14H15IO,1,0,provisional_single_strict_panel_structure,B_strict_single,candidate_identity_only_not_model_ready,"PDF page 3; structure bbox (1427, 1164, 1659, 1361); label bbox (1656, 1163, 1779, 1185)","This registry resolves molecular identity only. It does not validate or change any photophysical, polymerization, formulation, threshold, or external-test value."
SRCENT-55efe70bc7aaa04397,zotero_PJQEIM6F,10.1021/acsapm.4c00932,benzophenone,benzophenone,1,1,available,5,21,0,0,,,,0,0,unresolved_no_strict_panel_pair,U,retrieval_and_future_identity_closure_only,,"This registry resolves molecular identity only. It does not validate or change any photophysical, polymerization, formulation, threshold, or external-test value."
SRCENT-12730bbc955ae60eae,ZPC-002104,10.1021/acsapm.5c01802,PI 1,pi1,12,,not_targeted,0,0,0,0,,,,0,0,not_selected_for_targeted_refinement,N_target,retrieval_and_future_identity_closure_only,,"This registry resolves molecular identity only. It does not validate or change any photophysical, polymerization, formulation, threshold, or external-test value."
SRCENT-189545e4be17562b10,ZPC-002104,10.1021/acsapm.5c01802,PI 2,pi2,15,,not_targeted,0,0,0,0,,,,0,0,not_selected_for_targeted_refinement,N_target,retrieval_and_future_identity_closure_only,,"This registry resolves molecular identity only. It does not validate or change any photophysical, polymerization, formulation, threshold, or external-test value."
SRCENT-98a4b67090967e0b8b,ZPC-002104,10.1021/acsapm.5c01802,PI 3,pi3,12,,not_targeted,0,0,0,0,,,,0,0,not_selected_for_targeted_refinement,N_target,retrieval_and_future_identity_closure_only,,"This registry resolves molecular identity only. It does not validate or change any photophysical, polymerization, formulation, threshold, or external-test value."
SRCENT-f27d56ceabfdb6d312,ZPC-000012,10.1021/acsmacrolett.7b00499,benzophenone,benzophenone,1,1,available,3,13,0,0,,,,0,0,unresolved_no_strict_panel_pair,U,retrieval_and_future_identity_closure_only,,"This registry resolves molecular identity only. It does not validate or change any photophysical, polymerization, formulation, threshold, or external-test value."
SRCENT-16cd7b6803f52ac6aa,zotero_H86SV53N,10.1021/la803803m,benzophenone,benzophenone,1,1,available,4,6,0,0,,,,0,0,unresolved_no_strict_panel_pair,U,retrieval_and_future_identity_closure_only,,"This registry resolves molecular identity only. It does not validate or change any photophysical, polymerization, formulation, threshold, or external-test value."
SRCENT-382f34b04646c7a1f0,ZPC-005136,10.1021/la803803m,TEA,tea,1,3,available,5,6,0,0,,,,0,0,unresolved_no_strict_panel_pair,U,retrieval_and_future_identity_closure_only,,"This registry resolves molecular identity only. It does not validate or change any photophysical, polymerization, formulation, threshold, or external-test value."
SRCENT-21700b578a5474d009,ZPC-006011,10.1021/ma500612x,benzophenone,benzophenone,2,1,not_targeted,0,0,0,0,,,,0,0,not_selected_for_targeted_refinement,N_target,retrieval_and_future_identity_closure_only,,"This registry resolves molecular identity only. It does not validate or change any photophysical, polymerization, formulation, threshold, or external-test value."
SRCENT-232f778bdb9d05b64c,ZPC-006011,10.1021/ma500612x,camphorquinone,camphorquinone,8,1;5,not_targeted,0,0,0,0,,,,0,0,not_selected_for_targeted_refinement,N_target,retrieval_and_future_identity_closure_only,,"This registry resolves molecular identity only. It does not validate or change any photophysical, polymerization, formulation, threshold, or external-test value."
SRCENT-c6573ab8ebe3654d8f,ZPC-002625,10.1021/ma5006793,camphorquinone,camphorquinone,6,1,not_targeted,0,0,0,0,,,,0,0,not_selected_for_targeted_refinement,N_target,retrieval_and_future_identity_closure_only,,"This registry resolves molecular identity only. It does not validate or change any photophysical, polymerization, formulation, threshold, or external-test value."
SRCENT-660ebad909577b4346,zotero_XAY2YYCX,10.1021/ma9007785,benzophenone,benzophenone,3,6,not_targeted,0,0,0,0,,,,0,0,not_selected_for_targeted_refinement,N_target,retrieval_and_future_identity_closure_only,,"This registry resolves molecular identity only. It does not validate or change any photophysical, polymerization, formulation, threshold, or external-test value."
SRCENT-ff08161ddda7a22153,ZPC-000028,10.1021/ma9007785,TPIP,tpip,14,,not_targeted,0,0,0,0,,,,0,0,not_selected_for_targeted_refinement,N_target,retrieval_and_future_identity_closure_only,,"This registry resolves molecular identity only. It does not validate or change any photophysical, polymerization, formulation, threshold, or external-test value."
SRCENT-0d4562c4e63a81d0b5,ZPC-005809,10.1021/ma900887h,benzophenone,benzophenone,25,1;3;4;5;6,not_targeted,0,0,0,0,,,,0,0,not_selected_for_targeted_refinement,N_target,retrieval_and_future_identity_closure_only,,"This registry resolves molecular identity only. It does not validate or change any photophysical, polymerization, formulation, threshold, or external-test value."
SRCENT-b2187e21caa18e3f14,ZPC-005809,10.1021/ma900887h,MTPBP,mtpbp,2,2,not_targeted,0,0,0,0,,,,0,0,not_selected_for_targeted_refinement,N_target,retrieval_and_future_identity_closure_only,,"This registry resolves molecular identity only. It does not validate or change any photophysical, polymerization, formulation, threshold, or external-test value."
SRCENT-efd88b29c51b679006,ZPC-005809,10.1021/ma900887h,PI 4,pi4,1,1,not_targeted,0,0,0,0,,,,0,0,not_selected_for_targeted_refinement,N_target,retrieval_and_future_identity_closure_only,,"This registry resolves molecular identity only. It does not validate or change any photophysical, polymerization, formulation, threshold, or external-test value."
SRCENT-1677f2583369af7b6f,ZPC-000685,10.1021/ma9514838,PI 5,pi5,3,2;4,available,4,26,0,0,,,,0,0,provisional_numeric_only_panel_pair,B_numeric,candidate_identity_only_not_model_ready,,"This registry resolves molecular identity only. It does not validate or change any photophysical, polymerization, formulation, threshold, or external-test value."
SRCENT-56af512470e500b83e,ZPC-000052,10.1038/17989,benzophenone,benzophenone,7,2,not_targeted,0,0,0,0,,,,0,0,not_selected_for_targeted_refinement,N_target,retrieval_and_future_identity_closure_only,,"This registry resolves molecular identity only. It does not validate or change any photophysical, polymerization, formulation, threshold, or external-test value."
SRCENT-46074ac79ecf8ea92d,OA2P-000181,10.1038/ncomms11975,PI 4,pi4,1,3,available,2,10,0,0,,,,0,0,provisional_numeric_only_panel_pair,B_numeric,candidate_identity_only_not_model_ready,,"This registry resolves molecular identity only. It does not validate or change any photophysical, polymerization, formulation, threshold, or external-test value."
SRCENT-4e1bd912da615cd61a,ZPC-001953,10.1038/s41598-017-17391-1,Irgacure 2959,irgacure2959,24,,not_targeted,0,0,0,0,,,,0,0,not_selected_for_targeted_refinement,N_target,retrieval_and_future_identity_closure_only,,"This registry resolves molecular identity only. It does not validate or change any photophysical, polymerization, formulation, threshold, or external-test value."
SRCENT-c24b5a945cddfaa9cf,ZPC-001953,10.1038/s41598-017-17391-1,PI 2,pi2,7,,not_targeted,0,0,0,0,,,,0,0,not_selected_for_targeted_refinement,N_target,retrieval_and_future_identity_closure_only,,"This registry resolves molecular identity only. It does not validate or change any photophysical, polymerization, formulation, threshold, or external-test value."
SRCENT-75bac74ac46e131c37,ZPC-000356,10.1039/b009992i,BEE,bee,6,2;3,not_targeted,0,0,0,0,,,,0,0,not_selected_for_targeted_refinement,N_target,retrieval_and_future_identity_closure_only,,"This registry resolves molecular identity only. It does not validate or change any photophysical, polymerization, formulation, threshold, or external-test value."
SRCENT-1f6359af56a12920ee,zotero_87BWABRN,10.1039/c4tc00706a,compound 1,compound1,1,8,available,5,29,0,0,,,,0,0,provisional_numeric_only_panel_pair,B_numeric,candidate_identity_only_not_model_ready,,"This registry resolves molecular identity only. It does not validate or change any photophysical, polymerization, formulation, threshold, or external-test value."
SRCENT-0d7e067227e59feb87,zotero_87BWABRN,10.1039/c4tc00706a,thioxanthone,thioxanthone,1,14,available,5,29,0,0,,,,0,0,unresolved_no_strict_panel_pair,U,retrieval_and_future_identity_closure_only,,"This registry resolves molecular identity only. It does not validate or change any photophysical, polymerization, formulation, threshold, or external-test value."
SRCENT-fa9bbe2d54cf045c32,ZPC-002032,10.1039/c6py01787h,Irgacure 2959,irgacure2959,2,1,available,2,2,0,0,,,,0,0,unresolved_no_strict_panel_pair,U,retrieval_and_future_identity_closure_only,,"This registry resolves molecular identity only. It does not validate or change any photophysical, polymerization, formulation, threshold, or external-test value."
SRCENT-e680f9cca3dca8eeaa,ZPC-000711,10.1039/c9py01819k,camphorquinone,camphorquinone,1,5,available,4,24,0,0,,,,0,0,unresolved_no_strict_panel_pair,U,retrieval_and_future_identity_closure_only,,"This registry resolves molecular identity only. It does not validate or change any photophysical, polymerization, formulation, threshold, or external-test value."
SRCENT-c21c4929d2054c5ba5,ZPC-004284,10.1039/d1py00914a,DAS,das,1,9,not_targeted,0,0,0,0,,,,0,0,not_selected_for_targeted_refinement,N_target,retrieval_and_future_identity_closure_only,,"This registry resolves molecular identity only. It does not validate or change any photophysical, polymerization, formulation, threshold, or external-test value."
SRCENT-9494f11367d87b3eb7,ZPC-004284,10.1039/d1py00914a,LiTPO61,litpo61,5,3,not_targeted,0,0,0,0,,,,0,0,not_selected_for_targeted_refinement,N_target,retrieval_and_future_identity_closure_only,,"This registry resolves molecular identity only. It does not validate or change any photophysical, polymerization, formulation, threshold, or external-test value."
SRCENT-b2b70ef58fcc0b4c09,ZPC-000049,10.1039/d4sc03527e,PI 23,pi23,7,3,not_targeted,0,0,0,0,,,,0,0,not_selected_for_targeted_refinement,N_target,retrieval_and_future_identity_closure_only,,"This registry resolves molecular identity only. It does not validate or change any photophysical, polymerization, formulation, threshold, or external-test value."
SRCENT-bb0ca9cb66ec422732,ZPC-002300,10.1088/1758-5082/3/2/025003,Irgacure 2959,irgacure2959,1,7,available,4,2,0,0,,,,0,0,unresolved_no_strict_panel_pair,U,retrieval_and_future_identity_closure_only,,"This registry resolves molecular identity only. It does not validate or change any photophysical, polymerization, formulation, threshold, or external-test value."
SRCENT-9ca189575d9369b112,ZPC-004826,10.1117/12.634627,camphorquinone,camphorquinone,3,1;3,not_targeted,0,0,0,0,,,,0,0,not_selected_for_targeted_refinement,N_target,retrieval_and_future_identity_closure_only,,"This registry resolves molecular identity only. It does not validate or change any photophysical, polymerization, formulation, threshold, or external-test value."
SRCENT-0946feac5d870464b5,ZPC-003545,10.1142/s0218863514500489,thioxanthone,thioxanthone,1,1,available,3,0,0,0,,,,0,0,unresolved_no_strict_panel_pair,U,retrieval_and_future_identity_closure_only,,"This registry resolves molecular identity only. It does not validate or change any photophysical, polymerization, formulation, threshold, or external-test value."
SRCENT-c1822a836fb7c8d432,ZPC-000385,10.1166/jnn.2013.6011,PI 3,pi3,13,,not_targeted,0,0,0,0,,,,0,0,not_selected_for_targeted_refinement,N_target,retrieval_and_future_identity_closure_only,,"This registry resolves molecular identity only. It does not validate or change any photophysical, polymerization, formulation, threshold, or external-test value."
SRCENT-bf7d9e098705cf0abf,ZPC-003968,10.1364/oe.18.027550,TEA,tea,1,4,available,4,1,0,0,,,,0,0,unresolved_no_strict_panel_pair,U,retrieval_and_future_identity_closure_only,,"This registry resolves molecular identity only. It does not validate or change any photophysical, polymerization, formulation, threshold, or external-test value."
SRCENT-5b78d8104ce9fd8c33,OA2P-000400,10.1364/oe.389215,M-112,m112,1,3,available,2,0,0,0,,,,0,0,unresolved_no_strict_panel_pair,U,retrieval_and_future_identity_closure_only,,"This registry resolves molecular identity only. It does not validate or change any photophysical, polymerization, formulation, threshold, or external-test value."
SRCENT-3cd37af14dd9642142,ZPC-005874,10.1515/nanoph-2022-0611,benzophenone,benzophenone,1,,not_targeted,0,0,0,0,,,,0,0,not_selected_for_targeted_refinement,N_target,retrieval_and_future_identity_closure_only,,"This registry resolves molecular identity only. It does not validate or change any photophysical, polymerization, formulation, threshold, or external-test value."
SRCENT-552eb503a9aa56f233,ZPC-005874,10.1515/nanoph-2022-0611,thioxanthone,thioxanthone,1,,not_targeted,0,0,0,0,,,,0,0,not_selected_for_targeted_refinement,N_target,retrieval_and_future_identity_closure_only,,"This registry resolves molecular identity only. It does not validate or change any photophysical, polymerization, formulation, threshold, or external-test value."
SRCENT-d1ab18d1479312bdef,ZPC-005125,10.18063/ijb.752,LAP,lap,1,,not_targeted,0,0,0,0,,,,0,0,not_selected_for_targeted_refinement,N_target,retrieval_and_future_identity_closure_only,,"This registry resolves molecular identity only. It does not validate or change any photophysical, polymerization, formulation, threshold, or external-test value."
SRCENT-da632780073857e227,OA2P-000440,10.21203/rs.3.rs-1797484/v1,PI 4,pi4,1,6,available,3,0,0,0,,,,0,0,unresolved_no_strict_panel_pair,U,retrieval_and_future_identity_closure_only,,"This registry resolves molecular identity only. It does not validate or change any photophysical, polymerization, formulation, threshold, or external-test value."
SRCENT-e06f67ba5177f4133a,zotero_DV89B7W8,10.2217/rme.13.60,Irgacure 2959,irgacure2959,9,13;2;4;5;6;8,not_targeted,0,0,0,0,,,,0,0,not_selected_for_targeted_refinement,N_target,retrieval_and_future_identity_closure_only,,"This registry resolves molecular identity only. It does not validate or change any photophysical, polymerization, formulation, threshold, or external-test value."
SRCENT-a2860888650142aad6,ZPC-000336,10.2478/bf02475199,MBDPPO,mbdppo,2,6,not_targeted,0,0,0,0,,,,0,0,not_selected_for_targeted_refinement,N_target,retrieval_and_future_identity_closure_only,,"This registry resolves molecular identity only. It does not validate or change any photophysical, polymerization, formulation, threshold, or external-test value."
SRCENT-69531b3857510671c4,ZPC-000336,10.2478/bf02475199,TEA,tea,5,8;9,not_targeted,0,0,0,0,,,,0,0,not_selected_for_targeted_refinement,N_target,retrieval_and_future_identity_closure_only,,"This registry resolves molecular identity only. It does not validate or change any photophysical, polymerization, formulation, threshold, or external-test value."
SRCENT-78bfca0b587888abb4,OA2P-000445,10.2494/photopolymer.14.657,compound 11,compound11,1,8,available,4,8,0,0,,,,0,0,provisional_numeric_only_panel_pair,B_numeric,candidate_identity_only_not_model_ready,,"This registry resolves molecular identity only. It does not validate or change any photophysical, polymerization, formulation, threshold, or external-test value."
SRCENT-88c1b164b46ca28a6c,OA2P-000445,10.2494/photopolymer.14.657,PI 10,pi10,5,10,available,4,8,0,0,,,,0,0,provisional_numeric_only_panel_pair,B_numeric,candidate_identity_only_not_model_ready,,"This registry resolves molecular identity only. It does not validate or change any photophysical, polymerization, formulation, threshold, or external-test value."
SRCENT-9b82a07a926bfcbc89,OA2P-000445,10.2494/photopolymer.14.657,PI 11,pi11,12,5;8,available,4,8,0,0,,,,0,0,provisional_numeric_only_panel_pair,B_numeric,candidate_identity_only_not_model_ready,,"This registry resolves molecular identity only. It does not validate or change any photophysical, polymerization, formulation, threshold, or external-test value."
SRCENT-7263fa8b4e95220be7,OA2P-000453,10.2961/jlmn.2011.03.0004,Darocur 1173,darocur1173,1,2,available,1,5,0,0,,,,0,0,unresolved_no_strict_panel_pair,U,retrieval_and_future_identity_closure_only,,"This registry resolves molecular identity only. It does not validate or change any photophysical, polymerization, formulation, threshold, or external-test value."
SRCENT-ddb4e1056883546901,OA2P-000463,10.3389/fphy.2018.00016,TEA,tea,1,7,available,5,3,0,0,,,,0,0,unresolved_no_strict_panel_pair,U,retrieval_and_future_identity_closure_only,,"This registry resolves molecular identity only. It does not validate or change any photophysical, polymerization, formulation, threshold, or external-test value."
SRCENT-36fddb71483439dfd5,zotero_AU74BQZ6,10.37188/lam.2023.004,camphorquinone,camphorquinone,2,11,available,5,0,0,0,,,,0,0,unresolved_no_strict_panel_pair,U,retrieval_and_future_identity_closure_only,,"This registry resolves molecular identity only. It does not validate or change any photophysical, polymerization, formulation, threshold, or external-test value."
SRCENT-0883e7d20044d19198,zotero_AU74BQZ6,10.37188/lam.2023.004,PI 37,pi37,1,4,available,5,0,0,0,,,,0,0,unresolved_no_strict_panel_pair,U,retrieval_and_future_identity_closure_only,,"This registry resolves molecular identity only. It does not validate or change any photophysical, polymerization, formulation, threshold, or external-test value."
SRCENT-037e697ec4b511929e,zotero_AU74BQZ6,10.37188/lam.2023.004,thioxanthone,thioxanthone,1,1,available,5,0,0,0,,,,0,0,unresolved_no_strict_panel_pair,U,retrieval_and_future_identity_closure_only,,"This registry resolves molecular identity only. It does not validate or change any photophysical, polymerization, formulation, threshold, or external-test value."
