entity_id,paper_id,doi,source_label,text_decision_status,text_confidence_tier,text_inchikey,text_pubchem_cid,stable_cluster_count,selected_inchikey,selected_smiles,selected_formula,scale_count,scales_present,selected_candidate_count,decision_status,decision_tier,decision_basis,source_structure_evidence_ids,source_structure_locations,rendered_page_paths,scientific_use_boundary
SRCENT-80c712f7d0da19bffb,ZPC-005897,10.1016/j.indcrop.2020.113210,TPOL,provisional_corrected_name_requires_source_structure_concordance,B_text_corrected_name,ZMDDERVSCYEKPQ-UHFFFAOYSA-N,16205480,1,ZMDDERVSCYEKPQ-UHFFFAOYSA-N,CCOP(=O)(C(=O)c1c(C)cc(C)cc1C)c1ccccc1,C18H21O3P,3,dpi260;dpi320;dpi400,3,accepted_multichannel_source_local_identity,A_multichannel,same_rdkit_valid_inchikey_at_260_320_400_dpi;source_text_definition_and_pubchem_identity_agree_with_panel_structure;source_spelling_typo_thimethyl_to_trimethyl_is_explicitly_preserved_in_provenance,PANELSTR-53f3b29adee9e37d6e;PANELSTR-87e093c8cb63537dd2;PANELSTR-ebd93ecb5a043bee4b,"PDF page 2; structure bbox (1119, 746, 1529, 1002); label bbox (1278, 1039, 1376, 1067);PDF page 2; structure bbox (726, 485, 994, 652); label bbox (830, 676, 894, 694);PDF page 2; structure bbox (894, 597, 1223, 802); label bbox (1022, 831, 1100, 854)",outputs\literature_kb_numbered_structure_refinement_20260906\source_pages\ZPC-005897\page_0002.png;outputs\literature_kb_numbered_structure_refinement_dpi260_20260906\source_pages\ZPC-005897\page_0002.png;outputs\literature_kb_numbered_structure_refinement_dpi400_20260906\source_pages\ZPC-005897\page_0002.png,"Identity linkage only; this decision does not create or validate numerical evidence, model labels, external-validation observations, screening decisions, or COMSOL inputs."
SRCENT-e7312313c6c963c9ad,ZPC-004253,10.1002/pi.1835,compound 2,unresolved_no_eligible_source_text_definition,U_text,,,1,,,,3,dpi260;dpi320;dpi400,6,rejected_panel_structure_disagrees_with_source_text_name,C_identity_conflict,panel_candidate_is_stable_but_panel_pairing_is_ambiguous;source_text_name_is_4_(4-benzoylphenyl)acetophenone_while_panel_candidate_contains_bromomethyl_substitution,PANELSTR-0e0492564f37fe99a8;PANELSTR-2b3b3849bc64aef07f;PANELSTR-4f7b342dbe3f5bf62b;PANELSTR-ba2bf69a728b740785;PANELSTR-d4f13896555f3c4022;PANELSTR-e2e1da46c2972ee2d7,"PDF page 2; structure bbox (1044, 1995, 1592, 2134); label bbox (1313, 1917, 1513, 1953);PDF page 2; structure bbox (1044, 1995, 1592, 2134); label bbox (1495, 1917, 1513, 1946);PDF page 2; structure bbox (1285, 2457, 1960, 2627); label bbox (1617, 2360, 1863, 2404);PDF page 2; structure bbox (1285, 2457, 1960, 2627); label bbox (1840, 2360, 1863, 2396);PDF page 2; structure bbox (1607, 3071, 2449, 3283); label bbox (2021, 2950, 2329, 3005);PDF page 2; structure bbox (1607, 3071, 2449, 3283); label bbox (2300, 2950, 2329, 2994)",outputs\literature_kb_numbered_structure_refinement_20260906\source_pages\ZPC-004253\page_0002.png;outputs\literature_kb_numbered_structure_refinement_dpi260_20260906\source_pages\ZPC-004253\page_0002.png;outputs\literature_kb_numbered_structure_refinement_dpi400_20260906\source_pages\ZPC-004253\page_0002.png,"Identity linkage only; this decision does not create or validate numerical evidence, model labels, external-validation observations, screening decisions, or COMSOL inputs."
SRCENT-43926d3c957ac62ca5,ZPC-004587,10.1021/acsapm.2c00316,H-Nu,unresolved_no_eligible_source_text_definition,U_text,,,1,,,,3,dpi260;dpi320;dpi400,3,rejected_source_definition_component_mismatch,C_identity_conflict,source_text_defines_a_cationic_salt_but_ocr_candidate_is_a_neutral_incomplete_iodine_structure,PANELSTR-009003468886bace9a;PANELSTR-19988eae25c79e01a3;PANELSTR-7a216a5cad736b7297,"PDF page 3; structure bbox (1160, 946, 1349, 1107); label bbox (1346, 946, 1432, 963);PDF page 3; structure bbox (1427, 1164, 1659, 1361); label bbox (1656, 1163, 1779, 1185);PDF page 3; structure bbox (1785, 1455, 2076, 1700); label bbox (2071, 1454, 2225, 1481)",outputs\literature_kb_numbered_structure_refinement_20260906\source_pages\ZPC-004587\page_0003.png;outputs\literature_kb_numbered_structure_refinement_dpi260_20260906\source_pages\ZPC-004587\page_0003.png;outputs\literature_kb_numbered_structure_refinement_dpi400_20260906\source_pages\ZPC-004587\page_0003.png,"Identity linkage only; this decision does not create or validate numerical evidence, model labels, external-validation observations, screening decisions, or COMSOL inputs."
SRCENT-5e2ce95f52eb9ad889,ZPC-003074,10.1016/j.saa.2007.07.064,compound 4,unresolved_no_eligible_source_text_definition,U_text,,,3,,,,3,dpi260;dpi320;dpi400,6,rejected_competing_stable_structures,C_ambiguous_panel_identity,multiple_competing_rdkit_valid_topologies_are_stable_across_render_scales,PANELSTR-1687442741a748fdfc;PANELSTR-1ae07d09b15c68f7ca;PANELSTR-1d75b04cefc47b0242;PANELSTR-1f5c9f125421959f66;PANELSTR-b461c058e077d5ab9c;PANELSTR-e699f00d16e760bb6b,"PDF page 2; structure bbox (1032, 2124, 1630, 2289); label bbox (1229, 2298, 1402, 2331);PDF page 2; structure bbox (1032, 2124, 1630, 2289); label bbox (1386, 2299, 1402, 2323);PDF page 2; structure bbox (1270, 2613, 2006, 2817); label bbox (1513, 2828, 1725, 2867);PDF page 2; structure bbox (1270, 2613, 2006, 2817); label bbox (1706, 2828, 1725, 2858);PDF page 2; structure bbox (1589, 3267, 2508, 3521); label bbox (1891, 3535, 2156, 3585);PDF page 2; structure bbox (1589, 3267, 2508, 3521); label bbox (2133, 3536, 2156, 3573)",outputs\literature_kb_numbered_structure_refinement_20260906\source_pages\ZPC-003074\page_0002.png;outputs\literature_kb_numbered_structure_refinement_dpi260_20260906\source_pages\ZPC-003074\page_0002.png;outputs\literature_kb_numbered_structure_refinement_dpi400_20260906\source_pages\ZPC-003074\page_0002.png,"Identity linkage only; this decision does not create or validate numerical evidence, model labels, external-validation observations, screening decisions, or COMSOL inputs."
SRCENT-a4c3643d22be623181,ZPC-005453,10.1002/admi.202202352,PI 0,unresolved_no_eligible_source_text_definition,U_text,,,0,,,,2,dpi260;dpi320,3,rejected_insufficient_multiresolution_support,U_panel,no_single_topology_recovered_at_all_three_render_scales,PANELSTR-1eaad90c893f70c817;PANELSTR-82eed03f0f50f2fca2;PANELSTR-bc3aa6b13e9b1eb3a8,"PDF page 5; structure bbox (1044, 2684, 1263, 2886); label bbox (1105, 2795, 1117, 2805);PDF page 5; structure bbox (1044, 2684, 1263, 2886); label bbox (1215, 2814, 1236, 2834);PDF page 5; structure bbox (847, 2181, 1027, 2345); label bbox (954, 2287, 963, 2295)",outputs\literature_kb_numbered_structure_refinement_20260906\source_pages\ZPC-005453\page_0005.png;outputs\literature_kb_numbered_structure_refinement_dpi260_20260906\source_pages\ZPC-005453\page_0005.png,"Identity linkage only; this decision does not create or validate numerical evidence, model labels, external-validation observations, screening decisions, or COMSOL inputs."
SRCENT-46074ac79ecf8ea92d,OA2P-000181,10.1038/ncomms11975,PI 4,unresolved_no_eligible_source_text_definition,U_text,,,1,,,,3,dpi260;dpi320;dpi400,3,provisional_stable_panel_requires_source_definition,B_panel_only_provisional,one_stable_panel_topology_without_independent_source_text_or_external_identity_confirmation,PANELSTR-0b0991663ac6943cd1;PANELSTR-35a6d437637222ab16;PANELSTR-385e4575c09cdeca78,"PDF page 3; structure bbox (1228, 2677, 1572, 2866); label bbox (1345, 2879, 1369, 2906);PDF page 3; structure bbox (1536, 3346, 1967, 3581); label bbox (1682, 3598, 1702, 3626);PDF page 3; structure bbox (998, 2176, 1278, 2328); label bbox (1093, 2339, 1112, 2361)",outputs\literature_kb_numbered_structure_refinement_20260906\source_pages\OA2P-000181\page_0003.png;outputs\literature_kb_numbered_structure_refinement_dpi260_20260906\source_pages\OA2P-000181\page_0003.png;outputs\literature_kb_numbered_structure_refinement_dpi400_20260906\source_pages\OA2P-000181\page_0003.png,"Identity linkage only; this decision does not create or validate numerical evidence, model labels, external-validation observations, screening decisions, or COMSOL inputs."
SRCENT-bfb599b991d7eddb3b,ZPC-004234,10.1002/cptc.202000146,compound 1,unresolved_no_eligible_source_text_definition,U_text,,,2,,,,3,dpi260;dpi320;dpi400,3,rejected_competing_stable_structures,C_ambiguous_panel_identity,multiple_competing_rdkit_valid_topologies_are_stable_across_render_scales,PANELSTR-81b18682fac6dad818;PANELSTR-ba4b8a097856dc2407;PANELSTR-bdd9f5c998d3509a14,"PDF page 3; structure bbox (499, 2347, 698, 2453); label bbox (609, 2444, 616, 2460);PDF page 3; structure bbox (615, 2889, 859, 3019); label bbox (749, 3007, 758, 3027);PDF page 3; structure bbox (769, 3611, 1074, 3774); label bbox (937, 3760, 947, 3784)",outputs\literature_kb_numbered_structure_refinement_20260906\source_pages\ZPC-004234\page_0003.png;outputs\literature_kb_numbered_structure_refinement_dpi260_20260906\source_pages\ZPC-004234\page_0003.png;outputs\literature_kb_numbered_structure_refinement_dpi400_20260906\source_pages\ZPC-004234\page_0003.png,"Identity linkage only; this decision does not create or validate numerical evidence, model labels, external-validation observations, screening decisions, or COMSOL inputs."
SRCENT-8eb025687c20e53dbe,ZPC-004234,10.1002/cptc.202000146,compound 2,unresolved_no_eligible_source_text_definition,U_text,,,1,,,,3,dpi260;dpi320;dpi400,6,provisional_stable_panel_requires_source_definition,B_panel_only_provisional,one_stable_panel_topology_without_independent_source_text_or_external_identity_confirmation,PANELSTR-0efc5fa9ba1eab3cc5;PANELSTR-0fb6222bb05113990d;PANELSTR-27651035e7b9a2db71;PANELSTR-3103b6f677debf7952;PANELSTR-bab02a92e450f0a073;PANELSTR-d6af7667a3f9c0df5d,"PDF page 3; structure bbox (1200, 3604, 1547, 3776); label bbox (1243, 3721, 1281, 3769);PDF page 3; structure bbox (1200, 3604, 1547, 3776); label bbox (1378, 3766, 1394, 3791);PDF page 3; structure bbox (779, 2343, 1005, 2455); label bbox (807, 2418, 832, 2449);PDF page 3; structure bbox (779, 2343, 1005, 2455); label bbox (895, 2448, 906, 2464);PDF page 3; structure bbox (960, 2883, 1237, 3020); label bbox (1102, 3012, 1115, 3032);PDF page 3; structure bbox (960, 2883, 1237, 3020); label bbox (994, 2976, 1024, 3014)",outputs\literature_kb_numbered_structure_refinement_20260906\source_pages\ZPC-004234\page_0003.png;outputs\literature_kb_numbered_structure_refinement_dpi260_20260906\source_pages\ZPC-004234\page_0003.png;outputs\literature_kb_numbered_structure_refinement_dpi400_20260906\source_pages\ZPC-004234\page_0003.png,"Identity linkage only; this decision does not create or validate numerical evidence, model labels, external-validation observations, screening decisions, or COMSOL inputs."
SRCENT-1f6359af56a12920ee,zotero_87BWABRN,10.1039/c4tc00706a,compound 1,unresolved_no_eligible_source_text_definition,U_text,,,1,,,,3,dpi260;dpi320;dpi400,3,provisional_stable_panel_requires_source_definition,B_panel_only_provisional,one_stable_panel_topology_without_independent_source_text_or_external_identity_confirmation,PANELSTR-0c932e4c7cc9ea8509;PANELSTR-84882df82105f6ce63;PANELSTR-cd65f0a4f290e2996a,"PDF page 5; structure bbox (1368, 276, 1663, 408); label bbox (1513, 348, 1522, 374);PDF page 5; structure bbox (1683, 340, 2046, 501); label bbox (1861, 429, 1873, 460);PDF page 5; structure bbox (2106, 426, 2561, 627); label bbox (2327, 536, 2342, 576)",outputs\literature_kb_numbered_structure_refinement_20260906\source_pages\zotero_87BWABRN\page_0005.png;outputs\literature_kb_numbered_structure_refinement_dpi260_20260906\source_pages\zotero_87BWABRN\page_0005.png;outputs\literature_kb_numbered_structure_refinement_dpi400_20260906\source_pages\zotero_87BWABRN\page_0005.png,"Identity linkage only; this decision does not create or validate numerical evidence, model labels, external-validation observations, screening decisions, or COMSOL inputs."
