source_id,doi,title,year,journal,source_type,topic_scope,evidence_record_count,evidence_location,evidence_use_summary,metadata_status,status,zotero_keys,candidate_anchor_count,audited_evidence_count,zotero_parse_status,doi_merge_relation
SRC001,10.1002/adem.201600686,Optimized Photoinitiator for Fast Two‐Photon Absorption Polymerization of Polyester‐Macromers for Tissue Engineering,2017,Advanced Engineering Materials,journal-article,Type-I; boundary_excluded,6,formalised mechanism and route evidence table; literature evidence extraction table,"Supports evaluation criteria, molecular-representation rationale, mechanism decisions, or synthesis-route evidence.",crossref_verified,traceable_source,BIEC6L3B,0,0,not_started,doi_overlap_with_zotero
SRC002,10.1002/adfm.202212641,Multiphoton Lithography as a Promising Tool for Biomedical Applications,2023,Advanced Functional Materials,journal-article,2PP;TPP;bio; TPP-specific; Type-I; Type-II_or_optical_boundary; boundary_excluded,8,formalised mechanism and route evidence table; literature evidence extraction table,"Supports evaluation criteria, molecular-representation rationale, mechanism decisions, or synthesis-route evidence.",crossref_verified,traceable_source,,0,0,not_in_current_zotero_batch,c1_only
SRC003,10.1002/chem.202104191,From Light to Structure: Photo Initiators for Radical Two‐Photon Polymerization,2022,Chemistry – A European Journal,journal-article,2PP;FRP;LED;TPP;bio;cationic; Type-I; boundary_excluded; mixed_or_unknown,8,formalised mechanism and route evidence table; literature evidence extraction table,"Supports evaluation criteria, molecular-representation rationale, mechanism decisions, or synthesis-route evidence.",crossref_verified,traceable_source,ERXDCAS7,0,0,not_started,doi_overlap_with_zotero
SRC004,10.1002/cptc.201900164,Cleavable Unimolecular Photoinitiators Based on Oxime‐Ester Chemistry for Two‐Photon Three‐Dimensional Printing,2019,ChemPhotoChem,journal-article,2PP;FRP;TPP; Type I; Type-I; boundary_excluded,9,formalised mechanism and route evidence table; literature evidence extraction table,"Supports evaluation criteria, molecular-representation rationale, mechanism decisions, or synthesis-route evidence.",crossref_verified,traceable_source,,0,0,not_in_current_zotero_batch,c1_only
SRC005,10.1002/cptc.201900246,Conjugated Bifunctional Carbazole‐Based Oxime Esters: Efficient and Versatile Photoinitiators for 3D Printing under One‐ and Two‐Photon Excitation,2020,ChemPhotoChem,journal-article,2PP;FRP;LED;TPP; Type I; Type-I; boundary_excluded,9,formalised mechanism and route evidence table; literature evidence extraction table,"Supports evaluation criteria, molecular-representation rationale, mechanism decisions, or synthesis-route evidence.",crossref_verified,traceable_source,E8HE3DYQ,0,0,not_started,doi_overlap_with_zotero
SRC006,10.1002/polb.24891,Tailored thioxanthone‐based photoinitiators for two‐photon‐controllable polymerization and nanolithographic printing,2019,Journal of Polymer Science Part B: Polymer Physics,journal-article,Type-I; Type-II; boundary_excluded,7,formalised mechanism and route evidence table; literature evidence extraction table,"Supports evaluation criteria, molecular-representation rationale, mechanism decisions, or synthesis-route evidence.",crossref_verified,traceable_source,H5G5DD8B,20,0,parsed,doi_overlap_with_zotero
SRC007,10.1016/j.jphotochem.2023.114743,New water-soluble photo-initiators for two-photon polymerization based on benzylidene cyclopentanones,2023,Journal of Photochemistry and Photobiology A: Chemistry,journal-article,Type-I; Type-II_or_optical_boundary; boundary_excluded,8,formalised mechanism and route evidence table; literature evidence extraction table,"Supports evaluation criteria, molecular-representation rationale, mechanism decisions, or synthesis-route evidence.",crossref_verified,traceable_source,F3Z8Z2W6,0,0,not_started,doi_overlap_with_zotero
SRC008,10.1016/s1010-6030(03)00030-3,Design and application of high-sensitivity two-photon initiators for three-dimensional microfabrication,2003,Journal of Photochemistry and Photobiology A: Chemistry,journal-article,Type-I; boundary_excluded,6,formalised mechanism and route evidence table; literature evidence extraction table,"Supports evaluation criteria, molecular-representation rationale, mechanism decisions, or synthesis-route evidence.",crossref_verified,traceable_source,,0,0,not_in_current_zotero_batch,c1_only
SRC009,10.1021/acs.analchem.0c04540,Determination of Photoinduced Radical Generation Quantum Efficiencies by Combining Chemical Actinometry and 19F NMR Spectroscopy,2021,Analytical Chemistry,journal-article,Type-I; Type-II; boundary_excluded,7,formalised mechanism and route evidence table; literature evidence extraction table,"Supports evaluation criteria, molecular-representation rationale, mechanism decisions, or synthesis-route evidence.",crossref_verified,traceable_source,,0,0,not_in_current_zotero_batch,c1_only
SRC010,10.1021/acs.macromol.0c01518,Polymerization Photoinitiators with Near-Resonance Enhanced Two-Photon Absorption Cross-Section: Toward High-Resolution Photoresist with Improved Sensitivity,2020,Macromolecules,journal-article,LED;TPP;cationic; TPP-specific; Type-I; Type-II; boundary_excluded,9,formalised mechanism and route evidence table; literature evidence extraction table,"Supports evaluation criteria, molecular-representation rationale, mechanism decisions, or synthesis-route evidence.",crossref_verified,traceable_source,SRU6DZHE,21,4,parsed,doi_overlap_with_zotero
SRC011,10.1021/acs.macromol.5b00201,"Structure Design of Naphthalimide Derivatives: Toward Versatile Photoinitiators for Near-UV/Visible LEDs, 3D Printing, and Water-Soluble Photoinitiating Systems",2015,Macromolecules,journal-article,Type-I; Type-II_or_optical_boundary; boundary_excluded,8,formalised mechanism and route evidence table; literature evidence extraction table,"Supports evaluation criteria, molecular-representation rationale, mechanism decisions, or synthesis-route evidence.",crossref_verified,traceable_source,,0,0,not_in_current_zotero_batch,c1_only
SRC012,10.1021/acs.macromol.5b00336,"Donor–Acceptor Type Thioxanthones: Synthesis, Optical Properties, and Two-Photon Induced Polymerization",2015,Macromolecules,journal-article,Type-I; Type-II; boundary_excluded,7,formalised mechanism and route evidence table; literature evidence extraction table,"Supports evaluation criteria, molecular-representation rationale, mechanism decisions, or synthesis-route evidence.",crossref_verified,traceable_source,,0,0,not_in_current_zotero_batch,c1_only
SRC013,10.1021/acs.macromol.5b02336,Toward a Quantitative Description of Radical Photoinitiator Structure–Reactivity Correlations,2015,Macromolecules,journal-article,Type-I; boundary_excluded,6,formalised mechanism and route evidence table; literature evidence extraction table,"Supports evaluation criteria, molecular-representation rationale, mechanism decisions, or synthesis-route evidence.",crossref_verified,traceable_source,,0,0,not_in_current_zotero_batch,c1_only
SRC014,10.1021/acs.macromol.7b00089,Wavelength-Dependent Photochemistry of Oxime Ester Photoinitiators,2017,Macromolecules,journal-article,FRP;LED;bio; Type-I; boundary_excluded; mixed_or_unknown,8,formalised mechanism and route evidence table; literature evidence extraction table,"Supports evaluation criteria, molecular-representation rationale, mechanism decisions, or synthesis-route evidence.",crossref_verified,traceable_source,,0,0,not_in_current_zotero_batch,c1_only
SRC015,10.1021/acs.macromol.7b00210,Carbazole Scaffold Based Photoinitiator/Photoredox Catalysts: Toward New High Performance Photoinitiating Systems and Application in LED Projector 3D Printing Resins,2017,Macromolecules,journal-article,Type-I; boundary_excluded,8,formalised mechanism and route evidence table; literature evidence extraction table,"Supports evaluation criteria, molecular-representation rationale, mechanism decisions, or synthesis-route evidence.",crossref_verified,traceable_source,,0,0,not_in_current_zotero_batch,c1_only
SRC016,10.1021/acsami.1c02227,Ionic Carbazole-Based Water-Soluble Two-Photon Photoinitiator and the Fabrication of Biocompatible 3D Hydrogel Scaffold,2021,ACS Applied Materials & Interfaces,journal-article,2PP;TPP;bio; Type II; Type-I; Type-II_or_optical_boundary; boundary_excluded,8,formalised mechanism and route evidence table; literature evidence extraction table,"Supports evaluation criteria, molecular-representation rationale, mechanism decisions, or synthesis-route evidence.",crossref_verified,traceable_source,NGE4C28I,17,0,parsed,doi_overlap_with_zotero
SRC017,10.1021/acsami.4c08956,Perspective on Water-Soluble Two-Photon Initiator for Two-Photon Polymerization,2024,ACS Applied Materials & Interfaces,journal-article,Type-I; boundary_excluded,6,formalised mechanism and route evidence table; literature evidence extraction table,"Supports evaluation criteria, molecular-representation rationale, mechanism decisions, or synthesis-route evidence.",crossref_verified,traceable_source,,0,0,not_in_current_zotero_batch,c1_only
SRC018,10.1021/acsapm.0c01291,Substituted Thioxanthone-Based Photoinitiators for Efficient Two-Photon Direct Laser Writing Polymerization with Two-Color Resolution,2021,ACS Applied Polymer Materials,journal-article,2PP;DLW;LED;TPP;bio; Type II;mixed_or_unknown; Type-I; Type-II; Type-II_or_donor_tuned; boundary_excluded,9,formalised mechanism and route evidence table; literature evidence extraction table,"Supports evaluation criteria, molecular-representation rationale, mechanism decisions, or synthesis-route evidence.",crossref_verified,traceable_source,B6B7CEZ3,21,0,parsed,doi_overlap_with_zotero
SRC019,10.1021/acsapm.3c00141,Ketocoumarin-Based Photoinitiators for High-Sensitivity Two-Photon Lithography,2023,ACS Applied Polymer Materials,journal-article,2PL;2PP;TPP;bio; TPP-specific; Type-I; Type-II; boundary_excluded,9,formalised mechanism and route evidence table; literature evidence extraction table,"Supports evaluation criteria, molecular-representation rationale, mechanism decisions, or synthesis-route evidence.",crossref_verified,traceable_source,,0,0,not_in_current_zotero_batch,c1_only
SRC020,10.1021/acsapm.4c00932,Heteroatom/Heterocycle-Substituted Ketone Dyes as Efficient Photoinitiators in Visible Light-Emitting Diode/Near Infrared Light Photopolymerization with Enhanced Two-Photon Lithography Capability,2024,ACS Applied Polymer Materials,journal-article,2PL;2PP;LED;TPP;bio;cationic; Type-I; Type-II; boundary_excluded; mixed_or_unknown,13,formalised mechanism and route evidence table; literature evidence extraction table,"Supports evaluation criteria, molecular-representation rationale, mechanism decisions, or synthesis-route evidence.",crossref_verified,traceable_source,PJQEIM6F,16,6,parsed,doi_overlap_with_zotero
SRC021,10.1021/cm500612w,"π-Expanded Ketocoumarins as Efficient, Biocompatible Initiators for Two-Photon-Induced Polymerization",2014,Chemistry of Materials,journal-article,2PP;FRP;LED;TPP;bio; TPP-specific; Type-I; Type-II; boundary_excluded,9,formalised mechanism and route evidence table; literature evidence extraction table,"Supports evaluation criteria, molecular-representation rationale, mechanism decisions, or synthesis-route evidence.",crossref_verified,traceable_source,,0,0,not_in_current_zotero_batch,c1_only
SRC022,10.1021/ja991990v,Near-IR Two-Photon Photoinitiated Polymerization Using a Fluorone/Amine Initiating System,2000,Journal of the American Chemical Society,journal-article,Type-I; boundary_excluded,7,formalised mechanism and route evidence table; literature evidence extraction table,"Supports evaluation criteria, molecular-representation rationale, mechanism decisions, or synthesis-route evidence.",crossref_verified,traceable_source,,0,0,not_in_current_zotero_batch,c1_only
SRC023,10.1021/ma301770a,A Straightforward Synthesis and Structure–Activity Relationship of Highly Efficient Initiators for Two-Photon Polymerization,2013,Macromolecules,journal-article,2PP;TPP;bio; TPP-specific; Type-I; Type-II_or_optical_boundary; boundary_excluded,8,formalised mechanism and route evidence table; literature evidence extraction table,"Supports evaluation criteria, molecular-representation rationale, mechanism decisions, or synthesis-route evidence.",crossref_verified,traceable_source,,0,0,not_in_current_zotero_batch,c1_only
SRC024,10.1021/ma302641d,Panchromatic Type II Photoinitiator for Free Radical Polymerization Based on Thioxanthone Derivative,2013,Macromolecules,journal-article,Type-I; Type-II; boundary_excluded,8,formalised mechanism and route evidence table; literature evidence extraction table,"Supports evaluation criteria, molecular-representation rationale, mechanism decisions, or synthesis-route evidence.",crossref_verified,traceable_source,,0,0,not_in_current_zotero_batch,c1_only
SRC025,10.1038/s41598-018-35301-x,"Wavelength-optimized Two-Photon Polymerization Using Initiators Based on Multipolar Aminostyryl-1,3,5-triazines",2018,Scientific Reports,journal-article,2PP;LED;TPP;bio; SET/PET_or_optical; TPP-specific; Type-I; boundary_excluded,8,formalised mechanism and route evidence table; literature evidence extraction table,"Supports evaluation criteria, molecular-representation rationale, mechanism decisions, or synthesis-route evidence.",crossref_verified,traceable_source,,0,0,not_in_current_zotero_batch,c1_only
SRC026,10.1039/c6ra27176f,Photoinitiators for two-photon polymerisation: effect of branching and viscosity on polymerisation thresholds,2017,RSC Advances,journal-article,LED;TPP;bio; SET/PET_or_optical; TPP-specific; Type-I; boundary_excluded,7,formalised mechanism and route evidence table; literature evidence extraction table,"Supports evaluation criteria, molecular-representation rationale, mechanism decisions, or synthesis-route evidence.",crossref_verified,traceable_source,,0,0,not_in_current_zotero_batch,c1_only
SRC027,10.3390/polym15020342,High-Performance Photoinitiating Systems for LED-Induced Photopolymerization,2023,Polymers,journal-article,FRP;LED;bio;cationic; Type-I; Type-II; boundary_excluded; mixed_or_unknown,9,formalised mechanism and route evidence table; literature evidence extraction table,"Supports evaluation criteria, molecular-representation rationale, mechanism decisions, or synthesis-route evidence.",crossref_verified,traceable_source,,0,0,not_in_current_zotero_batch,c1_only
SRC028,10.3390/polym15051148,Latest Advances in Highly Efficient Dye-Based Photoinitiating Systems for Radical Polymerization,2023,Polymers,journal-article,Type-I; boundary_excluded,6,formalised mechanism and route evidence table; literature evidence extraction table,"Supports evaluation criteria, molecular-representation rationale, mechanism decisions, or synthesis-route evidence.",crossref_verified,traceable_source,,0,0,not_in_current_zotero_batch,c1_only
SRC029,10.3390/polym15214202,Recent Advances in Monocomponent Visible Light Photoinitiating Systems Based on Sulfonium Salts,2023,Polymers,journal-article,LED; Type-I; boundary_excluded; mixed_or_unknown,9,formalised mechanism and route evidence table; literature evidence extraction table,"Supports evaluation criteria, molecular-representation rationale, mechanism decisions, or synthesis-route evidence.",crossref_verified,traceable_source,,0,0,not_in_current_zotero_batch,c1_only
SRC030,10.1016/j.eurpolymj.2023.112597,Recent advances on phenothiazine-based oxime esters as visible light photoinitiators of polymerization,2024,European Polymer Journal,journal-article,Type-I,2,formalised mechanism and route evidence table,"Supports evaluation criteria, molecular-representation rationale, mechanism decisions, or synthesis-route evidence.",crossref_verified,traceable_source,,0,0,not_in_current_zotero_batch,c1_only
SRC031,10.1016/j.dyepig.2023.111202,Photoinitiation behavior of phenothiazines containing two oxime ester functionalities (OXEs) in free radical photopolymerization and 3D printing application,2023,Dyes and Pigments,journal-article,Type-I,1,formalised mechanism and route evidence table,"Supports evaluation criteria, molecular-representation rationale, mechanism decisions, or synthesis-route evidence.",crossref_verified,traceable_source,,0,0,not_in_current_zotero_batch,c1_only
SRC032,10.1016/j.eurpolymj.2023.111901,A review on recently proposed oxime ester photoinitiators,2023,European Polymer Journal,journal-article,Type-I,1,formalised mechanism and route evidence table,"Supports evaluation criteria, molecular-representation rationale, mechanism decisions, or synthesis-route evidence.",crossref_verified,traceable_source,,0,0,not_in_current_zotero_batch,c1_only
SRC033,10.1039/c3tc00623a,Synthesis and two-photon properties of a novel multi-branched chromophore with an unsymmetrically substituted scaffold derived from functionalized quinoxalinoid heterocycles,2013,Journal of Materials Chemistry C,journal-article,Type-I; SET/PET_or_optical; Type-II_or_donor_tuned; SET/PET_or_optical,2,formalised mechanism and route evidence table,"Supports evaluation criteria, molecular-representation rationale, mechanism decisions, or synthesis-route evidence.",crossref_verified,traceable_source,,0,0,not_in_current_zotero_batch,c1_only
SRC034,10.1002/cphc.201402646,"π‐Expanded α,β‐Unsaturated Ketones: Synthesis, Optical Properties, and Two‐Photon‐Induced Polymerization",2014,ChemPhysChem,journal-article,SET/PET_or_optical,2,formalised mechanism and route evidence table,"Supports evaluation criteria, molecular-representation rationale, mechanism decisions, or synthesis-route evidence.",crossref_verified,traceable_source,,0,0,not_in_current_zotero_batch,c1_only
SRC035,10.1039/b609309d,"Carbazole-based 1D and 2D hemicyanines: synthesis, two-photon absorption properties and application for two-photon photopolymerization 3D lithography",2007,New Journal of Chemistry,journal-article,SET/PET_or_optical,1,formalised mechanism and route evidence table,"Supports evaluation criteria, molecular-representation rationale, mechanism decisions, or synthesis-route evidence.",crossref_verified,traceable_source,,0,0,not_in_current_zotero_batch,c1_only
SRC036,10.1039/c8me00101d,Towards efficient initiators for two-photon induced polymerization: fine tuning of the donor/acceptor properties,2019,Molecular Systems Design & Engineering,journal-article,SET/PET_or_optical,1,formalised mechanism and route evidence table,"Supports evaluation criteria, molecular-representation rationale, mechanism decisions, or synthesis-route evidence.",crossref_verified,traceable_source,U5ZNIGNS,20,0,parsed,doi_overlap_with_zotero
SRC037,10.1002/ejoc.201300345,"Synthesis and Two‐Photon Absorption Properties of Symmetrical Chromophores Derived from 2,3,5‐Trisubstituted Quinoxaline Units",2013,European Journal of Organic Chemistry,journal-article,SET/PET_or_optical,1,formalised mechanism and route evidence table,"Supports evaluation criteria, molecular-representation rationale, mechanism decisions, or synthesis-route evidence.",crossref_verified,traceable_source,,0,0,not_in_current_zotero_batch,c1_only
SRC038,10.1021/jp050368o,"The Ultrafast Dynamics and Nonlinear Optical Properties of Tribranched Styryl Derivatives Based on 1,3,5-Triazine",2005,The Journal of Physical Chemistry B,journal-article,SET/PET_or_optical,1,formalised mechanism and route evidence table,"Supports evaluation criteria, molecular-representation rationale, mechanism decisions, or synthesis-route evidence.",publisher_verified,traceable_source,,0,0,not_in_current_zotero_batch,c1_only
SRC039,10.1038/s41467-021-23170-4,Efficient 3D printing via photooxidation of ketocoumarin based photopolymerization,2021,Nature Communications,journal-article,SET/PET_or_optical; boundary_review,1,formalised mechanism and route evidence table,"Supports evaluation criteria, molecular-representation rationale, mechanism decisions, or synthesis-route evidence.",crossref_verified,traceable_source,,0,0,not_in_current_zotero_batch,c1_only
SRC040,10.4012/dmj.2009-137,A review of the development of radical photopolymerization initiators used for designing light-curing dental adhesives and resin composites,2010,Dental Materials Journal,journal-article,Type-I,1,formalised mechanism and route evidence table,"Supports evaluation criteria, molecular-representation rationale, mechanism decisions, or synthesis-route evidence.",crossref_verified,traceable_source,,0,0,not_in_current_zotero_batch,c1_only
SRC041,10.1016/j.eurpolymj.2023.111883,The future of visible light photoinitiators of polymerization for photocrosslinking applications,2023,European Polymer Journal,journal-article,Type-I,1,formalised mechanism and route evidence table,"Supports evaluation criteria, molecular-representation rationale, mechanism decisions, or synthesis-route evidence.",crossref_verified,traceable_source,,0,0,not_in_current_zotero_batch,c1_only
SRC042,10.1039/b900464e,Triphenylamine-modified quinoxaline derivatives as two-photon photoinitiators,2009,New Journal of Chemistry,journal-article,Type-II,1,formalised mechanism and route evidence table,"Supports evaluation criteria, molecular-representation rationale, mechanism decisions, or synthesis-route evidence.",crossref_verified,traceable_source,PEBWL6W6,11,0,parsed,doi_overlap_with_zotero
SRC043,10.1016/j.eurpolymj.2024.112794,Recent advances on core-extended thioxanthones as efficient photoinitiators of polymerization,2024,European Polymer Journal,journal-article,Type-II,1,formalised mechanism and route evidence table,"Supports evaluation criteria, molecular-representation rationale, mechanism decisions, or synthesis-route evidence.",crossref_verified,traceable_source,,0,0,not_in_current_zotero_batch,c1_only
SRC044,10.1021/acsapm.8b00165,Photopolymerization in 3D Printing,2019,ACS Applied Polymer Materials,journal-article,Type-II,1,formalised mechanism and route evidence table,"Supports evaluation criteria, molecular-representation rationale, mechanism decisions, or synthesis-route evidence.",crossref_verified,traceable_source,,0,0,not_in_current_zotero_batch,c1_only
SRC045,10.1021/cm200595y,Enhancement of the Two-Photon Initiating Efficiency of a Thioxanthone Derivative through a Chevron-Shaped Architecture,2011,Chemistry of Materials,journal-article,2PP;TPP;Type-II;thioxanthone;QM-reference,3,local full-text extraction; panel-1 source card; QM comparison asset,"Provides source-linked evidence for joint optical, radical-initiation, formulation and polymerisation evaluation; thioxanthone family/topology representation; and MDEA-assisted hydrogen-transfer context.",publisher_verified,traceable_source,,0,0,not_in_current_zotero_batch,c1_only
ZOT0001,10.1016/j.dyepig.2017.02.040,Study on a series of water-soluble photoinitiators for fabrication of 3D hydrogels by two-photon polymerization,,,zotero_literature,two-photon;photoinitiator;polymerization,,zotero_public_merge_v3_20260828,Zotero-derived source metadata and page-level field evidence; claim limits preserved.,parsed_fulltext,traceable_source,2SCTZD9L,19,0,parsed,new_doi
ZOT0002,10.1016/j.addma.2021.102358,"Ultrafast, high-resolution and large-size three-dimensional structure manufacturing through high-efficiency two-photon polymerization initiators",,,zotero_literature,two-photon;photoinitiator;polymerization,,zotero_public_merge_v3_20260828,Zotero-derived source metadata and page-level field evidence; claim limits preserved.,metadata_only,traceable_source,3BYUS84N,0,0,not_started,new_doi
ZOT0003,10.1016/s1010-6030(03)00394-0,Two-photon absorption cross-sections of common photoinitiators,,,zotero_literature,two-photon;photoinitiator;polymerization,,zotero_public_merge_v3_20260828,Zotero-derived source metadata and page-level field evidence; claim limits preserved.,parsed_fulltext,traceable_source,3TYUTA6K,9,0,parsed,new_doi
ZOT0004,10.1002/adom.201901040,On the schwarzschild effect in 3D two-photon laser lithography,,,zotero_literature,two-photon;photoinitiator;polymerization,,zotero_public_merge_v3_20260828,Zotero-derived source metadata and page-level field evidence; claim limits preserved.,parsed_fulltext,traceable_source,3UHK5MQX,17,0,parsed,new_doi
ZOT0005,10.1002/adfm.201203880,Hydrogels for two-photon polymerization: a toolbox for mimicking the extracellular matrix,,,zotero_literature,two-photon;photoinitiator;polymerization,,zotero_public_merge_v3_20260828,Zotero-derived source metadata and page-level field evidence; claim limits preserved.,parsed_fulltext,traceable_source,4UUBRRGP,20,0,parsed,new_doi
ZOT0006,10.1016/j.eurpolymj.2024.113176,Efficient and safe coumarin-carbazole-based oxime esters for one/two-photon polymerization of LEDs/NIR light,,,zotero_literature,two-photon;photoinitiator;polymerization,,zotero_public_merge_v3_20260828,Zotero-derived source metadata and page-level field evidence; claim limits preserved.,parsed_fulltext,traceable_source,5TV7FKVK,16,0,parsed,new_doi
ZOT0007,10.1016/j.eurpolymj.2021.110525,"One/two-photon sensitive sulfonium salt photoinitiators based on 1,3,5-triphenyl-2-pyrazoline",,,zotero_literature,two-photon;photoinitiator;polymerization,,zotero_public_merge_v3_20260828,Zotero-derived source metadata and page-level field evidence; claim limits preserved.,parsed_fulltext,traceable_source,62KD2ECJ,13,0,parsed,new_doi
ZOT0008,,Two-photon activable photoacid generators and their applications,,,zotero_literature,two-photon;photoinitiator;polymerization,,zotero_public_merge_v3_20260828,Zotero-derived source metadata and page-level field evidence; claim limits preserved.,metadata_only,traceable_source,6LCBE37H,0,0,not_started,no_doi_new_source
ZOT0009,10.1038/17989,Two-photon polymerization initiators for three-dimensional optical data storage and microfabrication,,,zotero_literature,two-photon;photoinitiator;polymerization,,zotero_public_merge_v3_20260828,Zotero-derived source metadata and page-level field evidence; claim limits preserved.,parsed_fulltext,traceable_source,6ZQ3VP63,14,18,parsed,new_doi
ZOT0010,10.1039/c4tc00706a,Two-photon lithography in visible and NIR ranges using multibranched-based sensitizers for efficient acid generation,,,zotero_literature,two-photon;photoinitiator;polymerization,,zotero_public_merge_v3_20260828,Zotero-derived source metadata and page-level field evidence; claim limits preserved.,parsed_fulltext,traceable_source,87BWABRN,15,0,parsed,new_doi
ZOT0011,10.1039/c3ra42918k,Initiation efficiency and cytotoxicity of novel water-soluble two-photon photoinitiators for direct 3D microfabrication of hydrogels,,,zotero_literature,two-photon;photoinitiator;polymerization,,zotero_public_merge_v3_20260828,Zotero-derived source metadata and page-level field evidence; claim limits preserved.,metadata_only,traceable_source,89EZMLW2,0,0,not_started,new_doi
ZOT0012,10.1016/j.jphotochem.2007.03.002,"Synthesis, optical and initiating properties of new two-photon polymerization initiators-2,7-bis(styryl)anthraquinone derivatives",,,zotero_literature,two-photon;photoinitiator;polymerization,,zotero_public_merge_v3_20260828,Zotero-derived source metadata and page-level field evidence; claim limits preserved.,parsed_fulltext,traceable_source,95TT3IKI,19,12,parsed,new_doi
ZOT0013,10.1016/j.eurpolymj.2020.110209,Imidazole-containing photoinitiators for fabrication of sub-micron structures by 3D two-photon polymerization,,,zotero_literature,two-photon;photoinitiator;polymerization,,zotero_public_merge_v3_20260828,Zotero-derived source metadata and page-level field evidence; claim limits preserved.,parsed_fulltext,traceable_source,A7T5Q7PK,15,0,parsed,new_doi
ZOT0014,10.1063/1.2717532,Improving spatial resolution of two-photon microfabrication by using photoinitiator with high initiating efficiency,,,zotero_literature,two-photon;photoinitiator;polymerization,,zotero_public_merge_v3_20260828,Zotero-derived source metadata and page-level field evidence; claim limits preserved.,parsed_fulltext,traceable_source,A8D94H4N,12,0,parsed,new_doi
ZOT0015,10.37188/lam.2023.004,Two-photon photopolymerization directly initiated by spiropyran photochromic molecules,,,zotero_literature,two-photon;photoinitiator;polymerization,,zotero_public_merge_v3_20260828,Zotero-derived source metadata and page-level field evidence; claim limits preserved.,parsed_fulltext,traceable_source,AU74BQZ6,19,0,parsed,new_doi
ZOT0016,10.1364/OL.27.001348,Three-dimensional microfabrication by two-photon-initiated polymerization with a low-cost microlaser,,,zotero_literature,two-photon;photoinitiator;polymerization,,zotero_public_merge_v3_20260828,Zotero-derived source metadata and page-level field evidence; claim limits preserved.,parsed_fulltext,traceable_source,B6CWSYVW,9,6,parsed,new_doi
ZOT0017,10.1016/j.eurpolymj.2023.112636,Effect of substituents on the performance of N-carbazolyl double benzylidene ketones in visible/NIR light one/two-photon polymerization,,,zotero_literature,two-photon;photoinitiator;polymerization,,zotero_public_merge_v3_20260828,Zotero-derived source metadata and page-level field evidence; claim limits preserved.,metadata_only,traceable_source,CAFEJCFJ,0,0,not_started,new_doi
ZOT0018,10.1002/pola.22078,One- and two-photon activity of cross-conjugated photoinitiators with bathochromic shift,,,zotero_literature,two-photon;photoinitiator;polymerization,,zotero_public_merge_v3_20260828,Zotero-derived source metadata and page-level field evidence; claim limits preserved.,metadata_only,traceable_source,CYLNUJ6J,0,0,not_started,new_doi
ZOT0019,10.1038/s41377-023-01188-1,A new function of photochromic spiropyran: an efficient photoinitiator for two-photon polymerization,,,zotero_literature,two-photon;photoinitiator;polymerization,,zotero_public_merge_v3_20260828,Zotero-derived source metadata and page-level field evidence; claim limits preserved.,parsed_fulltext,traceable_source,D3WL6CAT,7,0,parsed,new_doi
ZOT0020,10.1166/jnn.2013.6011,Two-photon induced photopolymerization using photoinitiator with an intramolecular radical quenching moiety for nanolithography,,,zotero_literature,two-photon;photoinitiator;polymerization,,zotero_public_merge_v3_20260828,Zotero-derived source metadata and page-level field evidence; claim limits preserved.,parsed_fulltext,traceable_source,D47BE9ZL,8,0,parsed,new_doi
ZOT0021,,"An Evidence-Guided, Mechanism-Aware Workflow for Functional Molecular Materials Discovery: Two-Photon Photoinitiators as a Demonstration",,,zotero_literature,two-photon;photoinitiator;polymerization,,zotero_public_merge_v3_20260828,Zotero-derived source metadata and page-level field evidence; claim limits preserved.,parsed_fulltext,traceable_source,D6JVVDG4,16,0,parsed,no_doi_new_source
ZOT0022,10.2217/rme.13.60,Two-photon polymerization of polyethylene glycol diacrylate scaffolds with riboflavin and triethanolamine used as a water-soluble photoinitiator,,,zotero_literature,two-photon;photoinitiator;polymerization,,zotero_public_merge_v3_20260828,Zotero-derived source metadata and page-level field evidence; claim limits preserved.,parsed_fulltext,traceable_source,DV89B7W8,16,0,parsed,new_doi
ZOT0023,10.1021/acsami.5c00344,Universal Intermolecular Energy Transfer Strategy for Extending Initiator Libraries of Photoinhibited Multiphoton Lithography,,,zotero_literature,two-photon;photoinitiator;polymerization,,zotero_public_merge_v3_20260828,Zotero-derived source metadata and page-level field evidence; claim limits preserved.,metadata_only,traceable_source,FSHPBIZI,0,0,not_started,new_doi
ZOT0024,10.15199/62.2020.5.4,Phenazine derivatives as dye photoinitiators of radical polymerization of trimethylolpropane triacrylate. Impact of quantum yield of triplet state formation on photoinitiation efficiency,,,zotero_literature,two-photon;photoinitiator;polymerization,,zotero_public_merge_v3_20260828,Zotero-derived source metadata and page-level field evidence; claim limits preserved.,metadata_only,traceable_source,FVVTU6QA,0,0,not_started,new_doi
ZOT0025,10.1039/c9cc02923k,A two-photon active chevron-shaped type i photoinitiator designed for 3D stereolithography,,,zotero_literature,two-photon;photoinitiator;polymerization,,zotero_public_merge_v3_20260828,Zotero-derived source metadata and page-level field evidence; claim limits preserved.,parsed_fulltext,traceable_source,G6JRPM8H,16,0,parsed,new_doi
ZOT0026,10.1364/AO.54.007020,"Study of the two-photon excitation of photoinitiator in various solvents, and the two-photon polymerization process",,,zotero_literature,two-photon;photoinitiator;polymerization,,zotero_public_merge_v3_20260828,Zotero-derived source metadata and page-level field evidence; claim limits preserved.,parsed_fulltext,traceable_source,GAG9RQRT,15,0,parsed,new_doi
ZOT0027,10.1021/la803803m,Three-dimensional biodegradable structures fabricated by two-photon polymerization,,,zotero_literature,two-photon;photoinitiator;polymerization,,zotero_public_merge_v3_20260828,Zotero-derived source metadata and page-level field evidence; claim limits preserved.,parsed_fulltext,traceable_source,H86SV53N,4,12,parsed,new_doi
ZOT0028,10.1016/j.addma.2023.103741,Copper complex-based photoinitiator for high resolution two-photon polymerization,,,zotero_literature,two-photon;photoinitiator;polymerization,,zotero_public_merge_v3_20260828,Zotero-derived source metadata and page-level field evidence; claim limits preserved.,metadata_only,traceable_source,HN8QFB4C,0,0,not_started,new_doi
ZOT0029,10.1002/adma.202211702,Quantum dots facilitate 3D two-photon laser lithography,,,zotero_literature,two-photon;photoinitiator;polymerization,,zotero_public_merge_v3_20260828,Zotero-derived source metadata and page-level field evidence; claim limits preserved.,parsed_fulltext,traceable_source,HQ8Q76PZ,0,0,parsed,new_doi
ZOT0030,,Evidence guided mechanism aware workflow for two photon photoinitiator discovery,,,zotero_literature,two-photon;photoinitiator;polymerization,,zotero_public_merge_v3_20260828,Zotero-derived source metadata and page-level field evidence; claim limits preserved.,parsed_fulltext,traceable_source,IMCYIYET,16,0,parsed,no_doi_new_source
ZOT0031,10.1016/j.dyepig.2016.06.023,One/two-photon cationic polymerization in visible and near infrared ranges using two-branched sulfonium salts as efficient photoacid generators,,,zotero_literature,two-photon;photoinitiator;polymerization,,zotero_public_merge_v3_20260828,Zotero-derived source metadata and page-level field evidence; claim limits preserved.,metadata_only,traceable_source,IMP7ZNX3,0,0,not_started,new_doi
ZOT0032,10.1115/1.4000097,Process sensitivity analysis and resolution prediction for the two photon polymerization of micro/nano structures,,,zotero_literature,two-photon;photoinitiator;polymerization,,zotero_public_merge_v3_20260828,Zotero-derived source metadata and page-level field evidence; claim limits preserved.,parsed_fulltext,traceable_source,INAWB8HL,20,16,parsed,new_doi
ZOT0033,10.1016/j.apsusc.2007.08.011,Functional polymers by two-photon 3D lithography,,,zotero_literature,two-photon;photoinitiator;polymerization,,zotero_public_merge_v3_20260828,Zotero-derived source metadata and page-level field evidence; claim limits preserved.,parsed_fulltext,traceable_source,IYEGSI2X,6,5,parsed,new_doi
ZOT0034,10.3390/polym15010071,Benzylidene cyclopentanone derivative photoinitiator for two-photon photopolymerization-photochemistry and 3D structures fabrication for x-ray application,,,zotero_literature,two-photon;photoinitiator;polymerization,,zotero_public_merge_v3_20260828,Zotero-derived source metadata and page-level field evidence; claim limits preserved.,metadata_only,traceable_source,KGTMFSEV,0,0,not_started,new_doi
ZOT0035,10.1007/s00339-007-4367-0,Two-photon absorption spectrum of the photoinitiator Lucirin TPO-L,,,zotero_literature,two-photon;photoinitiator;polymerization,,zotero_public_merge_v3_20260828,Zotero-derived source metadata and page-level field evidence; claim limits preserved.,parsed_fulltext,traceable_source,KGWA2AJ6,8,0,parsed,new_doi
ZOT0036,10.1109/ICOP56156.2022.9911711,The influence of photoinitiator concentration on the two-photon polymerization threshold of pentaerythritol triacrylate (PETIA) monomer,,,zotero_literature,two-photon;photoinitiator;polymerization,,zotero_public_merge_v3_20260828,Zotero-derived source metadata and page-level field evidence; claim limits preserved.,parsed_fulltext,traceable_source,LF43QEJD,12,11,parsed,new_doi
ZOT0037,10.1016/j.eurpolymj.2021.110505,A highly biocompatible bio-ink for 3D hydrogel scaffolds fabrication in the presence of living cells by two-photon polymerization,,,zotero_literature,two-photon;photoinitiator;polymerization,,zotero_public_merge_v3_20260828,Zotero-derived source metadata and page-level field evidence; claim limits preserved.,parsed_fulltext,traceable_source,LGVQA3RI,11,0,parsed,new_doi
ZOT0038,10.3390/polym13193385,A hydrophobic derivative of ciprofloxacin as a new photoinitiator of two-photon polymerization: Synthesis and usage for the formation of biocompatible polylactide-based 3D scaffolds,,,zotero_literature,two-photon;photoinitiator;polymerization,,zotero_public_merge_v3_20260828,Zotero-derived source metadata and page-level field evidence; claim limits preserved.,metadata_only,traceable_source,LM7XGVES,0,0,not_started,new_doi
ZOT0039,10.2494/photopolymer.32.257,Conjugated ketocarbazoles as efficient photoinitiators: From facile synthesis to efficient two-photon polymerization,,,zotero_literature,two-photon;photoinitiator;polymerization,,zotero_public_merge_v3_20260828,Zotero-derived source metadata and page-level field evidence; claim limits preserved.,parsed_fulltext,traceable_source,LVN4MHDD,21,13,parsed,new_doi
ZOT0040,10.1039/c4tb00414k,A water soluble initiator prepared through host-guest chemical interaction for microfabrication of 3D hydrogels via two-photon polymerization,,,zotero_literature,two-photon;photoinitiator;polymerization,,zotero_public_merge_v3_20260828,Zotero-derived source metadata and page-level field evidence; claim limits preserved.,metadata_only,traceable_source,MRPWJ2UY,0,0,not_started,new_doi
ZOT0041,10.1063/1.2917810,Two-photon induced fabrication of gold microstructures in polystyrene sulfonate thin films using a ruthenium(II) dye as photoinitiator,,,zotero_literature,two-photon;photoinitiator;polymerization,,zotero_public_merge_v3_20260828,Zotero-derived source metadata and page-level field evidence; claim limits preserved.,parsed_fulltext,traceable_source,MVY2JWKZ,11,0,parsed,new_doi
ZOT0042,10.1016/j.jphotochem.2009.02.007,A water-soluble two-photon photopolymerization initiation system: Methylated-β-cyclodextrin complex of xanthene dye/aryliodonium salt,,,zotero_literature,two-photon;photoinitiator;polymerization,,zotero_public_merge_v3_20260828,Zotero-derived source metadata and page-level field evidence; claim limits preserved.,parsed_fulltext,traceable_source,MZLGYQTP,14,11,parsed,new_doi
ZOT0043,10.1039/c5ra11350d,One/two-photon-sensitive photoacid generators based on benzene oligomer-containing D-π-A-type aryl dialkylsulfonium salts,,,zotero_literature,two-photon;photoinitiator;polymerization,,zotero_public_merge_v3_20260828,Zotero-derived source metadata and page-level field evidence; claim limits preserved.,metadata_only,traceable_source,PHYWVHQT,0,0,not_started,new_doi
ZOT0044,10.1016/j.polymer.2017.04.039,Localized polymerization using single photon photoinitiators in two photon process for fabricating subwavelength structures,,,zotero_literature,two-photon;photoinitiator;polymerization,,zotero_public_merge_v3_20260828,Zotero-derived source metadata and page-level field evidence; claim limits preserved.,parsed_fulltext,traceable_source,QH8XLKS5,20,0,parsed,new_doi
ZOT0045,10.1039/c0jm04025h,Novel photoinitiator with a radical quenching moiety for confining radical diffusion in two-photon induced photopolymerization,,,zotero_literature,two-photon;photoinitiator;polymerization,,zotero_public_merge_v3_20260828,Zotero-derived source metadata and page-level field evidence; claim limits preserved.,metadata_only,traceable_source,QTRYUBAG,0,0,not_started,new_doi
ZOT0046,10.1364/OE.6.000064,Two-photon holography in 3-D photopolymer host-guest matrix,,,zotero_literature,two-photon;photoinitiator;polymerization,,zotero_public_merge_v3_20260828,Zotero-derived source metadata and page-level field evidence; claim limits preserved.,parsed_fulltext,traceable_source,RK5TXPZ5,8,12,parsed,new_doi
ZOT0047,,Mechanism aware discovery of radical two photon photoinitiators from accessible chemical space,,,zotero_literature,two-photon;photoinitiator;polymerization,,zotero_public_merge_v3_20260828,Zotero-derived source metadata and page-level field evidence; claim limits preserved.,parsed_fulltext,traceable_source,RU8URT2Z,16,0,parsed,no_doi_new_source
ZOT0048,10.1016/j.eurpolymj.2012.09.012,Influence of UV irradiation and two photon processing on the cinnamate monomers polymerization and formation of hybrid composites with nanosized ZnO,,,zotero_literature,two-photon;photoinitiator;polymerization,,zotero_public_merge_v3_20260828,Zotero-derived source metadata and page-level field evidence; claim limits preserved.,parsed_fulltext,traceable_source,RXLQF5PE,7,0,parsed,new_doi
ZOT0049,10.1021/acsapm.5c01802,High- and low-fluorescent photoinitiators for multiphoton lithography,,,zotero_literature,two-photon;photoinitiator;polymerization,,zotero_public_merge_v3_20260828,Zotero-derived source metadata and page-level field evidence; claim limits preserved.,metadata_only,traceable_source,RYHTRLJR,0,0,not_started,new_doi
ZOT0050,10.1021/acsami.8b15011,Cucurbit[7]uril-Carbazole two-photon photoinitiators for the fabrication of biocompatible three-dimensional hydrogel scaffolds by laser direct writing in aqueous solutions,,,zotero_literature,two-photon;photoinitiator;polymerization,,zotero_public_merge_v3_20260828,Zotero-derived source metadata and page-level field evidence; claim limits preserved.,parsed_fulltext,traceable_source,RZAZ6SD2,14,0,parsed,new_doi
ZOT0051,10.1364/OL.22.000132,Three-dimensional microfabrication with two-photon-absorbed photopolymerization,,,zotero_literature,two-photon;photoinitiator;polymerization,,zotero_public_merge_v3_20260828,Zotero-derived source metadata and page-level field evidence; claim limits preserved.,parsed_fulltext,traceable_source,S7XPYQQM,5,16,parsed,new_doi
ZOT0052,,New free radical and cationic photoinitiators for two-photon 3D printing,,,zotero_literature,two-photon;photoinitiator;polymerization,,zotero_public_merge_v3_20260828,Zotero-derived source metadata and page-level field evidence; claim limits preserved.,metadata_only,traceable_source,SKGHKY8Q,0,0,not_started,no_doi_new_source
ZOT0053,10.1039/c4py00424h,π-Conjugated sulfonium-based photoacid generators: An integrated molecular approach for efficient one and two-photon polymerization,,,zotero_literature,two-photon;photoinitiator;polymerization,,zotero_public_merge_v3_20260828,Zotero-derived source metadata and page-level field evidence; claim limits preserved.,metadata_only,traceable_source,T6JEH49G,0,0,not_started,new_doi
ZOT0054,10.1080/15685551.2015.1092008,Synthesis of new photoactive urethane carbohydrates and their behavior in UV or femtosecond laser-induced two-photon polymerization,,,zotero_literature,two-photon;photoinitiator;polymerization,,zotero_public_merge_v3_20260828,Zotero-derived source metadata and page-level field evidence; claim limits preserved.,parsed_fulltext,traceable_source,TN4FRK7S,6,0,parsed,new_doi
ZOT0055,10.1002/adfm.200400212,Acrylate-based photopolymer for two-photon microfabrication and photonic applications,,,zotero_literature,two-photon;photoinitiator;polymerization,,zotero_public_merge_v3_20260828,Zotero-derived source metadata and page-level field evidence; claim limits preserved.,parsed_fulltext,traceable_source,TSTS6L69,2,7,parsed,new_doi
ZOT0056,10.1016/j.snb.2019.127345,Light-driven micron-scale 3D hydrogel actuator produced by two-photon polymerization microfabrication,,,zotero_literature,two-photon;photoinitiator;polymerization,,zotero_public_merge_v3_20260828,Zotero-derived source metadata and page-level field evidence; claim limits preserved.,parsed_fulltext,traceable_source,TXIFG7RW,11,0,parsed,new_doi
ZOT0057,10.1364/oe.461969,Model for polymerization and self-deactivation in two-photon nanolithography,,,zotero_literature,two-photon;photoinitiator;polymerization,,zotero_public_merge_v3_20260828,Zotero-derived source metadata and page-level field evidence; claim limits preserved.,metadata_only,traceable_source,U269VFMA,0,0,not_started,new_doi
ZOT0058,10.1002/pola.29254,Conjugated carbazole-based schiff bases as photoinitiators: From facile synthesis to efficient two-photon polymerization,,,zotero_literature,two-photon;photoinitiator;polymerization,,zotero_public_merge_v3_20260828,Zotero-derived source metadata and page-level field evidence; claim limits preserved.,metadata_only,traceable_source,UVDJM6RV,0,0,not_started,new_doi
ZOT0059,10.1007/s00340-022-07888-7,Two-photon absorption cross-section investigation of visible-light photoinitiators under Q-switched Nd:YAG nanosecond pulse laser at 1064 nm,,,zotero_literature,two-photon;photoinitiator;polymerization,,zotero_public_merge_v3_20260828,Zotero-derived source metadata and page-level field evidence; claim limits preserved.,metadata_only,traceable_source,V2ASFJK9,0,0,not_started,new_doi
ZOT0060,10.1039/d2tc00331g,Geometry-driven mass transport dynamics within permeable 3D-microstructures fabricated via two-photon polymerization,,,zotero_literature,two-photon;photoinitiator;polymerization,,zotero_public_merge_v3_20260828,Zotero-derived source metadata and page-level field evidence; claim limits preserved.,parsed_fulltext,traceable_source,V8BAREKK,22,0,parsed,new_doi
ZOT0061,10.1016/j.jphotochem.2010.07.016,Two-photon polymerization of a diacrylate using fluorene photoinitiators-sensitizers,,,zotero_literature,two-photon;photoinitiator;polymerization,,zotero_public_merge_v3_20260828,Zotero-derived source metadata and page-level field evidence; claim limits preserved.,metadata_only,traceable_source,W34GJWXV,0,0,not_started,new_doi
ZOT0062,10.1016/j.eurpolymj.2019.109295,Microfabrication of 3D-hydrogels via two-photon polymerization of poly(2-ethyl-2-oxazoline) diacrylates,,,zotero_literature,two-photon;photoinitiator;polymerization,,zotero_public_merge_v3_20260828,Zotero-derived source metadata and page-level field evidence; claim limits preserved.,parsed_fulltext,traceable_source,WD4L7CWE,20,0,parsed,new_doi
ZOT0063,10.1002/cjoc.70529,Alkyl/cycloketonic modulations in photoinitiator molecular engineering for efficient multiphoton polymerization†,,,zotero_literature,two-photon;photoinitiator;polymerization,,zotero_public_merge_v3_20260828,Zotero-derived source metadata and page-level field evidence; claim limits preserved.,metadata_only,traceable_source,WDS2AJMV,0,0,not_started,new_doi
ZOT0064,10.1088/1758-5082/3/2/025003,Fabrication of 2D protein microstructures and 3D polymer-protein hybrid microstructures by two-photon polymerization,,,zotero_literature,two-photon;photoinitiator;polymerization,,zotero_public_merge_v3_20260828,Zotero-derived source metadata and page-level field evidence; claim limits preserved.,parsed_fulltext,traceable_source,X4RTKEJL,16,0,parsed,new_doi
ZOT0065,10.18063/ijb.752,Synthesis of biocompatible BSA-GMA and two-photon polymerization of 3D hydrogels with free radical type I photoinitiator,,,zotero_literature,two-photon;photoinitiator;polymerization,,zotero_public_merge_v3_20260828,Zotero-derived source metadata and page-level field evidence; claim limits preserved.,metadata_only,traceable_source,X93SDATL,0,0,not_started,new_doi
ZOT0066,10.1021/ma9007785,Structure-activity relationship in d-π-a-π-d-based photoinitiators for the two-photon-induced photopolymerization process,,,zotero_literature,two-photon;photoinitiator;polymerization,,zotero_public_merge_v3_20260828,Zotero-derived source metadata and page-level field evidence; claim limits preserved.,parsed_fulltext,traceable_source,XAY2YYCX,23,0,parsed,new_doi
ZOT0067,10.1016/j.eurpolymj.2025.114046,"Novel indane-1,3-dione derivatives as photoinitiators for one- and two-photon photopolymerization",,,zotero_literature,two-photon;photoinitiator;polymerization,,zotero_public_merge_v3_20260828,Zotero-derived source metadata and page-level field evidence; claim limits preserved.,metadata_only,traceable_source,Y9LBCT6W,0,0,not_started,new_doi
ZOT0068,,Application of riboflavin as water-soluble photoinitiator for fabrication of tissue engineering scaffolds via two-photon polymerization,,,zotero_literature,two-photon;photoinitiator;polymerization,,zotero_public_merge_v3_20260828,Zotero-derived source metadata and page-level field evidence; claim limits preserved.,metadata_only,traceable_source,ZAHVQZYL,0,0,not_started,no_doi_new_source
ZOT0069,10.1002/adom.202200474,Photoinitiator-free two-photon polymerization of biocompatible materials for 3D micro/nanofabrication,,,zotero_literature,two-photon;photoinitiator;polymerization,,zotero_public_merge_v3_20260828,Zotero-derived source metadata and page-level field evidence; claim limits preserved.,parsed_fulltext,traceable_source,ZI5SFNAQ,20,0,parsed,new_doi
