assignment_id,consensus_id,entity_id,paper_id,doi,source_label,normalized_source_label,canonical_name,canonical_smiles,inchikey,molecular_formula,pubchem_cid,confidence_tier,identity_status,identity_channel,source_evidence_id,source_location,local_pdf_path,pdf_sha256,rendered_page_path,crosscheck_basis,scientific_use_boundary
TRASSIGN-69b0d3c3315b9acd30,TRCONS-afe6d8fbfb050fef6a,SRCENT-65ab6786346f1710f2,zotero_4UUBRRGP,10.1002/adfm.201203880,Irgacure 2959,irgacure2959,1-[4-(2-hydroxyethoxy)-phenyl]- 2-hydroxy-2-methyl-1-propane-1-one,CC(C)(O)C(=O)c1ccc(OCCO)cc1,GJKGAPPUXSSCFI-UHFFFAOYSA-N,C12H16O4,86266,A_alias_consensus,cross_source_trade_name_consensus_accepted,cross_source_trade_name_consensus,TXTID-693f1c1e57166039,PDF page 4; embedded-text characters 4757-4770,LOCAL_ZOTERO_ROOT_REDACTED\Zotero\storage\I5JF8A83\Torgersen 等 - 2013 - Hydrogels for two-photon polymerization a toolbox for mimicking the extracellular matrix.pdf,ce0796d3e7ca798eedb715067520d9ae819a2a7890168cade71d8ce7a9793ec7,LOCAL_SOURCE_ROOT_REDACTED\outputs\literature_kb_trade_name_consensus_20260906\target_source_pages\zotero_4UUBRRGP\page_0004.png,independent_source_text_definition_and_source_panel_agree_on_inchikey_plus_exact_pubchem_synonym,"Molecular identity linkage only; not numerical evidence, a training label, an external-test observation, a screening decision, or a COMSOL input."
TRASSIGN-070bfc41ae2e9d2e7e,TRCONS-afe6d8fbfb050fef6a,SRCENT-a5516e3e1ded6213ae,ZPC-005476,10.1016/j.actbio.2010.10.023,Irgacure 2959,irgacure2959,1-[4-(2-hydroxyethoxy)-phenyl]- 2-hydroxy-2-methyl-1-propane-1-one,CC(C)(O)C(=O)c1ccc(OCCO)cc1,GJKGAPPUXSSCFI-UHFFFAOYSA-N,C12H16O4,86266,A_alias_consensus,cross_source_trade_name_consensus_accepted,cross_source_trade_name_consensus,TXTID-327a919d23be728b,PDF page 2; embedded-text characters 6003-6016,LOCAL_ZOTERO_ROOT_REDACTED\Zotero\storage\SPM2KMW7\j.actbio.2010.10.023.pdf.pdf,417bba0dfb71349146950264e2be75ebcde46ab68c4e337ca20431880a45d3cb,LOCAL_SOURCE_ROOT_REDACTED\outputs\literature_kb_trade_name_consensus_20260906\target_source_pages\ZPC-005476\page_0002.png,independent_source_text_definition_and_source_panel_agree_on_inchikey_plus_exact_pubchem_synonym,"Molecular identity linkage only; not numerical evidence, a training label, an external-test observation, a screening decision, or a COMSOL input."
TRASSIGN-1a312dbf79a657c5e7,TRCONS-afe6d8fbfb050fef6a,SRCENT-d3e423d688210b2c32,zotero_2SCTZD9L,10.1016/j.dyepig.2017.02.040,Irgacure 2959,irgacure2959,1-[4-(2-hydroxyethoxy)-phenyl]- 2-hydroxy-2-methyl-1-propane-1-one,CC(C)(O)C(=O)c1ccc(OCCO)cc1,GJKGAPPUXSSCFI-UHFFFAOYSA-N,C12H16O4,86266,A_alias_consensus,cross_source_trade_name_consensus_accepted,cross_source_trade_name_consensus,TXTID-5704ddfc2c62d6cb,PDF page 5; embedded-text characters 1045-1058,LOCAL_ZOTERO_ROOT_REDACTED\Zotero\storage\B8SCW4Z6\Huang 等 - 2017 - Study on a series of water-soluble photoinitiators for fabrication of 3D hydrogels by two-photon pol.pdf,fa81c5794bc05a6162a78300ad5732ddf5f9395afdb7266b24dde3312ca792aa,LOCAL_SOURCE_ROOT_REDACTED\outputs\literature_kb_trade_name_consensus_20260906\target_source_pages\zotero_2SCTZD9L\page_0005.png,independent_source_text_definition_and_source_panel_agree_on_inchikey_plus_exact_pubchem_synonym,"Molecular identity linkage only; not numerical evidence, a training label, an external-test observation, a screening decision, or a COMSOL input."
TRASSIGN-ec6dadd58cfb3306db,TRCONS-afe6d8fbfb050fef6a,SRCENT-3c5f5ba01047b3e87a,ZPC-005973,10.1016/j.porgcoat.2021.106214,Irgacure 2959,irgacure2959,1-[4-(2-hydroxyethoxy)-phenyl]- 2-hydroxy-2-methyl-1-propane-1-one,CC(C)(O)C(=O)c1ccc(OCCO)cc1,GJKGAPPUXSSCFI-UHFFFAOYSA-N,C12H16O4,86266,A_alias_consensus,cross_source_trade_name_consensus_accepted,cross_source_trade_name_consensus,TXTID-da426e9b89335aa4,PDF page 1; embedded-text characters 1082-1095,"LOCAL_ZOTERO_ROOT_REDACTED\Zotero\storage\9JTM7QCP\Guo 等 - 2021 - A novel thioxanthone-hydroxyalkylphenone bifunctional photoinitiator Synthesis, characterization an.pdf",c4f7949b232e93368df971c85f134038247823759810dd5c081b3312ca8b9857,LOCAL_SOURCE_ROOT_REDACTED\outputs\literature_kb_trade_name_consensus_20260906\target_source_pages\ZPC-005973\page_0001.png,independent_source_text_definition_and_source_panel_agree_on_inchikey_plus_exact_pubchem_synonym,"Molecular identity linkage only; not numerical evidence, a training label, an external-test observation, a screening decision, or a COMSOL input."
TRASSIGN-3af6b3b4977d54a9bd,TRCONS-afe6d8fbfb050fef6a,SRCENT-be3fe956762ec2104e,ZPC-004762,10.1021/acs.macromol.8b02640,Irgacure 2959,irgacure2959,1-[4-(2-hydroxyethoxy)-phenyl]- 2-hydroxy-2-methyl-1-propane-1-one,CC(C)(O)C(=O)c1ccc(OCCO)cc1,GJKGAPPUXSSCFI-UHFFFAOYSA-N,C12H16O4,86266,A_alias_consensus,cross_source_trade_name_consensus_accepted,cross_source_trade_name_consensus,TXTID-2f26e7655ad39ba7,PDF page 7; embedded-text characters 546-559,LOCAL_ZOTERO_ROOT_REDACTED\Zotero\storage\7AKGTZBN\acs.macromol.8b02640.pdf.pdf,943ee774eff17ca2640ac7c9a6fec38b1ce8262a63e4c4db018a2422a4138120,LOCAL_SOURCE_ROOT_REDACTED\outputs\literature_kb_trade_name_consensus_20260906\target_source_pages\ZPC-004762\page_0007.png,independent_source_text_definition_and_source_panel_agree_on_inchikey_plus_exact_pubchem_synonym,"Molecular identity linkage only; not numerical evidence, a training label, an external-test observation, a screening decision, or a COMSOL input."
TRASSIGN-51a832084f28acc436,TRCONS-afe6d8fbfb050fef6a,SRCENT-d2772a0ff64f2edf22,zotero_RZAZ6SD2,10.1021/acsami.8b15011,Irgacure 2959,irgacure2959,1-[4-(2-hydroxyethoxy)-phenyl]- 2-hydroxy-2-methyl-1-propane-1-one,CC(C)(O)C(=O)c1ccc(OCCO)cc1,GJKGAPPUXSSCFI-UHFFFAOYSA-N,C12H16O4,86266,A_alias_consensus,cross_source_trade_name_consensus_accepted,cross_source_trade_name_consensus,TXTID-487f816beee5af43,PDF page 2; embedded-text characters 478-491,LOCAL_ZOTERO_ROOT_REDACTED\Zotero\storage\CGRXBWSL\Zheng 等 - 2019 - Cucurbit[7]uril-Carbazole two-photon photoinitiators for the fabrication of biocompatible three-dime.pdf,be1d5fbfee7a5d35461510ab4b3b3b87199e298173c9bfb44833657388fee870,LOCAL_SOURCE_ROOT_REDACTED\outputs\literature_kb_trade_name_consensus_20260906\target_source_pages\zotero_RZAZ6SD2\page_0002.png,independent_source_text_definition_and_source_panel_agree_on_inchikey_plus_exact_pubchem_synonym,"Molecular identity linkage only; not numerical evidence, a training label, an external-test observation, a screening decision, or a COMSOL input."
TRASSIGN-b4bafc7798d20aee1d,TRCONS-afe6d8fbfb050fef6a,SRCENT-fa9bbe2d54cf045c32,ZPC-002032,10.1039/c6py01787h,Irgacure 2959,irgacure2959,1-[4-(2-hydroxyethoxy)-phenyl]- 2-hydroxy-2-methyl-1-propane-1-one,CC(C)(O)C(=O)c1ccc(OCCO)cc1,GJKGAPPUXSSCFI-UHFFFAOYSA-N,C12H16O4,86266,A_alias_consensus,cross_source_trade_name_consensus_accepted,cross_source_trade_name_consensus,TXTID-d1e3065c9513ed29,PDF page 1; embedded-text characters 3842-3855,LOCAL_ZOTERO_ROOT_REDACTED\Zotero\storage\QNDEW7XN\Tromayer 等 - 2017 - biocompatible macromolecular two-photon initiator based on hyaluronan.pdf,13a2adde11aba90c62f44de7788c6f42be135c6a47c9a6bc9d46fd77f6a7831c,LOCAL_SOURCE_ROOT_REDACTED\outputs\literature_kb_trade_name_consensus_20260906\target_source_pages\ZPC-002032\page_0001.png,independent_source_text_definition_and_source_panel_agree_on_inchikey_plus_exact_pubchem_synonym,"Molecular identity linkage only; not numerical evidence, a training label, an external-test observation, a screening decision, or a COMSOL input."
TRASSIGN-9a72e37785f29dd5b2,TRCONS-afe6d8fbfb050fef6a,SRCENT-bb0ca9cb66ec422732,ZPC-002300,10.1088/1758-5082/3/2/025003,Irgacure 2959,irgacure2959,1-[4-(2-hydroxyethoxy)-phenyl]- 2-hydroxy-2-methyl-1-propane-1-one,CC(C)(O)C(=O)c1ccc(OCCO)cc1,GJKGAPPUXSSCFI-UHFFFAOYSA-N,C12H16O4,86266,A_alias_consensus,cross_source_trade_name_consensus_accepted,cross_source_trade_name_consensus,TXTID-8134ab60b946bfd4,PDF page 7; embedded-text characters 1935-1948,LOCAL_ZOTERO_ROOT_REDACTED\Zotero\storage\Z9JTCDU3\Engelhardt 等 - 2011 - Fabrication of 2D protein microstructures and 3D polymer-protein hybrid microstructures by two-photo.pdf,4ed3a56894d398840d45d890b80fd91d6ab83f7fb40ea9c834ed2c07886499be,LOCAL_SOURCE_ROOT_REDACTED\outputs\literature_kb_trade_name_consensus_20260906\target_source_pages\ZPC-002300\page_0007.png,independent_source_text_definition_and_source_panel_agree_on_inchikey_plus_exact_pubchem_synonym,"Molecular identity linkage only; not numerical evidence, a training label, an external-test observation, a screening decision, or a COMSOL input."
TRASSIGN-f302bddd1b2986ac23,TRCONS-afe6d8fbfb050fef6a,SRCENT-e06f67ba5177f4133a,zotero_DV89B7W8,10.2217/rme.13.60,Irgacure 2959,irgacure2959,1-[4-(2-hydroxyethoxy)-phenyl]- 2-hydroxy-2-methyl-1-propane-1-one,CC(C)(O)C(=O)c1ccc(OCCO)cc1,GJKGAPPUXSSCFI-UHFFFAOYSA-N,C12H16O4,86266,A_alias_consensus,cross_source_trade_name_consensus_accepted,cross_source_trade_name_consensus,TXTID-b785af2d497559ca,PDF page 2; embedded-text characters 1887-1900,LOCAL_ZOTERO_ROOT_REDACTED\Zotero\storage\RC6D39EH\Nguyen 等 - 2013 - Two-photon polymerization of polyethylene glycol diacrylate scaffolds with riboflavin and triethanol.pdf,00d0bade2b63012833679e3f2cca7a55bb3b7b60a8a0a44d47449042339e98aa,LOCAL_SOURCE_ROOT_REDACTED\outputs\literature_kb_trade_name_consensus_20260906\target_source_pages\zotero_DV89B7W8\page_0002.png,independent_source_text_definition_and_source_panel_agree_on_inchikey_plus_exact_pubchem_synonym,"Molecular identity linkage only; not numerical evidence, a training label, an external-test observation, a screening decision, or a COMSOL input."
