alias_id,molecule_id,preferred_name,alias,normalized_alias,match_scope,source_dois,source_ids,molecule_role,identity_status,identity_scope,smiles,stored_inchikey,computed_inchikey,structure_validation,case_sensitive,alias_status
ALIAS-a4012cd38666ed96a2,MOL-00630a00040a,compound 4c doughnut array,compound 4c doughnut array,compound4cdoughnutarray,source_scoped,10.2494/photopolymer.32.257,zotero_LVN4MHDD,photoinitiator_or_photosensitizer,formulation_identity,source_scoped,,,,not_available,false,eligible_exact_alias
ALIAS-d9db65fb26784b54a4,MOL-06ee150ea4cf,"1: 2,7-bis[2-(4-dimethylamino-phenyl)-vinyl]anthraquinone","1: 2,7-bis[2-(4-dimethylamino-phenyl)-vinyl]anthraquinone",127bis24dimethylaminophenylvinylanthraquinone,global_exact_name,10.1016/j.jphotochem.2007.03.002,zotero_95TT3IKI,photoinitiator_or_photosensitizer,explicit_field,global_name_key,,,,not_available,false,eligible_exact_alias
ALIAS-80f42abde82db07379,MOL-09627362a8bc,2BTrz,2BTrz,2btrz,global_exact_name,10.1038/s41598-018-35301-x,OA2P-000226,photoinitiator_or_photosensitizer,structured_pi_label,global_name_key,,,,not_available,false,eligible_exact_alias
ALIAS-74e1dd87d33ffc4118,MOL-0bd1f2454b16,CCK-Ben,CCK-Ben,cckben,global_exact_name,10.1021/acsapm.4c00932,zotero_PJQEIM6F,photoinitiator_or_photosensitizer,formulation_identity,global_name_key,,,,not_available,false,eligible_exact_alias
ALIAS-90539f740a7e5fd438,MOL-134dd1ff52e2,Lucirin TPO-L,Lucirin TPO-L,lucirintpol,global_exact_name,10.1002/lpor.201600079;10.1007/s00339-007-4367-0;10.1016/j.polymer.2017.04.039;10.1115/1.4000097,Tomova2016; Ummethala2017; Uppal2009; zotero_INAWB8HL; zotero_KGWA2AJ6; zotero_QH8XLKS5,photoinitiator_or_photosensitizer,structured_pi_label,global_name_key,,,,not_available,false,eligible_exact_alias
ALIAS-7735d2a8f92f47447d,MOL-134dd1ff52e2,Lucirin TPO-L,LTPO-L,ltpol,global_exact_name,10.1002/lpor.201600079;10.1007/s00339-007-4367-0;10.1016/j.polymer.2017.04.039;10.1115/1.4000097,Tomova2016; Ummethala2017; Uppal2009; zotero_INAWB8HL; zotero_KGWA2AJ6; zotero_QH8XLKS5,photoinitiator_or_photosensitizer,structured_pi_label,global_name_key,,,,not_available,false,eligible_exact_alias
ALIAS-1adc4420a2020e168c,MOL-134dd1ff52e2,Lucirin TPO-L,TPO-L,tpol,global_exact_name,10.1002/lpor.201600079;10.1007/s00339-007-4367-0;10.1016/j.polymer.2017.04.039;10.1115/1.4000097,Tomova2016; Ummethala2017; Uppal2009; zotero_INAWB8HL; zotero_KGWA2AJ6; zotero_QH8XLKS5,photoinitiator_or_photosensitizer,structured_pi_label,global_name_key,,,,not_available,true,eligible_exact_alias
ALIAS-9d51e5b2951b0229b3,MOL-1bf749ee78ef,DPEPA,DPEPA,dpepa,global_exact_name,10.1364/oe.6.000064,zotero_RK5TXPZ5,resin_or_matrix,formulation_identity,global_name_key,,,,not_available,false,eligible_exact_alias
ALIAS-9872877ace51320b1a,MOL-1cf7a6e2aeef,DETC,DETC,detc,global_exact_name,10.1021/acsami.3c10581;10.1021/acsapm.3c00141;10.1021/acsapm.4c00932;10.1038/s41598-017-17391-1;10.1039/d4sc03527e,Kilic2023; Mauri2024; Tang2023; ZPC-000049; ZPC-001953; zotero_PJQEIM6F,photoinitiator_or_photosensitizer,structured_pi_label,global_name_key,,,,not_available,true,eligible_exact_alias
ALIAS-b970e67c6c800cb608,MOL-223c90f9ee2b,"2,7-bis[(E)-2-(4-dimethylaminophenyl)ethenyl]anthracene-9,10-dione","2,7-bis[(E)-2-(4-dimethylaminophenyl)ethenyl]anthracene-9,10-dione",27bise24dimethylaminophenylethenylanthracene910dione,source_scoped,10.1016/j.jphotochem.2007.03.002,ZPC-001187; zotero_95TT3IKI,photoinitiator_or_photosensitizer,structure_linked,source_scoped,CN(C)c1ccc(/C=C\c2cccc3c2C(=O)c2c(/C=C\c4ccc(N(C)C)cc4)cccc2C3=O)cc1,IQUNKJJUMRLHSN-JYFOCSDGSA-N,IQUNKJJUMRLHSN-WHYMJUELSA-N,rdkit_sanitized,false,eligible_exact_alias
ALIAS-b3477062cb6ffa7a02,MOL-23bd7179f4c3,BAPO,BAPO,bapo,global_exact_name,10.1021/acs.chemmater.1c04002,Lunzer2022,photoinitiator_or_photosensitizer,structured_pi_label,global_name_key,,,,not_available,true,eligible_exact_alias
ALIAS-cdaf47b4f8e2ff5e17,MOL-280d9282c038,"4,4'-bis(diethylamino)benzophenone (Michler's ethyl ketone)","4,4'-bis(diethylamino)benzophenone (Michler's ethyl ketone)",44bisdiethylaminobenzophenonemichlersethylketone,global_exact_name,10.1021/acs.macromol.0c01518,ZPC-004425; zotero_SRU6DZHE,photoinitiator_or_photosensitizer,structure_linked,global_name_key,CCN(CC)c1ccc(C(=O)c2ccc(N(CC)CC)cc2)cc1,VYHBFRJRBHMIQZ-UHFFFAOYSA-N,VYHBFRJRBHMIQZ-UHFFFAOYSA-N,rdkit_sanitized,false,eligible_exact_alias
ALIAS-4bf2f4c9c0dd7d6fb5,MOL-280d9282c038,"4,4'-bis(diethylamino)benzophenone (Michler's ethyl ketone)",Michler's ethyl ketone,michlersethylketone,global_exact_name,10.1021/acs.macromol.0c01518,ZPC-004425; zotero_SRU6DZHE,photoinitiator_or_photosensitizer,structure_linked,global_name_key,CCN(CC)c1ccc(C(=O)c2ccc(N(CC)CC)cc2)cc1,VYHBFRJRBHMIQZ-UHFFFAOYSA-N,VYHBFRJRBHMIQZ-UHFFFAOYSA-N,rdkit_sanitized,false,eligible_exact_alias
ALIAS-4139ddf79b2dadacd5,MOL-280d9282c038,"4,4'-bis(diethylamino)benzophenone (Michler's ethyl ketone)",BDEBP,bdebp,global_exact_name,10.1021/acs.macromol.0c01518,ZPC-004425; zotero_SRU6DZHE,photoinitiator_or_photosensitizer,structure_linked,global_name_key,CCN(CC)c1ccc(C(=O)c2ccc(N(CC)CC)cc2)cc1,VYHBFRJRBHMIQZ-UHFFFAOYSA-N,VYHBFRJRBHMIQZ-UHFFFAOYSA-N,rdkit_sanitized,false,eligible_exact_alias
ALIAS-a1acdd3d04a9a33cf5,MOL-28932315790a,Rose Bengal,Rose Bengal,rosebengal,global_exact_name,10.1002/adfm.201203880;10.1088/1758-5082/3/2/025003,zotero_4UUBRRGP; zotero_X4RTKEJL,photoinitiator_or_photosensitizer,anchor_mined,global_name_key,,,,not_available,false,eligible_exact_alias
ALIAS-36235aa24aa2751cfd,MOL-29532714cf8d,PETIA,PETIA,petia,global_exact_name,10.1109/icop56156.2022.9911711,zotero_LF43QEJD,resin_or_matrix,formulation_identity,global_name_key,,,,not_available,false,eligible_exact_alias
ALIAS-4252d477e0aabaaab1,MOL-29e7e7bf910a,TMPTA,TMPTA,tmpta,global_exact_name,10.2494/photopolymer.32.257,zotero_LVN4MHDD,resin_or_matrix,formulation_identity,global_name_key,,,,not_available,false,eligible_exact_alias
ALIAS-d3e3bc4f218752694e,MOL-2bccbf08f1f0,4-(7-isopropyl-9-oxo-9H-thioxanthen-2-yl)benzonitrile,4-(7-isopropyl-9-oxo-9H-thioxanthen-2-yl)benzonitrile,47isopropyl9oxo9hthioxanthen2ylbenzonitrile,global_exact_name,10.1021/acsapm.0c01291,ZPC-000605,photoinitiator_or_photosensitizer,structure_linked,global_name_key,CC(C)c1ccc2sc3ccc(-c4ccc(C#N)cc4)cc3c(=O)c2c1,LMSHIBKMAZKRTD-UHFFFAOYSA-N,LMSHIBKMAZKRTD-UHFFFAOYSA-N,rdkit_sanitized,false,eligible_exact_alias
ALIAS-17eb16f8bc07157517,MOL-2bccbf08f1f0,4-(7-isopropyl-9-oxo-9H-thioxanthen-2-yl)benzonitrile,ITX-phenyl-CN,itxphenylcn,global_exact_name,10.1021/acsapm.0c01291,ZPC-000605,photoinitiator_or_photosensitizer,structure_linked,global_name_key,CC(C)c1ccc2sc3ccc(-c4ccc(C#N)cc4)cc3c(=O)c2c1,LMSHIBKMAZKRTD-UHFFFAOYSA-N,LMSHIBKMAZKRTD-UHFFFAOYSA-N,rdkit_sanitized,false,eligible_exact_alias
ALIAS-6e372577b7da45aa3e,MOL-31530a5b55b0,H3K,H3K,h3k,source_scoped,10.1021/ma9007785,ZPC-000028; zotero_XAY2YYCX,photoinitiator_or_photosensitizer,structured_pi_label,source_scoped,,,,not_available,true,eligible_exact_alias
ALIAS-c079c7b1883cdd68c4,MOL-34fab106c199,FL/EO/RB,FL/EO/RB,fleorb,global_exact_name,10.1016/j.jphotochem.2009.02.007,zotero_MZLGYQTP,photoinitiator_or_photosensitizer,explicit_field,global_name_key,,,,not_available,false,eligible_exact_alias
ALIAS-2fcfe1c2da77ef4e6b,MOL-368275596029,BNMBC,BNMBC,bnmbc,global_exact_name,10.1166/jnn.2013.6011,ZPC-000385; zotero_D47BE9ZL,photoinitiator_or_photosensitizer,anchor_mined,global_name_key,,,,not_available,false,eligible_exact_alias
ALIAS-9078bd1f9a9793ad69,MOL-3efce6288c7f,PVP,PVP,pvp,source_scoped,10.1016/j.jphotochem.2009.02.007,zotero_MZLGYQTP,resin_or_matrix,formulation_identity,global_name_key,,,,not_available,true,eligible_exact_alias
ALIAS-ad28f5716334c95f37,MOL-3fc9d557f9e8,DAPT,DAPT,dapt,global_exact_name,10.1002/polb.24891,zotero_H5G5DD8B,photoinitiator_or_photosensitizer,anchor_mined,global_name_key,,,,not_available,true,eligible_exact_alias
ALIAS-9e4e1c48577c13780b,MOL-40954535b35f,0.02 wt % PI,0.02 wt % PI,002wtpi,global_exact_name,10.1016/j.jphotochem.2007.03.002,zotero_95TT3IKI,photoinitiator_or_photosensitizer,formulation_identity,global_name_key,,,,not_available,false,eligible_exact_alias
ALIAS-c9330e860b134a7c06,MOL-447f4048c58a,OXE02,OXE02,oxe02,global_exact_name,10.3390/polym12112485,ZPC-005664,photoinitiator_or_photosensitizer,anchor_mined,global_name_key,,,,not_available,false,eligible_exact_alias
ALIAS-87944b462eaff0b695,MOL-46785f470448,M3K,M3K,m3k,source_scoped,10.1021/ma9007785,ZPC-000028; zotero_XAY2YYCX,photoinitiator_or_photosensitizer,structured_pi_label,source_scoped,,,,not_available,true,eligible_exact_alias
ALIAS-6c4d655d9bcdb5b27d,MOL-48d779afd09b,M2K,M2K,m2k,source_scoped,10.1021/ma9007785,ZPC-000028; zotero_XAY2YYCX,photoinitiator_or_photosensitizer,structured_pi_label,source_scoped,,,,not_available,true,eligible_exact_alias
ALIAS-d57e5f45bff62d3805,MOL-4a8da56e6e58,Pol EPI,Pol EPI,polepi,global_exact_name,10.1088/1758-5082/3/2/025003,zotero_X4RTKEJL,photoinitiator_or_photosensitizer,anchor_mined,global_name_key,,,,not_available,false,eligible_exact_alias
ALIAS-c88f6057f1a6fa01dc,MOL-575ef5ef5020,bis-AM,bis-AM,bisam,global_exact_name,10.1016/j.jphotochem.2009.02.007,zotero_MZLGYQTP,resin_or_matrix,formulation_identity,global_name_key,,,,not_available,false,eligible_exact_alias
ALIAS-c2a0804b8f4f7e1e85,MOL-592bfe8c3e9d,PI 3.78 wt %,PI 3.78 wt %,pi378wt,source_scoped,10.1115/1.4000097,zotero_INAWB8HL,unresolved_formulation_component,formulation_identity,global_name_key,,,,not_available,false,eligible_exact_alias
ALIAS-08e595fe9aeaa68b42,MOL-5b5090828bc2,DANT,DANT,dant,global_exact_name,10.1002/polb.24891,zotero_H5G5DD8B,photoinitiator_or_photosensitizer,anchor_mined,global_name_key,,,,not_available,true,eligible_exact_alias
ALIAS-d20df3a6458d577625,MOL-5bb14c6ce67d,ANTX,ANTX,antx,global_exact_name,10.1021/cm200595y,SRC045,photoinitiator_or_photosensitizer,explicit_field,global_name_key,,,,not_available,true,eligible_exact_alias
ALIAS-312a9de9c739e6eb52,MOL-5dd3d9e36ba3,TMP3EOTA,TMP3EOTA,tmp3eota,global_exact_name,10.2494/photopolymer.32.257,zotero_LVN4MHDD,resin_or_matrix,formulation_identity,global_name_key,,,,not_available,false,eligible_exact_alias
ALIAS-f23d0add9a61093415,MOL-611ecd76cd3c,OXE2,OXE2,oxe2,global_exact_name,10.1021/acs.macromol.0c01518,zotero_SRU6DZHE,photoinitiator_or_photosensitizer,anchor_mined,global_name_key,,,,not_available,true,eligible_exact_alias
ALIAS-fe6ca8223993ea6636,MOL-63120fab18fb,Irgacure 369,Irgacure 369,irgacure369,global_exact_name,10.1002/adfm.200400212;10.1002/adfm.201203880;10.1002/lpor.201600079;10.1016/j.polymer.2017.04.039;10.1016/s1010-6030(03)00394-0;10.1021/acs.chemmater.1c04002;10.1021/ma9007785;10.1038/s41598-017-17391-1;10.1039/c8me00101d;10.2217/rme.13.60,Lunzer2022; Tomova2016; ZPC-000028; ZPC-001953; zotero_3TYUTA6K; zotero_4UUBRRGP; zotero_DV89B7W8; zotero_QH8XLKS5; zotero_TSTS6L69; zotero_U5ZNIGNS,photoinitiator_or_photosensitizer,structured_pi_label,global_name_key,,,,not_available,false,eligible_exact_alias
ALIAS-51c1a6b94f3c8ca28a,MOL-658e228ce5d9,aqueous TPP system,aqueous TPP system,aqueoustppsystem,global_exact_name,10.1016/j.jphotochem.2009.02.007,zotero_MZLGYQTP,photoinitiator_or_photosensitizer,formulation_identity,global_name_key,,,,not_available,false,eligible_exact_alias
ALIAS-cc3bcf7c3efb6ffc0a,MOL-66c52f7f9749,2-isopropyl-9H-thioxanthen-9-one,2-isopropyl-9H-thioxanthen-9-one,2isopropyl9hthioxanthen9one,global_exact_name,10.1002/polb.24891;10.1016/s1010-6030(03)00394-0;10.1021/acs.macromol.0c01518;10.1021/acsapm.0c01291;10.1039/c4tc00706a;10.37188/lam.2023.004,ZPC-000605; zotero_3TYUTA6K; zotero_87BWABRN; zotero_AU74BQZ6; zotero_B6B7CEZ3; zotero_H5G5DD8B; zotero_SRU6DZHE,photoinitiator_or_photosensitizer,structure_linked,global_name_key,CC(C)c1ccc2sc3ccccc3c(=O)c2c1,KTALPKYXQZGAEG-UHFFFAOYSA-N,KTALPKYXQZGAEG-UHFFFAOYSA-N,rdkit_sanitized,false,eligible_exact_alias
ALIAS-a10205fc54ed57b50b,MOL-66c52f7f9749,2-isopropyl-9H-thioxanthen-9-one,ITX,itx,global_exact_name,10.1002/polb.24891;10.1016/s1010-6030(03)00394-0;10.1021/acs.macromol.0c01518;10.1021/acsapm.0c01291;10.1039/c4tc00706a;10.37188/lam.2023.004,ZPC-000605; zotero_3TYUTA6K; zotero_87BWABRN; zotero_AU74BQZ6; zotero_B6B7CEZ3; zotero_H5G5DD8B; zotero_SRU6DZHE,photoinitiator_or_photosensitizer,structure_linked,global_name_key,CC(C)c1ccc2sc3ccccc3c(=O)c2c1,KTALPKYXQZGAEG-UHFFFAOYSA-N,KTALPKYXQZGAEG-UHFFFAOYSA-N,rdkit_sanitized,true,eligible_exact_alias
ALIAS-3893b9c96eac071451,MOL-681aed2d1772,BPDPA,BPDPA,bpdpa,global_exact_name,10.1063/1.2717532,zotero_A8D94H4N,photoinitiator_or_photosensitizer,anchor_mined,global_name_key,,,,not_available,false,eligible_exact_alias
ALIAS-17e4218528f9a86a1b,MOL-692e1b58716b,Irgacure OXE01,Irgacure OXE01,irgacureoxe01,global_exact_name,10.1016/s1010-6030(03)00394-0;10.1364/ome.5.000456,Harnisch2015; zotero_3TYUTA6K,photoinitiator_or_photosensitizer,structured_pi_label,global_name_key,,,,not_available,false,eligible_exact_alias
ALIAS-80f2bce442a3fd214e,MOL-734a938c7c12,CCK-Th,CCK-Th,cckth,global_exact_name,10.1021/acsapm.4c00932,zotero_PJQEIM6F,photoinitiator_or_photosensitizer,formulation_identity,global_name_key,,,,not_available,false,eligible_exact_alias
ALIAS-924883abc6ae805738,MOL-7b6661773e1b,2-isopropyl-7-(pyridin-4-yl)-9H-thioxanthen-9-one,2-isopropyl-7-(pyridin-4-yl)-9H-thioxanthen-9-one,2isopropyl7pyridin4yl9hthioxanthen9one,global_exact_name,10.1021/acsapm.0c01291,ZPC-000605,photoinitiator_or_photosensitizer,structure_linked,global_name_key,CC(C)c1ccc2sc3ccc(-c4ccncc4)cc3c(=O)c2c1,HOVOEAKIORWYHY-UHFFFAOYSA-N,HOVOEAKIORWYHY-UHFFFAOYSA-N,rdkit_sanitized,false,eligible_exact_alias
ALIAS-e77bdfd395ee65c70f,MOL-7b6661773e1b,2-isopropyl-7-(pyridin-4-yl)-9H-thioxanthen-9-one,ITX-pyridine,itxpyridine,global_exact_name,10.1021/acsapm.0c01291,ZPC-000605,photoinitiator_or_photosensitizer,structure_linked,global_name_key,CC(C)c1ccc2sc3ccc(-c4ccncc4)cc3c(=O)c2c1,HOVOEAKIORWYHY-UHFFFAOYSA-N,HOVOEAKIORWYHY-UHFFFAOYSA-N,rdkit_sanitized,false,eligible_exact_alias
ALIAS-bbb2c115fc3bab0b53,MOL-7f4fc6915069,Irgacure 651,Irgacure 651,irgacure651,global_exact_name,10.1002/adfm.201203880;10.1002/lpor.201600079,Tomova2016; zotero_4UUBRRGP,photoinitiator_or_photosensitizer,structured_pi_label,global_name_key,,,,not_available,false,eligible_exact_alias
ALIAS-0ebecc4640449c4b7d,MOL-8083eeb90e37,SR499,SR499,sr499,global_exact_name,10.1115/1.4000097,zotero_INAWB8HL,resin_or_matrix,formulation_identity,global_name_key,,,,not_available,false,eligible_exact_alias
ALIAS-5a2a24f850d9df2e09,MOL-8a56cebc6494,BDMK,BDMK,bdmk,global_exact_name,10.1364/oe.6.000064,zotero_RK5TXPZ5,photoinitiator_or_photosensitizer,formulation_identity,global_name_key,,,,not_available,true,eligible_exact_alias
ALIAS-136d3cb3d3c3158ba8,MOL-8b94ae032225,BTrz,BTrz,btrz,global_exact_name,10.1038/s41598-018-35301-x,OA2P-000226,photoinitiator_or_photosensitizer,structured_pi_label,global_name_key,,,,not_available,true,eligible_exact_alias
ALIAS-f72bc94a25465c575d,MOL-8bf2bb5cafb8,BDAPT,BDAPT,bdapt,global_exact_name,10.1002/polb.24891,zotero_H5G5DD8B,photoinitiator_or_photosensitizer,anchor_mined,global_name_key,,,,not_available,false,eligible_exact_alias
ALIAS-0112a1a93a41734731,MOL-8d11fde500c4,"2,7-bis[(E)-2-(4-methoxyphenyl)ethenyl]anthracene-9,10-dione","2,7-bis[(E)-2-(4-methoxyphenyl)ethenyl]anthracene-9,10-dione",27bise24methoxyphenylethenylanthracene910dione,source_scoped,10.1016/j.jphotochem.2007.03.002,ZPC-001187; zotero_95TT3IKI,photoinitiator_or_photosensitizer,structure_linked,source_scoped,COc1ccc(/C=C\c2cccc3c2C(=O)c2c(/C=C\c4ccc(OC)cc4)cccc2C3=O)cc1,LXJDFJAQCLYGKM-KAVGSWPWSA-N,LXJDFJAQCLYGKM-VULZFCBJSA-N,rdkit_sanitized,false,eligible_exact_alias
ALIAS-672549a33c3e15d401,MOL-909bfb70706e,"2: 2,7-bis[2-(4-methoxy-phenyl)-vinyl]anthraquinone","2: 2,7-bis[2-(4-methoxy-phenyl)-vinyl]anthraquinone",227bis24methoxyphenylvinylanthraquinone,global_exact_name,10.1016/j.jphotochem.2007.03.002,zotero_95TT3IKI,photoinitiator_or_photosensitizer,explicit_field,global_name_key,,,,not_available,false,eligible_exact_alias
ALIAS-3edb8569e79400a183,MOL-92f77de6e759,ketone-based PIs,ketone-based PIs,ketonebasedpis,global_exact_name,10.1021/ma9007785,ZPC-000028,photoinitiator_or_photosensitizer,structured_pi_label,global_name_key,,,,not_available,false,eligible_exact_alias
ALIAS-942b032c712e7d6237,MOL-9843439b053e,BNBC,BNBC,bnbc,global_exact_name,10.1166/jnn.2013.6011,ZPC-000385; zotero_D47BE9ZL,photoinitiator_or_photosensitizer,anchor_mined,global_name_key,,,,not_available,true,eligible_exact_alias
ALIAS-929f33a9de1b7938f3,MOL-98544b0f877d,EO,EO,eo,source_scoped,10.1364/ao.54.007020,zotero_GAG9RQRT,sensitizer_or_component,anchor_mined,global_name_key,,,,not_available,true,eligible_exact_alias
ALIAS-37c40f8686012a6080,MOL-9a94e5c2d2a1,acrylate resin mixture,acrylate resin mixture,acrylateresinmixture,global_exact_name,10.1016/j.apsusc.2007.08.011,zotero_IYEGSI2X,resin_or_matrix,formulation_identity,global_name_key,,,,not_available,false,eligible_exact_alias
ALIAS-cd4cf21b6f657f0018,MOL-9fc85e3c36da,O3K,O3K,o3k,source_scoped,10.1021/ma9007785,ZPC-000028; zotero_XAY2YYCX,photoinitiator_or_photosensitizer,structured_pi_label,source_scoped,,,,not_available,true,eligible_exact_alias
ALIAS-bb8e9f9fcb091fd712,MOL-a18179c189b5,aqueous sample,aqueous sample,aqueoussample,global_exact_name,10.1016/j.jphotochem.2009.02.007,zotero_MZLGYQTP,photoinitiator_or_photosensitizer,formulation_identity,global_name_key,,,,not_available,false,eligible_exact_alias
ALIAS-482ec67d249f2d5872,MOL-a38860411172,2-isopropyl-7-(4-methoxyphenyl)-9H-thioxanthen-9-one,2-isopropyl-7-(4-methoxyphenyl)-9H-thioxanthen-9-one,2isopropyl74methoxyphenyl9hthioxanthen9one,global_exact_name,10.1021/acsapm.0c01291,ZPC-000605,photoinitiator_or_photosensitizer,structure_linked,global_name_key,COc1ccc(-c2ccc3sc4ccc(C(C)C)cc4c(=O)c3c2)cc1,QIPGPZLZOLNAFE-UHFFFAOYSA-N,QIPGPZLZOLNAFE-UHFFFAOYSA-N,rdkit_sanitized,false,eligible_exact_alias
ALIAS-fe4391c13ee13ea97d,MOL-a38860411172,2-isopropyl-7-(4-methoxyphenyl)-9H-thioxanthen-9-one,ITX-phenyl-OCH3,itxphenyloch3,global_exact_name,10.1021/acsapm.0c01291,ZPC-000605,photoinitiator_or_photosensitizer,structure_linked,global_name_key,COc1ccc(-c2ccc3sc4ccc(C(C)C)cc4c(=O)c3c2)cc1,QIPGPZLZOLNAFE-UHFFFAOYSA-N,QIPGPZLZOLNAFE-UHFFFAOYSA-N,rdkit_sanitized,false,eligible_exact_alias
ALIAS-34b69f9b4dd8ab25d8,MOL-a45a776dd668,biodegradable methacrylate polymer,biodegradable methacrylate polymer,biodegradablemethacrylatepolymer,global_exact_name,10.1021/la803803m,zotero_H86SV53N,resin_or_matrix,formulation_identity,global_name_key,,,,not_available,false,eligible_exact_alias
ALIAS-fe1a551ed0069fbb66,MOL-a6418a9007c2,EPI,EPI,epi,source_scoped,10.1088/1758-5082/3/2/025003,zotero_X4RTKEJL,photoinitiator_or_photosensitizer,anchor_mined,global_name_key,,,,not_available,true,eligible_exact_alias
ALIAS-870591cf2c4c3a9ad3,MOL-af0b4bf4b596,Irgacure 819,Irgacure 819,irgacure819,global_exact_name,10.1038/s41598-017-17391-1;10.1109/icop56156.2022.9911711;10.1364/ome.5.000456;10.37188/lam.2023.004,Ge2023; Harnisch2015; ZPC-001953; zotero_AU74BQZ6; zotero_LF43QEJD,photoinitiator_or_photosensitizer,structured_pi_label,global_name_key,,,,not_available,false,eligible_exact_alias
ALIAS-5f38ed1ff7fcb503e4,MOL-b4c0e0e497a9,complex A,complex A,complexa,source_scoped,10.1016/j.jphotochem.2009.02.007,zotero_MZLGYQTP,photoinitiator_or_photosensitizer,explicit_field,source_scoped,,,,not_available,false,eligible_exact_alias
ALIAS-bd1577e2c893048d94,MOL-b8332041eb8f,M3P+,M3P+,m3p,source_scoped,10.1021/ma9007785,ZPC-000028,photoinitiator_or_photosensitizer,structured_pi_label,source_scoped,,,,not_available,true,eligible_exact_alias
ALIAS-bdbba554a14b0d4dab,MOL-bb7a6d262ef6,FL,FL,fl,source_scoped,10.1016/j.eurpolymj.2024.113176;10.1016/j.jphotochem.2009.02.007;10.1016/s1010-6030(03)00394-0,zotero_3TYUTA6K; zotero_5TV7FKVK; zotero_MZLGYQTP,sensitizer_or_component,anchor_mined,global_name_key,,,,not_available,true,eligible_exact_alias
ALIAS-beb50cbd04e1b5a17d,MOL-bc82999a6853,diethyl ether,diethyl ether,diethylether,global_exact_name,10.1021/la803803m,zotero_H86SV53N,solvent,formulation_identity,global_name_key,,,,not_available,false,eligible_exact_alias
ALIAS-6e08f869e19bab0d3d,MOL-befdca1c85a7,2-isopropyl-7-phenyl-9H-thioxanthen-9-one,2-isopropyl-7-phenyl-9H-thioxanthen-9-one,2isopropyl7phenyl9hthioxanthen9one,global_exact_name,10.1021/acsapm.0c01291,ZPC-000605,photoinitiator_or_photosensitizer,structure_linked,global_name_key,CC(C)c1ccc2sc3ccc(-c4ccccc4)cc3c(=O)c2c1,DCURMHFDTUKOQA-UHFFFAOYSA-N,DCURMHFDTUKOQA-UHFFFAOYSA-N,rdkit_sanitized,false,eligible_exact_alias
ALIAS-2858b383488f6b06f4,MOL-befdca1c85a7,2-isopropyl-7-phenyl-9H-thioxanthen-9-one,ITX-phenyl,itxphenyl,global_exact_name,10.1021/acsapm.0c01291,ZPC-000605,photoinitiator_or_photosensitizer,structure_linked,global_name_key,CC(C)c1ccc2sc3ccc(-c4ccccc4)cc3c(=O)c2c1,DCURMHFDTUKOQA-UHFFFAOYSA-N,DCURMHFDTUKOQA-UHFFFAOYSA-N,rdkit_sanitized,false,eligible_exact_alias
ALIAS-c783d3195977dcc86d,MOL-c03524c1b398,2-(4-fluorophenyl)-7-isopropyl-9H-thioxanthen-9-one,2-(4-fluorophenyl)-7-isopropyl-9H-thioxanthen-9-one,24fluorophenyl7isopropyl9hthioxanthen9one,global_exact_name,10.1021/acsapm.0c01291,ZPC-000605,photoinitiator_or_photosensitizer,structure_linked,global_name_key,CC(C)c1ccc2sc3ccc(-c4ccc(F)cc4)cc3c(=O)c2c1,CBDJKJFGKZUGQO-UHFFFAOYSA-N,CBDJKJFGKZUGQO-UHFFFAOYSA-N,rdkit_sanitized,false,eligible_exact_alias
ALIAS-e8603d0acb5255139e,MOL-c03524c1b398,2-(4-fluorophenyl)-7-isopropyl-9H-thioxanthen-9-one,ITX-phenyl-F,itxphenylf,global_exact_name,10.1021/acsapm.0c01291,ZPC-000605,photoinitiator_or_photosensitizer,structure_linked,global_name_key,CC(C)c1ccc2sc3ccc(-c4ccc(F)cc4)cc3c(=O)c2c1,CBDJKJFGKZUGQO-UHFFFAOYSA-N,CBDJKJFGKZUGQO-UHFFFAOYSA-N,rdkit_sanitized,false,eligible_exact_alias
ALIAS-476900067a046cd0f8,MOL-c123af975c8b,M2CMK,M2CMK,m2cmk,source_scoped,10.1038/s41598-018-35301-x,OA2P-000226,photoinitiator_or_photosensitizer,structured_pi_label,source_scoped,,,,not_available,false,eligible_exact_alias
ALIAS-fa51699ba26bc1a1ed,MOL-c420d96562b1,3BTrz,3BTrz,3btrz,global_exact_name,10.1038/s41598-018-35301-x,OA2P-000226,photoinitiator_or_photosensitizer,structured_pi_label,global_name_key,,,,not_available,false,eligible_exact_alias
ALIAS-b4a6fd96db1dba8ecd,MOL-c4f6fed543ae,M3P,M3P,m3p,source_scoped,10.1021/ma9007785,ZPC-000028; zotero_XAY2YYCX,photoinitiator_or_photosensitizer,structured_pi_label,source_scoped,,,,not_available,true,eligible_exact_alias
ALIAS-57378840be8b8f5f45,MOL-c71bf0ae480a,B3K,B3K,b3k,source_scoped,10.1021/ma9007785,ZPC-000028; zotero_XAY2YYCX,photoinitiator_or_photosensitizer,structured_pi_label,source_scoped,,,,not_available,true,eligible_exact_alias
ALIAS-c5765b24dda37f8e1b,MOL-ca4ef42111bb,V-Shape (paper-defined two-branched oligo(phenyleneethynylene) PI),V-Shape (paper-defined two-branched oligo(phenyleneethynylene) PI),vshapepaperdefinedtwobranchedoligophenyleneethynylenepi,global_exact_name,10.1021/acs.macromol.0c01518,ZPC-004425; zotero_SRU6DZHE,photoinitiator_or_photosensitizer,structure_linked,global_name_key,CCCCCCN(CCCCCC)c1ccc(C#Cc2ccc(C#Cc3cc(Br)cc(C#Cc4ccc(C#Cc5ccc(N(CCCCCC)CCCCCC)cc5)cc4)c3)cc2)cc1,BMTDQZRUAQVCMM-UHFFFAOYSA-N,BMTDQZRUAQVCMM-UHFFFAOYSA-N,rdkit_sanitized,false,eligible_exact_alias
ALIAS-666bfdbb4c5377180e,MOL-ca4ef42111bb,V-Shape (paper-defined two-branched oligo(phenyleneethynylene) PI),V-Shape,vshape,global_exact_name,10.1021/acs.macromol.0c01518,ZPC-004425; zotero_SRU6DZHE,photoinitiator_or_photosensitizer,structure_linked,global_name_key,CCCCCCN(CCCCCC)c1ccc(C#Cc2ccc(C#Cc3cc(Br)cc(C#Cc4ccc(C#Cc5ccc(N(CCCCCC)CCCCCC)cc5)cc4)c3)cc2)cc1,BMTDQZRUAQVCMM-UHFFFAOYSA-N,BMTDQZRUAQVCMM-UHFFFAOYSA-N,rdkit_sanitized,false,eligible_exact_alias
ALIAS-fe2894e352728b4a21,MOL-cac56d384c4a,Oct (paper-defined three-branched oligo(phenyleneethynylene) PI),Oct (paper-defined three-branched oligo(phenyleneethynylene) PI),octpaperdefinedthreebranchedoligophenyleneethynylenepi,global_exact_name,10.1021/acs.macromol.0c01518,ZPC-004425; zotero_SRU6DZHE,photoinitiator_or_photosensitizer,structure_linked,global_name_key,CCCCCCN(CCCCCC)c1ccc(C#Cc2ccc(C#Cc3cc(C#Cc4ccc(C#Cc5ccc(N(CCCCCC)CCCCCC)cc5)cc4)cc(C#Cc4ccc(C#Cc5ccc(N(CCCCCC)CCCCCC)cc5)cc4)c3)cc2)cc1,CEUACSVYVMTHLZ-UHFFFAOYSA-N,CEUACSVYVMTHLZ-UHFFFAOYSA-N,rdkit_sanitized,false,eligible_exact_alias
ALIAS-7f6299ebac17c0706b,MOL-cac56d384c4a,Oct (paper-defined three-branched oligo(phenyleneethynylene) PI),Oct,oct,source_scoped,10.1021/acs.macromol.0c01518,ZPC-004425; zotero_SRU6DZHE,photoinitiator_or_photosensitizer,structure_linked,global_name_key,CCCCCCN(CCCCCC)c1ccc(C#Cc2ccc(C#Cc3cc(C#Cc4ccc(C#Cc5ccc(N(CCCCCC)CCCCCC)cc5)cc4)cc(C#Cc4ccc(C#Cc5ccc(N(CCCCCC)CCCCCC)cc5)cc4)c3)cc2)cc1,CEUACSVYVMTHLZ-UHFFFAOYSA-N,CEUACSVYVMTHLZ-UHFFFAOYSA-N,rdkit_sanitized,true,eligible_exact_alias
ALIAS-e8dcacce4d5bf45fc9,MOL-cb6fa95f78d1,LN1,LN1,ln1,source_scoped,10.1002/adfm.200400212,zotero_TSTS6L69,resin_or_matrix,explicit_field,global_name_key,,,,not_available,true,eligible_exact_alias
ALIAS-054909282df1de2f02,MOL-d0372dd25f52,Pol I-184,Pol I-184,poli184,global_exact_name,10.1088/1758-5082/3/2/025003,zotero_X4RTKEJL,photoinitiator_or_photosensitizer,anchor_mined,global_name_key,,,,not_available,false,eligible_exact_alias
ALIAS-4b8747159813d81b6b,MOL-d25f55a6664a,SCR-500,SCR-500,scr500,global_exact_name,10.1364/ol.22.000132,zotero_S7XPYQQM,resin_or_matrix,explicit_field,global_name_key,,,,not_available,false,eligible_exact_alias
ALIAS-431be6d146935d7f89,MOL-d95a9a7469b9,AIBN,AIBN,aibn,global_exact_name,10.1021/acs.macromol.0c01518,zotero_SRU6DZHE,photoinitiator_or_photosensitizer,anchor_mined,global_name_key,,,,not_available,true,eligible_exact_alias
ALIAS-db95bf3ebbb94a3732,MOL-dab380d0f94c,2-isopropyl-7-(thiophen-2-yl)-9H-thioxanthen-9-one,2-isopropyl-7-(thiophen-2-yl)-9H-thioxanthen-9-one,2isopropyl7thiophen2yl9hthioxanthen9one,global_exact_name,10.1021/acsapm.0c01291,ZPC-000605,photoinitiator_or_photosensitizer,structure_linked,global_name_key,CC(C)c1ccc2sc3ccc(-c4cccs4)cc3c(=O)c2c1,NUSAXPINXHBZIE-UHFFFAOYSA-N,NUSAXPINXHBZIE-UHFFFAOYSA-N,rdkit_sanitized,false,eligible_exact_alias
ALIAS-d32d4603313e4805af,MOL-dab380d0f94c,2-isopropyl-7-(thiophen-2-yl)-9H-thioxanthen-9-one,ITX-thiophene,itxthiophene,global_exact_name,10.1021/acsapm.0c01291,ZPC-000605,photoinitiator_or_photosensitizer,structure_linked,global_name_key,CC(C)c1ccc2sc3ccc(-c4cccs4)cc3c(=O)c2c1,NUSAXPINXHBZIE-UHFFFAOYSA-N,NUSAXPINXHBZIE-UHFFFAOYSA-N,rdkit_sanitized,false,eligible_exact_alias
ALIAS-e1ac21fc2b59354cdb,MOL-dbfa472730f2,TEA,TEA,tea,source_scoped,10.1016/j.eurpolymj.2020.110209,zotero_A7T5Q7PK,coinitiator_or_h_donor,anchor_mined,global_name_key,,,,not_available,true,eligible_exact_alias
ALIAS-63a1e627ef9133f044,MOL-dd8c738af57a,B3K/P3K/M3K family,B3K/P3K/M3K family,b3kp3km3kfamily,source_scoped,10.1021/ma9007785,ZPC-000028,photoinitiator_or_photosensitizer,structured_pi_label,global_name_key,,,,not_available,false,eligible_exact_alias
ALIAS-3962bcbd6fe517e44e,MOL-e5700d36b407,Benzil-Di-Methyl-Ketal (BDMK,Benzil-Di-Methyl-Ketal (BDMK,benzildimethylketalbdmk,global_exact_name,10.1364/oe.6.000064,zotero_RK5TXPZ5,photoinitiator_or_photosensitizer,explicit_field,global_name_key,,,,not_available,false,eligible_exact_alias
ALIAS-7b1c771c8b89809192,MOL-e697e0fd38cd,"4,4′-bis(diethylamino)benzophenone (DABP","4,4'-bis(diethylamino)benzophenone (DABP",44bisdiethylaminobenzophenonedabp,global_exact_name,10.1021/la803803m,zotero_H86SV53N,photoinitiator_or_photosensitizer,explicit_field,global_name_key,,,,not_available,false,eligible_exact_alias
ALIAS-7f39928d719033211a,MOL-e8ae781911fd,P3K,P3K,p3k,source_scoped,10.1021/ma9007785,ZPC-000028; zotero_XAY2YYCX,photoinitiator_or_photosensitizer,structured_pi_label,source_scoped,,,,not_available,true,eligible_exact_alias
ALIAS-8f1feb227d324c1f8c,MOL-e904186b1cdd,1:1 equiv. functional groups,1:1 equiv. functional groups,11equivfunctionalgroups,global_exact_name,10.2494/photopolymer.32.257,zotero_LVN4MHDD,photoinitiator_or_photosensitizer,formulation_identity,global_name_key,,,,not_available,false,eligible_exact_alias
ALIAS-6011c84e7bbd4369c0,MOL-ecafd58916c0,Darocur 4265,Darocur 4265,darocur4265,global_exact_name,10.1364/ome.5.000456,Harnisch2015,photoinitiator_or_photosensitizer,structured_pi_label,global_name_key,,,,not_available,false,eligible_exact_alias
ALIAS-97b2c5d2bcb4b69453,MOL-ecd478f860ee,Lucirin TPO-L / LTPO-L,Lucirin TPO-L / LTPO-L,lucirintpolltpol,global_exact_name,10.1016/j.polymer.2017.04.039,ZPC-000583,photoinitiator_or_photosensitizer,structured_pi_label,global_name_key,,,,not_available,false,eligible_exact_alias
ALIAS-44e327d60bca8cf4a5,MOL-ecd478f860ee,Lucirin TPO-L / LTPO-L,Lucirin TPO-L,lucirintpol,global_exact_name,10.1016/j.polymer.2017.04.039,ZPC-000583,photoinitiator_or_photosensitizer,structured_pi_label,global_name_key,,,,not_available,false,eligible_exact_alias
ALIAS-6cc52ac184023ab155,MOL-ecd478f860ee,Lucirin TPO-L / LTPO-L,LTPO-L,ltpol,global_exact_name,10.1016/j.polymer.2017.04.039,ZPC-000583,photoinitiator_or_photosensitizer,structured_pi_label,global_name_key,,,,not_available,false,eligible_exact_alias
ALIAS-872fddcef27cb99713,MOL-ecd478f860ee,Lucirin TPO-L / LTPO-L,TPO-L,tpol,global_exact_name,10.1016/j.polymer.2017.04.039,ZPC-000583,photoinitiator_or_photosensitizer,structured_pi_label,global_name_key,,,,not_available,true,eligible_exact_alias
ALIAS-1bf2ca473c3a003113,MOL-efa47c5e3ca3,BFC,BFC,bfc,source_scoped,10.1021/acsapm.4c00932,zotero_PJQEIM6F,photoinitiator_or_photosensitizer,anchor_mined,global_name_key,,,,not_available,true,eligible_exact_alias
ALIAS-f88b1985f7d5c0116a,MOL-efb4c0896d99,PI 2.56 wt %,PI 2.56 wt %,pi256wt,source_scoped,10.1115/1.4000097,zotero_INAWB8HL,unresolved_formulation_component,formulation_identity,global_name_key,,,,not_available,false,eligible_exact_alias
ALIAS-8af5cbb5209f5a46e0,MOL-f377db100e13,DABP,DABP,dabp,global_exact_name,10.1021/la803803m;10.1038/17989,zotero_6ZQ3VP63; zotero_H86SV53N,photoinitiator_or_photosensitizer,formulation_identity,global_name_key,,,,not_available,true,eligible_exact_alias
ALIAS-6cc743a6538a4212fc,MOL-f69aeccf5cea,AM,AM,am,source_scoped,10.1016/j.jphotochem.2009.02.007,zotero_MZLGYQTP,resin_or_matrix,formulation_identity,global_name_key,,,,not_available,true,eligible_exact_alias
ALIAS-6efed16720ecb66e88,MOL-f99610edcff3,Epotek-301 host-guest system,Epotek-301 host-guest system,epotek301hostguestsystem,global_exact_name,10.1364/oe.6.000064,zotero_RK5TXPZ5,photoinitiator_or_photosensitizer,formulation_identity,global_name_key,,,,not_available,false,eligible_exact_alias
ALIAS-73546120f328a6be60,MOL-fb122cf2977b,MDEA,MDEA,mdea,global_exact_name,10.1021/acsapm.4c00932;10.1039/d2tc00331g;10.37188/lam.2023.004,zotero_AU74BQZ6; zotero_PJQEIM6F; zotero_V8BAREKK,coinitiator_or_h_donor,anchor_mined,global_name_key,,,,not_available,true,eligible_exact_alias
ALIAS-c30a7fb84c1bd68e37,MOL-fc4b05aff974,2-benzyl-2-dimethylamino-1-(4-morpholinophenyl)butanone-1 (Irgacure 369,2-benzyl-2-dimethylamino-1-(4-morpholinophenyl)butanone-1 (Irgacure 369,2benzyl2dimethylamino14morpholinophenylbutanone1irgacure369,global_exact_name,10.1002/adfm.200400212,zotero_TSTS6L69,photoinitiator_or_photosensitizer,explicit_field,global_name_key,,,,not_available,false,eligible_exact_alias
