entity_id,paper_id,doi,source_label,canonical_name,canonical_smiles,inchikey,molecular_formula,confidence_tier,identity_status,identity_channel,source_evidence_id,source_location,rendered_page_path,source_detection_count,external_query_name,external_pubchem_cid,external_inchikey,crosscheck_basis,scientific_use_boundary
SRCENT-791296db10715a1d9a,ZPC-000021,10.1016/j.dental.2015.10.013,TTMSS,tris(trimethylsilyl)silane,C[Si](C)(C)[SiH]([Si](C)(C)C)[Si](C)(C)C,SQMFULTZZQBFBM-UHFFFAOYSA-N,C9H28Si4,A_crosschecked,independent_database_crosschecked_source_structure,strict_panel_plus_pubchem,PANELSTR-b923aa657e2dcf425c,"PDF page 9; structure bbox (1680, 289, 2039, 554); label bbox (1809, 554, 1916, 579)",LOCAL_SOURCE_ROOT_REDACTED\outputs\literature_kb_source_structure_refinement_20260906\source_pages\ZPC-000021\page_0009.png,1,tris(trimethylsilyl)silane,123134,SQMFULTZZQBFBM-UHFFFAOYSA-N,same_source_abbreviation_and_full_name,"Accepted for molecular identity linkage only; not accepted as evidence for experimental numerical values, model performance, or screening outcomes."
SRCENT-ee2bba2365c7cd81de,ZPC-004762,10.1021/acs.macromol.8b02640,benzophenone,benzophenone,O=C(c1ccccc1)c1ccccc1,RWCCWEUUXYIKHB-UHFFFAOYSA-N,C13H10O,A_crosschecked,independent_database_crosschecked_source_structure,strict_panel_plus_pubchem,PANELSTR-ab770fa798b6a6c83d,"PDF page 3; structure bbox (786, 2917, 991, 3049); label bbox (804, 3078, 974, 3102)",LOCAL_SOURCE_ROOT_REDACTED\outputs\literature_kb_source_structure_refinement_20260906\source_pages\ZPC-004762\page_0003.png,1,benzophenone,3102,RWCCWEUUXYIKHB-UHFFFAOYSA-N,exact_source_label,"Accepted for molecular identity linkage only; not accepted as evidence for experimental numerical values, model performance, or screening outcomes."
SRCENT-3f5d988f15e99eb5ab,ZPC-004762,10.1021/acs.macromol.8b02640,DDFD,13031-04-4,CC1(C)COC(=O)C1=O,HRTOQFBQOFIFEE-UHFFFAOYSA-N,C6H8O3,A_crosschecked,independent_database_crosschecked_source_structure,strict_panel_plus_pubchem,PANELSTR-59001267fa46dcff84,"PDF page 6; structure bbox (1049, 893, 1183, 1055); label bbox (1078, 1072, 1158, 1095)",LOCAL_SOURCE_ROOT_REDACTED\outputs\literature_kb_source_structure_refinement_20260906\source_pages\ZPC-004762\page_0006.png,1,13031-04-4,39,HRTOQFBQOFIFEE-UHFFFAOYSA-N,same_source_abbreviation_full_name_and_registry_number,"Accepted for molecular identity linkage only; not accepted as evidence for experimental numerical values, model performance, or screening outcomes."
SRCENT-602323f1037a13b7cb,ZPC-004762,10.1021/acs.macromol.8b02640,IC2959,Irgacure 2959,CC(C)(O)C(=O)c1ccc(OCCO)cc1,GJKGAPPUXSSCFI-UHFFFAOYSA-N,C12H16O4,A_crosschecked,independent_database_crosschecked_source_structure,strict_panel_plus_pubchem,PANELSTR-762a7135798d437d52,"PDF page 4; structure bbox (273, 1331, 700, 1506); label bbox (409, 1547, 506, 1570)",LOCAL_SOURCE_ROOT_REDACTED\outputs\literature_kb_source_structure_refinement_20260906\source_pages\ZPC-004762\page_0004.png,1,Irgacure 2959,86266,GJKGAPPUXSSCFI-UHFFFAOYSA-N,same_source_abbreviation_and_full_name,"Accepted for molecular identity linkage only; not accepted as evidence for experimental numerical values, model performance, or screening outcomes."
SRCENT-e967083bed94262c89,ZPC-005453,10.1002/admi.202202352,benzophenone,benzophenone,O=C(c1ccccc1)c1ccccc1,RWCCWEUUXYIKHB-UHFFFAOYSA-N,C13H10O,A_text_crosschecked,independent_database_crosschecked_source_text_identity,source_text_plus_pubchem,TXTID-5b8524ed29c32ea7,PDF page 3; embedded-text characters 2829-2841,LOCAL_SOURCE_ROOT_REDACTED\outputs\literature_kb_source_text_identity_recovery_20260906\source_pages\ZPC-005453\page_0003.png,0,benzophenone,3102,RWCCWEUUXYIKHB-UHFFFAOYSA-N,exact_unambiguous_common_name_in_source_plus_pubchem,"Molecular identity linkage only; not evidence for experimental values, model performance, screening outcomes, or simulation inputs."
SRCENT-b7339cc1875223a35a,ZPC-000279,10.1002/app.27668,benzophenone,benzophenone,O=C(c1ccccc1)c1ccccc1,RWCCWEUUXYIKHB-UHFFFAOYSA-N,C13H10O,A_text_crosschecked,independent_database_crosschecked_source_text_identity,source_text_plus_pubchem,TXTID-2e91062494893453,PDF page 1; embedded-text characters 3178-3190,LOCAL_SOURCE_ROOT_REDACTED\outputs\literature_kb_source_text_identity_recovery_20260906\source_pages\ZPC-000279\page_0001.png,0,benzophenone,3102,RWCCWEUUXYIKHB-UHFFFAOYSA-N,exact_unambiguous_common_name_in_source_plus_pubchem,"Molecular identity linkage only; not evidence for experimental values, model performance, screening outcomes, or simulation inputs."
SRCENT-ff345236f678a8d436,ZPC-000279,10.1002/app.27668,HBP,4-Hydroxybenzophenone,O=C(c1ccccc1)c1ccc(O)cc1,NPFYZDNDJHZQKY-UHFFFAOYSA-N,C13H10O2,A_text_crosschecked,independent_database_crosschecked_source_text_identity,source_text_plus_pubchem,TXTID-935fced7a1ba3398,PDF page 2; embedded-text characters 407-410,LOCAL_SOURCE_ROOT_REDACTED\outputs\literature_kb_source_text_identity_recovery_20260906\source_pages\ZPC-000279\page_0002.png,0,4-Hydroxybenzophenone,14347,NPFYZDNDJHZQKY-UHFFFAOYSA-N,explicit_source_local_name_expansion_plus_pubchem,"Molecular identity linkage only; not evidence for experimental values, model performance, screening outcomes, or simulation inputs."
SRCENT-14dc4550b0c4925034,ZPC-004394,10.1002/pola.28571,benzophenone,benzophenone,O=C(c1ccccc1)c1ccccc1,RWCCWEUUXYIKHB-UHFFFAOYSA-N,C13H10O,A_text_crosschecked,independent_database_crosschecked_source_text_identity,source_text_plus_pubchem,TXTID-6c0a1d6eaebe7bb0,PDF page 1; embedded-text characters 2914-2926,LOCAL_SOURCE_ROOT_REDACTED\outputs\literature_kb_source_text_identity_recovery_20260906\source_pages\ZPC-004394\page_0001.png,0,benzophenone,3102,RWCCWEUUXYIKHB-UHFFFAOYSA-N,exact_unambiguous_common_name_in_source_plus_pubchem,"Molecular identity linkage only; not evidence for experimental values, model performance, screening outcomes, or simulation inputs."
SRCENT-a20226c84e279e4512,ZPC-000021,10.1016/j.dental.2015.10.013,EDMAB,ethyl-4-dimethylaminobenzoate,CCOC(=O)c1ccc(N(C)C)cc1,FZUGPQWGEGAKET-UHFFFAOYSA-N,C11H15NO2,A_text_crosschecked,independent_database_crosschecked_source_text_identity,source_text_plus_pubchem,TXTID-b7050ad9fb7b625f,PDF page 2; embedded-text characters 734-739,LOCAL_SOURCE_ROOT_REDACTED\outputs\literature_kb_source_text_identity_recovery_20260906\source_pages\ZPC-000021\page_0002.png,0,ethyl-4-dimethylaminobenzoate,25127,FZUGPQWGEGAKET-UHFFFAOYSA-N,explicit_source_local_name_expansion_plus_pubchem,"Molecular identity linkage only; not evidence for experimental values, model performance, screening outcomes, or simulation inputs."
SRCENT-e35c563211f6a6f64d,ZPC-006106,10.1016/j.eurpolymj.2021.110293,Darocur1173,2-hydroxy-2-methylpropiophenone,CC(C)(O)C(=O)c1ccccc1,XMLYCEVDHLAQEL-UHFFFAOYSA-N,C10H12O2,A_text_crosschecked,independent_database_crosschecked_source_text_identity,source_text_plus_pubchem,TXTID-e4ac05e3cb19c56d,PDF page 2; embedded-text characters 2220-2231,LOCAL_SOURCE_ROOT_REDACTED\outputs\literature_kb_source_text_identity_recovery_20260906\source_pages\ZPC-006106\page_0002.png,0,2-hydroxy-2-methylpropiophenone,81984,XMLYCEVDHLAQEL-UHFFFAOYSA-N,explicit_source_local_name_expansion_plus_pubchem,"Molecular identity linkage only; not evidence for experimental values, model performance, screening outcomes, or simulation inputs."
SRCENT-c424c9fb41efae8f42,OA2P-000106,10.1016/j.eurpolymj.2023.111883,camphorquinone,camphorquinone,CC12CCC(C(=O)C1=O)C2(C)C,VNQXSTWCDUXYEZ-UHFFFAOYSA-N,C10H14O2,A_text_crosschecked,independent_database_crosschecked_source_text_identity,source_text_plus_pubchem,TXTID-877af16027494f2c,PDF page 10; embedded-text characters 1859-1873,LOCAL_SOURCE_ROOT_REDACTED\outputs\literature_kb_source_text_identity_recovery_20260906\source_pages\OA2P-000106\page_0010.png,0,camphorquinone,25208,VNQXSTWCDUXYEZ-UHFFFAOYSA-N,exact_unambiguous_common_name_in_source_plus_pubchem,"Molecular identity linkage only; not evidence for experimental values, model performance, screening outcomes, or simulation inputs."
SRCENT-19dfb513ff81876879,ZPC-003710,10.1016/j.jphotochem.2020.112844,camphorquinone,camphorquinone,CC12CCC(C(=O)C1=O)C2(C)C,VNQXSTWCDUXYEZ-UHFFFAOYSA-N,C10H14O2,A_text_crosschecked,independent_database_crosschecked_source_text_identity,source_text_plus_pubchem,TXTID-0c76178dae92d086,PDF page 1; embedded-text characters 1636-1650,LOCAL_SOURCE_ROOT_REDACTED\outputs\literature_kb_source_text_identity_recovery_20260906\source_pages\ZPC-003710\page_0001.png,0,camphorquinone,25208,VNQXSTWCDUXYEZ-UHFFFAOYSA-N,exact_unambiguous_common_name_in_source_plus_pubchem,"Molecular identity linkage only; not evidence for experimental values, model performance, screening outcomes, or simulation inputs."
SRCENT-aa7a9f16af2f0af37f,ZPC-000304,10.1016/j.porgcoat.2018.05.008,Darocur 184,1-Hydroxycyclohexyl phenyl ketone,O=C(c1ccccc1)C1(O)CCCCC1,QNODIIQQMGDSEF-UHFFFAOYSA-N,C13H16O2,A_text_crosschecked,independent_database_crosschecked_source_text_identity,source_text_plus_pubchem,TXTID-9d0923dc97216fe3,PDF page 2; embedded-text characters 427-438,LOCAL_SOURCE_ROOT_REDACTED\outputs\literature_kb_source_text_identity_recovery_20260906\source_pages\ZPC-000304\page_0002.png,0,1-Hydroxycyclohexyl phenyl ketone,70355,QNODIIQQMGDSEF-UHFFFAOYSA-N,explicit_source_local_name_expansion_plus_pubchem,"Molecular identity linkage only; not evidence for experimental values, model performance, screening outcomes, or simulation inputs."
SRCENT-980eff1ece9f559747,ZPC-000304,10.1016/j.porgcoat.2018.05.008,Darocur 651,Benzil dimethyl ketal,COC(OC)(C(=O)c1ccccc1)c1ccccc1,KWVGIHKZDCUPEU-UHFFFAOYSA-N,C16H16O3,A_text_crosschecked,independent_database_crosschecked_source_text_identity,source_text_plus_pubchem,TXTID-ba4b83f9d043779b,PDF page 2; embedded-text characters 472-483,LOCAL_SOURCE_ROOT_REDACTED\outputs\literature_kb_source_text_identity_recovery_20260906\source_pages\ZPC-000304\page_0002.png,0,Benzil dimethyl ketal,90571,KWVGIHKZDCUPEU-UHFFFAOYSA-N,explicit_source_local_name_expansion_plus_pubchem,"Molecular identity linkage only; not evidence for experimental values, model performance, screening outcomes, or simulation inputs."
SRCENT-60ad136656e7ed0d46,ZPC-005973,10.1016/j.porgcoat.2021.106214,thioxanthone,thioxanthone,O=c1c2ccccc2sc2ccccc12,YRHRIQCWCFGUEQ-UHFFFAOYSA-N,C13H8OS,A_text_crosschecked,independent_database_crosschecked_source_text_identity,source_text_plus_pubchem,TXTID-008a6f5c289244dc,PDF page 1; embedded-text characters 3308-3320,LOCAL_SOURCE_ROOT_REDACTED\outputs\literature_kb_source_text_identity_recovery_20260906\source_pages\ZPC-005973\page_0001.png,0,thioxanthone,10295,YRHRIQCWCFGUEQ-UHFFFAOYSA-N,exact_unambiguous_common_name_in_source_plus_pubchem,"Molecular identity linkage only; not evidence for experimental values, model performance, screening outcomes, or simulation inputs."
SRCENT-adbaaf2183a501cf1e,ZPC-005497,10.1016/j.progpolymsci.2020.101277,camphorquinone,camphorquinone,CC12CCC(C(=O)C1=O)C2(C)C,VNQXSTWCDUXYEZ-UHFFFAOYSA-N,C10H14O2,A_text_crosschecked,independent_database_crosschecked_source_text_identity,source_text_plus_pubchem,TXTID-92aec80c6adf1837,PDF page 5; embedded-text characters 1472-1486,LOCAL_SOURCE_ROOT_REDACTED\outputs\literature_kb_source_text_identity_recovery_20260906\source_pages\ZPC-005497\page_0005.png,0,camphorquinone,25208,VNQXSTWCDUXYEZ-UHFFFAOYSA-N,exact_unambiguous_common_name_in_source_plus_pubchem,"Molecular identity linkage only; not evidence for experimental values, model performance, screening outcomes, or simulation inputs."
SRCENT-ff6e693086a48c5b4a,ZPC-005497,10.1016/j.progpolymsci.2020.101277,thioxanthone,thioxanthone,O=c1c2ccccc2sc2ccccc12,YRHRIQCWCFGUEQ-UHFFFAOYSA-N,C13H8OS,A_text_crosschecked,independent_database_crosschecked_source_text_identity,source_text_plus_pubchem,TXTID-dba9b8d8c27550f2,PDF page 8; embedded-text characters 2319-2331,LOCAL_SOURCE_ROOT_REDACTED\outputs\literature_kb_source_text_identity_recovery_20260906\source_pages\ZPC-005497\page_0008.png,0,thioxanthone,10295,YRHRIQCWCFGUEQ-UHFFFAOYSA-N,exact_unambiguous_common_name_in_source_plus_pubchem,"Molecular identity linkage only; not evidence for experimental values, model performance, screening outcomes, or simulation inputs."
SRCENT-ffecb74a0899ec6fec,ZPC-001606,10.1021/acs.macromol.1c00761,benzophenone,benzophenone,O=C(c1ccccc1)c1ccccc1,RWCCWEUUXYIKHB-UHFFFAOYSA-N,C13H10O,A_text_crosschecked,independent_database_crosschecked_source_text_identity,source_text_plus_pubchem,TXTID-5ce672d5613d98e2,PDF page 4; embedded-text characters 1879-1891,LOCAL_SOURCE_ROOT_REDACTED\outputs\literature_kb_source_text_identity_recovery_20260906\source_pages\ZPC-001606\page_0004.png,0,benzophenone,3102,RWCCWEUUXYIKHB-UHFFFAOYSA-N,exact_unambiguous_common_name_in_source_plus_pubchem,"Molecular identity linkage only; not evidence for experimental values, model performance, screening outcomes, or simulation inputs."
SRCENT-2bc07af501282a7369,ZPC-001606,10.1021/acs.macromol.1c00761,camphorquinone,camphorquinone,CC12CCC(C(=O)C1=O)C2(C)C,VNQXSTWCDUXYEZ-UHFFFAOYSA-N,C10H14O2,A_text_crosschecked,independent_database_crosschecked_source_text_identity,source_text_plus_pubchem,TXTID-9eb25a21bfbd2973,PDF page 4; embedded-text characters 5022-5036,LOCAL_SOURCE_ROOT_REDACTED\outputs\literature_kb_source_text_identity_recovery_20260906\source_pages\ZPC-001606\page_0004.png,0,camphorquinone,25208,VNQXSTWCDUXYEZ-UHFFFAOYSA-N,exact_unambiguous_common_name_in_source_plus_pubchem,"Molecular identity linkage only; not evidence for experimental values, model performance, screening outcomes, or simulation inputs."
SRCENT-f394e00e68fa688bb6,ZPC-001606,10.1021/acs.macromol.1c00761,thioxanthone,thioxanthone,O=c1c2ccccc2sc2ccccc12,YRHRIQCWCFGUEQ-UHFFFAOYSA-N,C13H8OS,A_text_crosschecked,independent_database_crosschecked_source_text_identity,source_text_plus_pubchem,TXTID-c7a3df7559f192cd,PDF page 4; embedded-text characters 1909-1921,LOCAL_SOURCE_ROOT_REDACTED\outputs\literature_kb_source_text_identity_recovery_20260906\source_pages\ZPC-001606\page_0004.png,0,thioxanthone,10295,YRHRIQCWCFGUEQ-UHFFFAOYSA-N,exact_unambiguous_common_name_in_source_plus_pubchem,"Molecular identity linkage only; not evidence for experimental values, model performance, screening outcomes, or simulation inputs."
SRCENT-441e8995fec6cb3ac9,zotero_B6B7CEZ3,10.1021/acsapm.0c01291,thioxanthone,thioxanthone,O=c1c2ccccc2sc2ccccc12,YRHRIQCWCFGUEQ-UHFFFAOYSA-N,C13H8OS,A_text_crosschecked,independent_database_crosschecked_source_text_identity,source_text_plus_pubchem,TXTID-d9ff231ac508d288,PDF page 10; embedded-text characters 417-429,LOCAL_SOURCE_ROOT_REDACTED\outputs\literature_kb_source_text_identity_recovery_20260906\source_pages\zotero_B6B7CEZ3\page_0010.png,0,thioxanthone,10295,YRHRIQCWCFGUEQ-UHFFFAOYSA-N,exact_unambiguous_common_name_in_source_plus_pubchem,"Molecular identity linkage only; not evidence for experimental values, model performance, screening outcomes, or simulation inputs."
SRCENT-55efe70bc7aaa04397,zotero_PJQEIM6F,10.1021/acsapm.4c00932,benzophenone,benzophenone,O=C(c1ccccc1)c1ccccc1,RWCCWEUUXYIKHB-UHFFFAOYSA-N,C13H10O,A_text_crosschecked,independent_database_crosschecked_source_text_identity,source_text_plus_pubchem,TXTID-b9fe32597fed8634,PDF page 1; embedded-text characters 3011-3023,LOCAL_SOURCE_ROOT_REDACTED\outputs\literature_kb_source_text_identity_recovery_20260906\source_pages\zotero_PJQEIM6F\page_0001.png,0,benzophenone,3102,RWCCWEUUXYIKHB-UHFFFAOYSA-N,exact_unambiguous_common_name_in_source_plus_pubchem,"Molecular identity linkage only; not evidence for experimental values, model performance, screening outcomes, or simulation inputs."
SRCENT-f27d56ceabfdb6d312,ZPC-000012,10.1021/acsmacrolett.7b00499,benzophenone,benzophenone,O=C(c1ccccc1)c1ccccc1,RWCCWEUUXYIKHB-UHFFFAOYSA-N,C13H10O,A_text_crosschecked,independent_database_crosschecked_source_text_identity,source_text_plus_pubchem,TXTID-57b91883eb8c80ae,PDF page 1; embedded-text characters 3005-3017,LOCAL_SOURCE_ROOT_REDACTED\outputs\literature_kb_source_text_identity_recovery_20260906\source_pages\ZPC-000012\page_0001.png,0,benzophenone,3102,RWCCWEUUXYIKHB-UHFFFAOYSA-N,exact_unambiguous_common_name_in_source_plus_pubchem,"Molecular identity linkage only; not evidence for experimental values, model performance, screening outcomes, or simulation inputs."
SRCENT-21700b578a5474d009,ZPC-006011,10.1021/ma500612x,benzophenone,benzophenone,O=C(c1ccccc1)c1ccccc1,RWCCWEUUXYIKHB-UHFFFAOYSA-N,C13H10O,A_text_crosschecked,independent_database_crosschecked_source_text_identity,source_text_plus_pubchem,TXTID-8009ba11d6665d63,PDF page 1; embedded-text characters 2316-2328,LOCAL_SOURCE_ROOT_REDACTED\outputs\literature_kb_source_text_identity_recovery_20260906\source_pages\ZPC-006011\page_0001.png,0,benzophenone,3102,RWCCWEUUXYIKHB-UHFFFAOYSA-N,exact_unambiguous_common_name_in_source_plus_pubchem,"Molecular identity linkage only; not evidence for experimental values, model performance, screening outcomes, or simulation inputs."
SRCENT-c6573ab8ebe3654d8f,ZPC-002625,10.1021/ma5006793,camphorquinone,camphorquinone,CC12CCC(C(=O)C1=O)C2(C)C,VNQXSTWCDUXYEZ-UHFFFAOYSA-N,C10H14O2,A_text_crosschecked,independent_database_crosschecked_source_text_identity,source_text_plus_pubchem,TXTID-15124fa86509f95b,PDF page 1; embedded-text characters 4295-4309,LOCAL_SOURCE_ROOT_REDACTED\outputs\literature_kb_source_text_identity_recovery_20260906\source_pages\ZPC-002625\page_0001.png,0,camphorquinone,25208,VNQXSTWCDUXYEZ-UHFFFAOYSA-N,exact_unambiguous_common_name_in_source_plus_pubchem,"Molecular identity linkage only; not evidence for experimental values, model performance, screening outcomes, or simulation inputs."
SRCENT-660ebad909577b4346,zotero_XAY2YYCX,10.1021/ma9007785,benzophenone,benzophenone,O=C(c1ccccc1)c1ccccc1,RWCCWEUUXYIKHB-UHFFFAOYSA-N,C13H10O,A_text_crosschecked,independent_database_crosschecked_source_text_identity,source_text_plus_pubchem,TXTID-7d786e78fcc6c9f6,PDF page 6; embedded-text characters 1363-1375,LOCAL_SOURCE_ROOT_REDACTED\outputs\literature_kb_source_text_identity_recovery_20260906\source_pages\zotero_XAY2YYCX\page_0006.png,0,benzophenone,3102,RWCCWEUUXYIKHB-UHFFFAOYSA-N,exact_unambiguous_common_name_in_source_plus_pubchem,"Molecular identity linkage only; not evidence for experimental values, model performance, screening outcomes, or simulation inputs."
SRCENT-0d4562c4e63a81d0b5,ZPC-005809,10.1021/ma900887h,benzophenone,benzophenone,O=C(c1ccccc1)c1ccccc1,RWCCWEUUXYIKHB-UHFFFAOYSA-N,C13H10O,A_text_crosschecked,independent_database_crosschecked_source_text_identity,source_text_plus_pubchem,TXTID-1d63fbf1e400138b,PDF page 1; embedded-text characters 1675-1687,LOCAL_SOURCE_ROOT_REDACTED\outputs\literature_kb_source_text_identity_recovery_20260906\source_pages\ZPC-005809\page_0001.png,0,benzophenone,3102,RWCCWEUUXYIKHB-UHFFFAOYSA-N,exact_unambiguous_common_name_in_source_plus_pubchem,"Molecular identity linkage only; not evidence for experimental values, model performance, screening outcomes, or simulation inputs."
SRCENT-56af512470e500b83e,ZPC-000052,10.1038/17989,benzophenone,benzophenone,O=C(c1ccccc1)c1ccccc1,RWCCWEUUXYIKHB-UHFFFAOYSA-N,C13H10O,A_text_crosschecked,independent_database_crosschecked_source_text_identity,source_text_plus_pubchem,TXTID-d64d4847be33d6ea,PDF page 2; embedded-text characters 4351-4363,LOCAL_SOURCE_ROOT_REDACTED\outputs\literature_kb_source_text_identity_recovery_20260906\source_pages\ZPC-000052\page_0002.png,0,benzophenone,3102,RWCCWEUUXYIKHB-UHFFFAOYSA-N,exact_unambiguous_common_name_in_source_plus_pubchem,"Molecular identity linkage only; not evidence for experimental values, model performance, screening outcomes, or simulation inputs."
SRCENT-4e1bd912da615cd61a,ZPC-001953,10.1038/s41598-017-17391-1,Irgacure 2959,1-[4-(2-hydroxyethoxy)-phenyl]- 2-hydroxy-2-methyl-1-propane-1-one,CC(C)(O)C(=O)c1ccc(OCCO)cc1,GJKGAPPUXSSCFI-UHFFFAOYSA-N,C12H16O4,A_text_crosschecked,independent_database_crosschecked_source_text_identity,source_text_plus_pubchem,TXTID-2c7ab39b24322f19,PDF page 6; embedded-text characters 3653-3666,LOCAL_SOURCE_ROOT_REDACTED\outputs\literature_kb_source_text_identity_recovery_20260906\source_pages\ZPC-001953\page_0006.png,0,1-[4-(2-hydroxyethoxy)-phenyl]- 2-hydroxy-2-methyl-1-propane-1-one,86266,GJKGAPPUXSSCFI-UHFFFAOYSA-N,explicit_source_local_name_expansion_plus_pubchem,"Molecular identity linkage only; not evidence for experimental values, model performance, screening outcomes, or simulation inputs."
SRCENT-e680f9cca3dca8eeaa,ZPC-000711,10.1039/c9py01819k,camphorquinone,camphorquinone,CC12CCC(C(=O)C1=O)C2(C)C,VNQXSTWCDUXYEZ-UHFFFAOYSA-N,C10H14O2,A_text_crosschecked,independent_database_crosschecked_source_text_identity,source_text_plus_pubchem,TXTID-262eccde8a5b0d43,PDF page 2; embedded-text characters 2358-2372,LOCAL_SOURCE_ROOT_REDACTED\outputs\literature_kb_source_text_identity_recovery_20260906\source_pages\ZPC-000711\page_0002.png,0,camphorquinone,25208,VNQXSTWCDUXYEZ-UHFFFAOYSA-N,exact_unambiguous_common_name_in_source_plus_pubchem,"Molecular identity linkage only; not evidence for experimental values, model performance, screening outcomes, or simulation inputs."
SRCENT-9ca189575d9369b112,ZPC-004826,10.1117/12.634627,camphorquinone,camphorquinone,CC12CCC(C(=O)C1=O)C2(C)C,VNQXSTWCDUXYEZ-UHFFFAOYSA-N,C10H14O2,A_text_crosschecked,independent_database_crosschecked_source_text_identity,source_text_plus_pubchem,TXTID-2fe7e6871c81c0ab,PDF page 1; embedded-text characters 413-427,LOCAL_SOURCE_ROOT_REDACTED\outputs\literature_kb_source_text_identity_recovery_20260906\source_pages\ZPC-004826\page_0001.png,0,camphorquinone,25208,VNQXSTWCDUXYEZ-UHFFFAOYSA-N,exact_unambiguous_common_name_in_source_plus_pubchem,"Molecular identity linkage only; not evidence for experimental values, model performance, screening outcomes, or simulation inputs."
SRCENT-36fddb71483439dfd5,zotero_AU74BQZ6,10.37188/lam.2023.004,camphorquinone,camphorquinone,CC12CCC(C(=O)C1=O)C2(C)C,VNQXSTWCDUXYEZ-UHFFFAOYSA-N,C10H14O2,A_text_crosschecked,independent_database_crosschecked_source_text_identity,source_text_plus_pubchem,TXTID-eeae806c0224cfc9,PDF page 11; embedded-text characters 6001-6015,LOCAL_SOURCE_ROOT_REDACTED\outputs\literature_kb_source_text_identity_recovery_20260906\source_pages\zotero_AU74BQZ6\page_0011.png,0,camphorquinone,25208,VNQXSTWCDUXYEZ-UHFFFAOYSA-N,exact_unambiguous_common_name_in_source_plus_pubchem,"Molecular identity linkage only; not evidence for experimental values, model performance, screening outcomes, or simulation inputs."
SRCENT-90e15f63df794f3e59,ZPC-000031,10.1021/acs.macromol.7b00089,OXE01,OXE01,CCCCCC/C(=N\OC(=O)c1ccccc1)C(=O)c1ccc(Sc2ccccc2)cc1,LOCXTTRLSIDGPS-AZPGRJICSA-N,C27H27NO3S,A_auto,automatic_closed_repeated_strict_panel_structure,repeated_strict_source_panels,PANELSTR-7b9c0621998444d068,"PDF page 4; structure bbox (981, 310, 1432, 588); label bbox (1147, 559, 1237, 581) | PDF page 5; structure bbox (884, 419, 1276, 659); label bbox (1029, 636, 1106, 655) | PDF page 7; structure bbox (415, 332, 811, 572); label bbox (571, 531, 649, 551)",outputs\literature_kb_source_structure_refinement_batch2_20260906\source_pages\ZPC-000031\page_0004.png,3,,,,at_least_two_independent_strict_panel_detections_agree,"Molecular identity linkage only; not evidence for experimental numerical values, model performance, screening outcomes, or simulation inputs."
SRCENT-65ab6786346f1710f2,zotero_4UUBRRGP,10.1002/adfm.201203880,Irgacure 2959,1-[4-(2-hydroxyethoxy)-phenyl]- 2-hydroxy-2-methyl-1-propane-1-one,CC(C)(O)C(=O)c1ccc(OCCO)cc1,GJKGAPPUXSSCFI-UHFFFAOYSA-N,C12H16O4,A_alias_consensus,cross_source_trade_name_consensus_accepted,cross_source_trade_name_consensus,TXTID-693f1c1e57166039,PDF page 4; embedded-text characters 4757-4770,LOCAL_SOURCE_ROOT_REDACTED\outputs\literature_kb_trade_name_consensus_20260906\target_source_pages\zotero_4UUBRRGP\page_0004.png,0,Irgacure 2959,86266,GJKGAPPUXSSCFI-UHFFFAOYSA-N,independent_source_text_definition_and_source_panel_agree_on_inchikey_plus_exact_pubchem_synonym,"Molecular identity linkage only; not numerical evidence, a training label, an external-test observation, a screening decision, or a COMSOL input."
SRCENT-a5516e3e1ded6213ae,ZPC-005476,10.1016/j.actbio.2010.10.023,Irgacure 2959,1-[4-(2-hydroxyethoxy)-phenyl]- 2-hydroxy-2-methyl-1-propane-1-one,CC(C)(O)C(=O)c1ccc(OCCO)cc1,GJKGAPPUXSSCFI-UHFFFAOYSA-N,C12H16O4,A_alias_consensus,cross_source_trade_name_consensus_accepted,cross_source_trade_name_consensus,TXTID-327a919d23be728b,PDF page 2; embedded-text characters 6003-6016,LOCAL_SOURCE_ROOT_REDACTED\outputs\literature_kb_trade_name_consensus_20260906\target_source_pages\ZPC-005476\page_0002.png,0,Irgacure 2959,86266,GJKGAPPUXSSCFI-UHFFFAOYSA-N,independent_source_text_definition_and_source_panel_agree_on_inchikey_plus_exact_pubchem_synonym,"Molecular identity linkage only; not numerical evidence, a training label, an external-test observation, a screening decision, or a COMSOL input."
SRCENT-d3e423d688210b2c32,zotero_2SCTZD9L,10.1016/j.dyepig.2017.02.040,Irgacure 2959,1-[4-(2-hydroxyethoxy)-phenyl]- 2-hydroxy-2-methyl-1-propane-1-one,CC(C)(O)C(=O)c1ccc(OCCO)cc1,GJKGAPPUXSSCFI-UHFFFAOYSA-N,C12H16O4,A_alias_consensus,cross_source_trade_name_consensus_accepted,cross_source_trade_name_consensus,TXTID-5704ddfc2c62d6cb,PDF page 5; embedded-text characters 1045-1058,LOCAL_SOURCE_ROOT_REDACTED\outputs\literature_kb_trade_name_consensus_20260906\target_source_pages\zotero_2SCTZD9L\page_0005.png,0,Irgacure 2959,86266,GJKGAPPUXSSCFI-UHFFFAOYSA-N,independent_source_text_definition_and_source_panel_agree_on_inchikey_plus_exact_pubchem_synonym,"Molecular identity linkage only; not numerical evidence, a training label, an external-test observation, a screening decision, or a COMSOL input."
SRCENT-3c5f5ba01047b3e87a,ZPC-005973,10.1016/j.porgcoat.2021.106214,Irgacure 2959,1-[4-(2-hydroxyethoxy)-phenyl]- 2-hydroxy-2-methyl-1-propane-1-one,CC(C)(O)C(=O)c1ccc(OCCO)cc1,GJKGAPPUXSSCFI-UHFFFAOYSA-N,C12H16O4,A_alias_consensus,cross_source_trade_name_consensus_accepted,cross_source_trade_name_consensus,TXTID-da426e9b89335aa4,PDF page 1; embedded-text characters 1082-1095,LOCAL_SOURCE_ROOT_REDACTED\outputs\literature_kb_trade_name_consensus_20260906\target_source_pages\ZPC-005973\page_0001.png,0,Irgacure 2959,86266,GJKGAPPUXSSCFI-UHFFFAOYSA-N,independent_source_text_definition_and_source_panel_agree_on_inchikey_plus_exact_pubchem_synonym,"Molecular identity linkage only; not numerical evidence, a training label, an external-test observation, a screening decision, or a COMSOL input."
SRCENT-be3fe956762ec2104e,ZPC-004762,10.1021/acs.macromol.8b02640,Irgacure 2959,1-[4-(2-hydroxyethoxy)-phenyl]- 2-hydroxy-2-methyl-1-propane-1-one,CC(C)(O)C(=O)c1ccc(OCCO)cc1,GJKGAPPUXSSCFI-UHFFFAOYSA-N,C12H16O4,A_alias_consensus,cross_source_trade_name_consensus_accepted,cross_source_trade_name_consensus,TXTID-2f26e7655ad39ba7,PDF page 7; embedded-text characters 546-559,LOCAL_SOURCE_ROOT_REDACTED\outputs\literature_kb_trade_name_consensus_20260906\target_source_pages\ZPC-004762\page_0007.png,0,Irgacure 2959,86266,GJKGAPPUXSSCFI-UHFFFAOYSA-N,independent_source_text_definition_and_source_panel_agree_on_inchikey_plus_exact_pubchem_synonym,"Molecular identity linkage only; not numerical evidence, a training label, an external-test observation, a screening decision, or a COMSOL input."
SRCENT-d2772a0ff64f2edf22,zotero_RZAZ6SD2,10.1021/acsami.8b15011,Irgacure 2959,1-[4-(2-hydroxyethoxy)-phenyl]- 2-hydroxy-2-methyl-1-propane-1-one,CC(C)(O)C(=O)c1ccc(OCCO)cc1,GJKGAPPUXSSCFI-UHFFFAOYSA-N,C12H16O4,A_alias_consensus,cross_source_trade_name_consensus_accepted,cross_source_trade_name_consensus,TXTID-487f816beee5af43,PDF page 2; embedded-text characters 478-491,LOCAL_SOURCE_ROOT_REDACTED\outputs\literature_kb_trade_name_consensus_20260906\target_source_pages\zotero_RZAZ6SD2\page_0002.png,0,Irgacure 2959,86266,GJKGAPPUXSSCFI-UHFFFAOYSA-N,independent_source_text_definition_and_source_panel_agree_on_inchikey_plus_exact_pubchem_synonym,"Molecular identity linkage only; not numerical evidence, a training label, an external-test observation, a screening decision, or a COMSOL input."
SRCENT-fa9bbe2d54cf045c32,ZPC-002032,10.1039/c6py01787h,Irgacure 2959,1-[4-(2-hydroxyethoxy)-phenyl]- 2-hydroxy-2-methyl-1-propane-1-one,CC(C)(O)C(=O)c1ccc(OCCO)cc1,GJKGAPPUXSSCFI-UHFFFAOYSA-N,C12H16O4,A_alias_consensus,cross_source_trade_name_consensus_accepted,cross_source_trade_name_consensus,TXTID-d1e3065c9513ed29,PDF page 1; embedded-text characters 3842-3855,LOCAL_SOURCE_ROOT_REDACTED\outputs\literature_kb_trade_name_consensus_20260906\target_source_pages\ZPC-002032\page_0001.png,0,Irgacure 2959,86266,GJKGAPPUXSSCFI-UHFFFAOYSA-N,independent_source_text_definition_and_source_panel_agree_on_inchikey_plus_exact_pubchem_synonym,"Molecular identity linkage only; not numerical evidence, a training label, an external-test observation, a screening decision, or a COMSOL input."
SRCENT-bb0ca9cb66ec422732,ZPC-002300,10.1088/1758-5082/3/2/025003,Irgacure 2959,1-[4-(2-hydroxyethoxy)-phenyl]- 2-hydroxy-2-methyl-1-propane-1-one,CC(C)(O)C(=O)c1ccc(OCCO)cc1,GJKGAPPUXSSCFI-UHFFFAOYSA-N,C12H16O4,A_alias_consensus,cross_source_trade_name_consensus_accepted,cross_source_trade_name_consensus,TXTID-8134ab60b946bfd4,PDF page 7; embedded-text characters 1935-1948,LOCAL_SOURCE_ROOT_REDACTED\outputs\literature_kb_trade_name_consensus_20260906\target_source_pages\ZPC-002300\page_0007.png,0,Irgacure 2959,86266,GJKGAPPUXSSCFI-UHFFFAOYSA-N,independent_source_text_definition_and_source_panel_agree_on_inchikey_plus_exact_pubchem_synonym,"Molecular identity linkage only; not numerical evidence, a training label, an external-test observation, a screening decision, or a COMSOL input."
SRCENT-e06f67ba5177f4133a,zotero_DV89B7W8,10.2217/rme.13.60,Irgacure 2959,1-[4-(2-hydroxyethoxy)-phenyl]- 2-hydroxy-2-methyl-1-propane-1-one,CC(C)(O)C(=O)c1ccc(OCCO)cc1,GJKGAPPUXSSCFI-UHFFFAOYSA-N,C12H16O4,A_alias_consensus,cross_source_trade_name_consensus_accepted,cross_source_trade_name_consensus,TXTID-b785af2d497559ca,PDF page 2; embedded-text characters 1887-1900,LOCAL_SOURCE_ROOT_REDACTED\outputs\literature_kb_trade_name_consensus_20260906\target_source_pages\zotero_DV89B7W8\page_0002.png,0,Irgacure 2959,86266,GJKGAPPUXSSCFI-UHFFFAOYSA-N,independent_source_text_definition_and_source_panel_agree_on_inchikey_plus_exact_pubchem_synonym,"Molecular identity linkage only; not numerical evidence, a training label, an external-test observation, a screening decision, or a COMSOL input."
SRCENT-973108374789b87a33,ZPC-000285,10.1016/j.porgcoat.2020.105546,Irgacure 184,1-hydroxycyclohexyl phenyl ketone,O=C(c1ccccc1)C1(O)CCCCC1,QNODIIQQMGDSEF-UHFFFAOYSA-N,C13H16O2,A_text_crosschecked,independent_database_crosschecked_source_text_identity,source_text_plus_pubchem,TXTID-88a0818aa46c3594,PDF page 1; embedded-text characters 962-974,LOCAL_SOURCE_ROOT_REDACTED\outputs\literature_kb_source_text_identity_recovery_v2_20260906\source_pages\ZPC-000285\page_0001.png,0,1-hydroxycyclohexyl phenyl ketone,70355,QNODIIQQMGDSEF-UHFFFAOYSA-N,explicit_source_local_name_expansion_plus_pubchem,"Molecular identity linkage only; not evidence for experimental values, model performance, screening outcomes, or simulation inputs."
SRCENT-a2860888650142aad6,ZPC-000336,10.2478/bf02475199,MBDPPO,p–Methoxybenzoyldiphenylphosphine oxide,COc1ccc(C(=O)P(=O)(c2ccccc2)c2ccccc2)cc1,DIJAKAWXMZJVED-UHFFFAOYSA-N,C20H17O3P,A_text_crosschecked,independent_database_crosschecked_source_text_identity,source_text_plus_pubchem,TXTID-a3a12b7381eab2fb,PDF page 2; embedded-text characters 2198-2204,LOCAL_SOURCE_ROOT_REDACTED\outputs\literature_kb_source_text_identity_recovery_v2_20260906\source_pages\ZPC-000336\page_0002.png,0,p–Methoxybenzoyldiphenylphosphine oxide,13140097,DIJAKAWXMZJVED-UHFFFAOYSA-N,explicit_source_local_name_expansion_plus_pubchem,"Molecular identity linkage only; not evidence for experimental values, model performance, screening outcomes, or simulation inputs."
SRCENT-80c712f7d0da19bffb,ZPC-005897,10.1016/j.indcrop.2020.113210,TPOL,"Ethyl (2,4,6-trimethylbenzoyl)phenylphosphinate",CCOP(=O)(C(=O)c1c(C)cc(C)cc1C)c1ccccc1,ZMDDERVSCYEKPQ-UHFFFAOYSA-N,C18H21O3P,A_multichannel,accepted_multichannel_source_local_identity,source_text_pubchem_and_three_scale_panel,PANELSTR-ebd93ecb5a043bee4b,"PDF page 2; structure bbox (1119, 746, 1529, 1002); label bbox (1278, 1039, 1376, 1067)",outputs\literature_kb_numbered_structure_refinement_dpi400_20260906\source_pages\ZPC-005897\page_0002.png,3,"Ethyl (2,4,6-thimethylbenzoyl) phenyl phosphinate",16205480,ZMDDERVSCYEKPQ-UHFFFAOYSA-N,three_render_scales_agree_plus_source_text_pubchem_identity_agreement_with_documented_source_typo,"Identity linkage only; this decision does not create or validate numerical evidence, model labels, external-validation observations, screening decisions, or COMSOL inputs."
SRCENT-c7042e75693311d76b,ZPC-005397,10.1002/app.37691,Darocur 1173,"2,2-Dimethyl-2-hydroxyacetophenone",CC(C)(O)C(=O)c1ccccc1,XMLYCEVDHLAQEL-UHFFFAOYSA-N,C10H12O2,A_multichannel,accepted_multichannel_source_local_identity,source_text_pubchem_and_three_scale_panel,PANELSTR-3eedaa65231aa3020d,"PDF page 2; structure bbox (329, 301, 605, 616); label bbox (349, 629, 534, 653)",outputs\literature_kb_named_structure_refinement_batch1_20260906\source_pages\ZPC-005397\page_0002.png,3,"2,2-Dimethyl-2-hydroxyacetophenone",81984,XMLYCEVDHLAQEL-UHFFFAOYSA-N,all_registered_render_scales_agree_plus_explicit_source_text_pubchem_identity_agreement,"Identity linkage only; this decision does not create or validate numerical evidence, model labels, external-validation observations, screening decisions, or COMSOL inputs."
SRCENT-150ae3be5ccf651755,ZPC-000304,10.1016/j.porgcoat.2018.05.008,Darocur 1173,2-Hydroxy-2-methyl-phenylpropane-1-one,CC(C)(O)C(=O)c1ccccc1,XMLYCEVDHLAQEL-UHFFFAOYSA-N,C10H12O2,A_multichannel,accepted_source_text_pubchem_and_three_scale_component_structure,source_text_pubchem_multiresolution_component_structure,PANELSTR-1a5488e44d0cc47dae;PANELSTR-8e64c1e92a79fbf85c;PANELSTR-f5640bb421e69d1eb6,"PDF page 3; structure bbox (514, 1524, 682, 1705); label bbox (691, 1575, 844, 1598);PDF page 3; structure bbox (632, 1875, 839, 2099); label bbox (851, 1938, 1038, 1967);PDF page 3; structure bbox (790, 2344, 1048, 2621); label bbox (1063, 2422, 1298, 2458)",outputs\literature_kb_adjacent_component_recovery_20260906\scale_260\source_pages\ZPC-000304\page_0003.png;outputs\literature_kb_numbered_structure_refinement_20260906\source_pages\ZPC-000304\page_0003.png;outputs\literature_kb_text_identity_structure_batch_20260906\source_pages\ZPC-000304\page_0003.png,3,2-Hydroxy-2-methyl-phenylpropane-1-one,81984,XMLYCEVDHLAQEL-UHFFFAOYSA-N,source_text_pubchem_plus_three_scale_label_guided_component_reidentification,"Identity linkage only; this decision does not create or validate numerical evidence, model labels, external-validation observations, screening decisions, or COMSOL inputs."
SRCENT-0946feac5d870464b5,ZPC-003545,10.1142/s0218863514500489,thioxanthone,2-isopropyl-9H-thioxanthen-9-one,CC(C)c1ccc2sc3ccccc3c(=O)c2c1,KTALPKYXQZGAEG-UHFFFAOYSA-N,C16H14OS,A_contextual_name_structure,accepted_contextual_fullname_identity,source_context_fullname_plus_frozen_structure_anchor,TXTID-1ec03185fa4f0cc6;TXTID-c13a7a345426dd80,PDF page 1; embedded-text characters 855-867;PDF page 2; embedded-text characters 2532-2544,outputs\literature_kb_fullname_identity_recovery_20260906\source_pages\ZPC-003545\page_0001.png;outputs\literature_kb_fullname_identity_recovery_20260906\source_pages\ZPC-003545\page_0002.png,2,2-isopropyl-9H-thioxanthen-9-one,,KTALPKYXQZGAEG-UHFFFAOYSA-N,explicit_isopropyl_thioxanthone_or_ITX_relation+frozen_rdkit_validated_global_exact_alias+rdkit_exact_inchikey,"Molecular identity correction only; generic token leakage is replaced by an explicit source full name. No numerical evidence, model label, external-validation observation, screening decision, or COMSOL input is created."
SRCENT-0d7e067227e59feb87,zotero_87BWABRN,10.1039/c4tc00706a,thioxanthone,2-isopropyl-9H-thioxanthen-9-one,CC(C)c1ccc2sc3ccccc3c(=O)c2c1,KTALPKYXQZGAEG-UHFFFAOYSA-N,C16H14OS,A_contextual_name_structure,accepted_contextual_fullname_identity,source_context_fullname_plus_frozen_structure_anchor,TXTID-861c00dad9399b33,PDF page 14; embedded-text characters 630-642,outputs\literature_kb_fullname_identity_recovery_20260906\source_pages\zotero_87BWABRN\page_0014.png,1,2-isopropyl-9H-thioxanthen-9-one,,KTALPKYXQZGAEG-UHFFFAOYSA-N,explicit_isopropyl_thioxanthone_or_ITX_relation+frozen_rdkit_validated_global_exact_alias+rdkit_exact_inchikey,"Molecular identity correction only; generic token leakage is replaced by an explicit source full name. No numerical evidence, model label, external-validation observation, screening decision, or COMSOL input is created."
SRCENT-16cd7b6803f52ac6aa,zotero_H86SV53N,10.1021/la803803m,benzophenone,"4,4'-bis(diethylamino)benzophenone (Michler's ethyl ketone)",CCN(CC)c1ccc(C(=O)c2ccc(N(CC)CC)cc2)cc1,VYHBFRJRBHMIQZ-UHFFFAOYSA-N,C21H28N2O,A_contextual_name_structure,accepted_contextual_fullname_identity,source_context_fullname_plus_frozen_structure_anchor,TXTID-389ba16a46aba183;TXTID-61ddaaafca9be5f6;TXTID-b9b1875590c0e517,PDF page 1; embedded-text characters 1250-1262;PDF page 3; embedded-text characters 499-511;PDF page 4; embedded-text characters 770-782,outputs\literature_kb_fullname_identity_recovery_20260906\source_pages\zotero_H86SV53N\page_0001.png;outputs\literature_kb_fullname_identity_recovery_20260906\source_pages\zotero_H86SV53N\page_0003.png;outputs\literature_kb_fullname_identity_recovery_20260906\source_pages\zotero_H86SV53N\page_0004.png,3,"4,4'-bis(diethylamino)benzophenone (Michler's ethyl ketone)",,VYHBFRJRBHMIQZ-UHFFFAOYSA-N,explicit_44_bis_diethylamino_benzophenone_name+frozen_rdkit_validated_global_exact_alias+rdkit_exact_inchikey,"Molecular identity correction only; generic token leakage is replaced by an explicit source full name. No numerical evidence, model label, external-validation observation, screening decision, or COMSOL input is created."
SRCENT-232f778bdb9d05b64c,ZPC-006011,10.1021/ma500612x,camphorquinone,camphorquinone,CC12CCC(C(=O)C1=O)C2(C)C,VNQXSTWCDUXYEZ-UHFFFAOYSA-N,C10H14O2,A_contextual_name_structure,accepted_contextual_fullname_identity,source_context_fullname_plus_frozen_structure_anchor,TXTID-228bb70efd557f0f;TXTID-adc95ddd4b18d17e,PDF page 1; embedded-text characters 1438-1452;PDF page 5; embedded-text characters 1704-1718,outputs\literature_kb_fullname_identity_recovery_20260906\source_pages\ZPC-006011\page_0001.png;outputs\literature_kb_fullname_identity_recovery_20260906\source_pages\ZPC-006011\page_0005.png,2,camphorquinone,25208,VNQXSTWCDUXYEZ-UHFFFAOYSA-N,explicit_camphorquinone_CQ_relation+unanimous_multisource_text_pubchem_identity+rdkit_exact_inchikey,"Molecular identity correction only; generic token leakage is replaced by an explicit source full name. No numerical evidence, model label, external-validation observation, screening decision, or COMSOL input is created."
SRCENT-3cd37af14dd9642142,ZPC-005874,10.1515/nanoph-2022-0611,benzophenone,"4,4'-bis(diethylamino)benzophenone (Michler's ethyl ketone)",CCN(CC)c1ccc(C(=O)c2ccc(N(CC)CC)cc2)cc1,VYHBFRJRBHMIQZ-UHFFFAOYSA-N,C21H28N2O,A_contextual_name_structure,accepted_contextual_fullname_identity,source_context_fullname_plus_frozen_structure_anchor,TXTID-2bd679033278d942,PDF page 5; embedded-text characters 3940-3952,outputs\literature_kb_fullname_identity_recovery_20260906\source_pages\ZPC-005874\page_0005.png,1,"4,4'-bis(diethylamino)benzophenone (Michler's ethyl ketone)",,VYHBFRJRBHMIQZ-UHFFFAOYSA-N,explicit_44_bis_diethylamino_benzophenone_name+frozen_rdkit_validated_global_exact_alias+rdkit_exact_inchikey,"Molecular identity correction only; generic token leakage is replaced by an explicit source full name. No numerical evidence, model label, external-validation observation, screening decision, or COMSOL input is created."
SRCENT-552eb503a9aa56f233,ZPC-005874,10.1515/nanoph-2022-0611,thioxanthone,2-isopropyl-9H-thioxanthen-9-one,CC(C)c1ccc2sc3ccccc3c(=O)c2c1,KTALPKYXQZGAEG-UHFFFAOYSA-N,C16H14OS,A_contextual_name_structure,accepted_contextual_fullname_identity,source_context_fullname_plus_frozen_structure_anchor,TXTID-0b2465b31edc8194;TXTID-3a8e72dc265cc2d6;TXTID-b415f6c64ec38ad8,PDF page 10; embedded-text characters 208-220;PDF page 10; embedded-text characters 2605-2617;PDF page 2; embedded-text characters 2166-2178,outputs\literature_kb_fullname_identity_recovery_20260906\source_pages\ZPC-005874\page_0002.png;outputs\literature_kb_fullname_identity_recovery_20260906\source_pages\ZPC-005874\page_0010.png,3,2-isopropyl-9H-thioxanthen-9-one,,KTALPKYXQZGAEG-UHFFFAOYSA-N,explicit_isopropyl_thioxanthone_or_ITX_relation+frozen_rdkit_validated_global_exact_alias+rdkit_exact_inchikey,"Molecular identity correction only; generic token leakage is replaced by an explicit source full name. No numerical evidence, model label, external-validation observation, screening decision, or COMSOL input is created."
SRCENT-d222cc8e85c04a0ca6,ZPC-004762,10.1021/acs.macromol.8b02640,thioxanthone,2-isopropyl-9H-thioxanthen-9-one,CC(C)c1ccc2sc3ccccc3c(=O)c2c1,KTALPKYXQZGAEG-UHFFFAOYSA-N,C16H14OS,A_contextual_name_structure,accepted_contextual_fullname_identity,source_context_fullname_plus_frozen_structure_anchor,TXTID-114db4301ffa12f7;TXTID-20fd1bfde07b3dcb;TXTID-443e3e0ec6cdc7bc,PDF page 6; embedded-text characters 1066-1078;PDF page 6; embedded-text characters 577-589;PDF page 8; embedded-text characters 614-626,outputs\literature_kb_fullname_identity_recovery_20260906\source_pages\ZPC-004762\page_0006.png;outputs\literature_kb_fullname_identity_recovery_20260906\source_pages\ZPC-004762\page_0008.png,3,2-isopropyl-9H-thioxanthen-9-one,,KTALPKYXQZGAEG-UHFFFAOYSA-N,explicit_isopropyl_thioxanthone_or_ITX_relation+frozen_rdkit_validated_global_exact_alias+rdkit_exact_inchikey,"Molecular identity correction only; generic token leakage is replaced by an explicit source full name. No numerical evidence, model label, external-validation observation, screening decision, or COMSOL input is created."
SRCENT-f00966f6c0f1a5a48a,zotero_SRU6DZHE,10.1021/acs.macromol.0c01518,benzophenone,"4,4'-bis(diethylamino)benzophenone (Michler's ethyl ketone)",CCN(CC)c1ccc(C(=O)c2ccc(N(CC)CC)cc2)cc1,VYHBFRJRBHMIQZ-UHFFFAOYSA-N,C21H28N2O,A_contextual_name_structure,accepted_contextual_fullname_identity,source_context_fullname_plus_frozen_structure_anchor,TXTID-0e228af25510cbdb;TXTID-83f0315a6bd3f71f;TXTID-ade182902593839f;TXTID-fdb076689a60d32f,PDF page 2; embedded-text characters 3322-3334;PDF page 3; embedded-text characters 1819-1831;PDF page 3; embedded-text characters 2655-2667;PDF page 6; embedded-text characters 3260-3272,outputs\literature_kb_fullname_identity_recovery_20260906\source_pages\zotero_SRU6DZHE\page_0002.png;outputs\literature_kb_fullname_identity_recovery_20260906\source_pages\zotero_SRU6DZHE\page_0003.png;outputs\literature_kb_fullname_identity_recovery_20260906\source_pages\zotero_SRU6DZHE\page_0006.png,4,"4,4'-bis(diethylamino)benzophenone (Michler's ethyl ketone)",,VYHBFRJRBHMIQZ-UHFFFAOYSA-N,explicit_44_bis_diethylamino_benzophenone_name+frozen_rdkit_validated_global_exact_alias+rdkit_exact_inchikey,"Molecular identity correction only; generic token leakage is replaced by an explicit source full name. No numerical evidence, model label, external-validation observation, screening decision, or COMSOL input is created."
